name,dir,path,size_bytes,size_human,mtime_epoch,mtime_iso
file_1_2M.bin,/mnt/lustre/tree,/mnt/lustre/tree/file_1_2M.bin,2097152,2.0M,1789014595,2026-09-10T04:29:55+00:00
file_6_9M.bin,/mnt/lustre/tree,/mnt/lustre/tree/file_6_9M.bin,9437184,9.0M,1789014595,2026-09-10T04:29:55+00:00
file_4_1M.bin,/mnt/lustre/tree,/mnt/lustre/tree/file_4_1M.bin,1048576,1.0M,1789014595,2026-09-10T04:29:55+00:00
file_8_2M.bin,/mnt/lustre/tree,/mnt/lustre/tree/file_8_2M.bin,2097152,2.0M,1789014595,2026-09-10T04:29:55+00:00
file_7_2M.bin,/mnt/lustre/tree,/mnt/lustre/tree/file_7_2M.bin,2097152,2.0M,1789014595,2026-09-10T04:29:55+00:00
file_2_7M.bin,/mnt/lustre/tree,/mnt/lustre/tree/file_2_7M.bin,7340032,7.0M,1789014595,2026-09-10T04:29:55+00:00
file_9_6M.bin,/mnt/lustre/tree,/mnt/lustre/tree/file_9_6M.bin,6291456,6.0M,1789014595,2026-09-10T04:29:55+00:00
file_10_3M.bin,/mnt/lustre/tree,/mnt/lustre/tree/file_10_3M.bin,3145728,3.0M,1789014595,2026-09-10T04:29:55+00:00
file_5_8M.bin,/mnt/lustre/tree,/mnt/lustre/tree/file_5_8M.bin,8388608,8.0M,1789014595,2026-09-10T04:29:55+00:00
file_3_8M.bin,/mnt/lustre/tree,/mnt/lustre/tree/file_3_8M.bin,8388608,8.0M,1789014595,2026-09-10T04:29:55+00:00
file_5_10M.bin,/mnt/lustre/tree/d1_3,/mnt/lustre/tree/d1_3/file_5_10M.bin,10485760,10.0M,1789014611,2026-09-10T04:30:11+00:00
file_1_10M.bin,/mnt/lustre/tree/d1_3,/mnt/lustre/tree/d1_3/file_1_10M.bin,10485760,10.0M,1789014610,2026-09-10T04:30:10+00:00
file_4_2M.bin,/mnt/lustre/tree/d1_3,/mnt/lustre/tree/d1_3/file_4_2M.bin,2097152,2.0M,1789014611,2026-09-10T04:30:11+00:00
file_9_3M.bin,/mnt/lustre/tree/d1_3,/mnt/lustre/tree/d1_3/file_9_3M.bin,3145728,3.0M,1789014611,2026-09-10T04:30:11+00:00
file_8_10M.bin,/mnt/lustre/tree/d1_3,/mnt/lustre/tree/d1_3/file_8_10M.bin,10485760,10.0M,1789014611,2026-09-10T04:30:11+00:00
file_10_7M.bin,/mnt/lustre/tree/d1_3,/mnt/lustre/tree/d1_3/file_10_7M.bin,7340032,7.0M,1789014611,2026-09-10T04:30:11+00:00
file_3_6M.bin,/mnt/lustre/tree/d1_3,/mnt/lustre/tree/d1_3/file_3_6M.bin,6291456,6.0M,1789014611,2026-09-10T04:30:11+00:00
file_6_9M.bin,/mnt/lustre/tree/d1_3,/mnt/lustre/tree/d1_3/file_6_9M.bin,9437184,9.0M,1789014611,2026-09-10T04:30:11+00:00
file_7_2M.bin,/mnt/lustre/tree/d1_3,/mnt/lustre/tree/d1_3/file_7_2M.bin,2097152,2.0M,1789014611,2026-09-10T04:30:11+00:00
file_2_1M.bin,/mnt/lustre/tree/d1_3,/mnt/lustre/tree/d1_3/file_2_1M.bin,1048576,1.0M,1789014610,2026-09-10T04:30:10+00:00
file_3_6M.bin,/mnt/lustre/tree/d1_3/d2_4,/mnt/lustre/tree/d1_3/d2_4/file_3_6M.bin,6291456,6.0M,1789014616,2026-09-10T04:30:16+00:00
file_9_8M.bin,/mnt/lustre/tree/d1_3/d2_4,/mnt/lustre/tree/d1_3/d2_4/file_9_8M.bin,8388608,8.0M,1789014616,2026-09-10T04:30:16+00:00
file_8_10M.bin,/mnt/lustre/tree/d1_3/d2_4,/mnt/lustre/tree/d1_3/d2_4/file_8_10M.bin,10485760,10.0M,1789014616,2026-09-10T04:30:16+00:00
file_6_10M.bin,/mnt/lustre/tree/d1_3/d2_4,/mnt/lustre/tree/d1_3/d2_4/file_6_10M.bin,10485760,10.0M,1789014616,2026-09-10T04:30:16+00:00
file_1_5M.bin,/mnt/lustre/tree/d1_3/d2_4,/mnt/lustre/tree/d1_3/d2_4/file_1_5M.bin,5242880,5.0M,1789014616,2026-09-10T04:30:16+00:00
file_10_10M.bin,/mnt/lustre/tree/d1_3/d2_4,/mnt/lustre/tree/d1_3/d2_4/file_10_10M.bin,10485760,10.0M,1789014616,2026-09-10T04:30:16+00:00
file_4_3M.bin,/mnt/lustre/tree/d1_3/d2_4,/mnt/lustre/tree/d1_3/d2_4/file_4_3M.bin,3145728,3.0M,1789014616,2026-09-10T04:30:16+00:00
file_7_9M.bin,/mnt/lustre/tree/d1_3/d2_4,/mnt/lustre/tree/d1_3/d2_4/file_7_9M.bin,9437184,9.0M,1789014616,2026-09-10T04:30:16+00:00
file_5_1M.bin,/mnt/lustre/tree/d1_3/d2_4,/mnt/lustre/tree/d1_3/d2_4/file_5_1M.bin,1048576,1.0M,1789014616,2026-09-10T04:30:16+00:00
file_2_6M.bin,/mnt/lustre/tree/d1_3/d2_4,/mnt/lustre/tree/d1_3/d2_4/file_2_6M.bin,6291456,6.0M,1789014616,2026-09-10T04:30:16+00:00
file_2_9M.bin,/mnt/lustre/tree/d1_3/d2_4/d3_3,/mnt/lustre/tree/d1_3/d2_4/d3_3/file_2_9M.bin,9437184,9.0M,1789014617,2026-09-10T04:30:17+00:00
file_6_8M.bin,/mnt/lustre/tree/d1_3/d2_4/d3_3,/mnt/lustre/tree/d1_3/d2_4/d3_3/file_6_8M.bin,8388608,8.0M,1789014617,2026-09-10T04:30:17+00:00
file_5_6M.bin,/mnt/lustre/tree/d1_3/d2_4/d3_3,/mnt/lustre/tree/d1_3/d2_4/d3_3/file_5_6M.bin,6291456,6.0M,1789014617,2026-09-10T04:30:17+00:00
file_3_2M.bin,/mnt/lustre/tree/d1_3/d2_4/d3_3,/mnt/lustre/tree/d1_3/d2_4/d3_3/file_3_2M.bin,2097152,2.0M,1789014617,2026-09-10T04:30:17+00:00
file_10_3M.bin,/mnt/lustre/tree/d1_3/d2_4/d3_3,/mnt/lustre/tree/d1_3/d2_4/d3_3/file_10_3M.bin,3145728,3.0M,1789014617,2026-09-10T04:30:17+00:00
file_9_9M.bin,/mnt/lustre/tree/d1_3/d2_4/d3_3,/mnt/lustre/tree/d1_3/d2_4/d3_3/file_9_9M.bin,9437184,9.0M,1789014617,2026-09-10T04:30:17+00:00
file_4_7M.bin,/mnt/lustre/tree/d1_3/d2_4/d3_3,/mnt/lustre/tree/d1_3/d2_4/d3_3/file_4_7M.bin,7340032,7.0M,1789014617,2026-09-10T04:30:17+00:00
file_1_8M.bin,/mnt/lustre/tree/d1_3/d2_4/d3_3,/mnt/lustre/tree/d1_3/d2_4/d3_3/file_1_8M.bin,8388608,8.0M,1789014617,2026-09-10T04:30:17+00:00
file_7_5M.bin,/mnt/lustre/tree/d1_3/d2_4/d3_3,/mnt/lustre/tree/d1_3/d2_4/d3_3/file_7_5M.bin,5242880,5.0M,1789014617,2026-09-10T04:30:17+00:00
file_8_8M.bin,/mnt/lustre/tree/d1_3/d2_4/d3_3,/mnt/lustre/tree/d1_3/d2_4/d3_3/file_8_8M.bin,8388608,8.0M,1789014617,2026-09-10T04:30:17+00:00
file_7_4M.bin,/mnt/lustre/tree/d1_3/d2_4/d3_4,/mnt/lustre/tree/d1_3/d2_4/d3_4/file_7_4M.bin,4194304,4.0M,1789014617,2026-09-10T04:30:17+00:00
file_9_2M.bin,/mnt/lustre/tree/d1_3/d2_4/d3_4,/mnt/lustre/tree/d1_3/d2_4/d3_4/file_9_2M.bin,2097152,2.0M,1789014617,2026-09-10T04:30:17+00:00
file_8_4M.bin,/mnt/lustre/tree/d1_3/d2_4/d3_4,/mnt/lustre/tree/d1_3/d2_4/d3_4/file_8_4M.bin,4194304,4.0M,1789014617,2026-09-10T04:30:17+00:00
file_1_3M.bin,/mnt/lustre/tree/d1_3/d2_4/d3_4,/mnt/lustre/tree/d1_3/d2_4/d3_4/file_1_3M.bin,3145728,3.0M,1789014617,2026-09-10T04:30:17+00:00
file_10_5M.bin,/mnt/lustre/tree/d1_3/d2_4/d3_4,/mnt/lustre/tree/d1_3/d2_4/d3_4/file_10_5M.bin,5242880,5.0M,1789014617,2026-09-10T04:30:17+00:00
file_4_4M.bin,/mnt/lustre/tree/d1_3/d2_4/d3_4,/mnt/lustre/tree/d1_3/d2_4/d3_4/file_4_4M.bin,4194304,4.0M,1789014617,2026-09-10T04:30:17+00:00
file_6_10M.bin,/mnt/lustre/tree/d1_3/d2_4/d3_4,/mnt/lustre/tree/d1_3/d2_4/d3_4/file_6_10M.bin,10485760,10.0M,1789014617,2026-09-10T04:30:17+00:00
file_5_6M.bin,/mnt/lustre/tree/d1_3/d2_4/d3_4,/mnt/lustre/tree/d1_3/d2_4/d3_4/file_5_6M.bin,6291456,6.0M,1789014617,2026-09-10T04:30:17+00:00
file_3_7M.bin,/mnt/lustre/tree/d1_3/d2_4/d3_4,/mnt/lustre/tree/d1_3/d2_4/d3_4/file_3_7M.bin,7340032,7.0M,1789014617,2026-09-10T04:30:17+00:00
file_2_4M.bin,/mnt/lustre/tree/d1_3/d2_4/d3_4,/mnt/lustre/tree/d1_3/d2_4/d3_4/file_2_4M.bin,4194304,4.0M,1789014617,2026-09-10T04:30:17+00:00
file_10_4M.bin,/mnt/lustre/tree/d1_3/d2_4/d3_5,/mnt/lustre/tree/d1_3/d2_4/d3_5/file_10_4M.bin,4194304,4.0M,1789014617,2026-09-10T04:30:17+00:00
file_4_1M.bin,/mnt/lustre/tree/d1_3/d2_4/d3_5,/mnt/lustre/tree/d1_3/d2_4/d3_5/file_4_1M.bin,1048576,1.0M,1789014617,2026-09-10T04:30:17+00:00
file_8_7M.bin,/mnt/lustre/tree/d1_3/d2_4/d3_5,/mnt/lustre/tree/d1_3/d2_4/d3_5/file_8_7M.bin,7340032,7.0M,1789014617,2026-09-10T04:30:17+00:00
file_3_7M.bin,/mnt/lustre/tree/d1_3/d2_4/d3_5,/mnt/lustre/tree/d1_3/d2_4/d3_5/file_3_7M.bin,7340032,7.0M,1789014617,2026-09-10T04:30:17+00:00
file_5_2M.bin,/mnt/lustre/tree/d1_3/d2_4/d3_5,/mnt/lustre/tree/d1_3/d2_4/d3_5/file_5_2M.bin,2097152,2.0M,1789014617,2026-09-10T04:30:17+00:00
file_9_4M.bin,/mnt/lustre/tree/d1_3/d2_4/d3_5,/mnt/lustre/tree/d1_3/d2_4/d3_5/file_9_4M.bin,4194304,4.0M,1789014617,2026-09-10T04:30:17+00:00
file_2_9M.bin,/mnt/lustre/tree/d1_3/d2_4/d3_5,/mnt/lustre/tree/d1_3/d2_4/d3_5/file_2_9M.bin,9437184,9.0M,1789014617,2026-09-10T04:30:17+00:00
file_6_2M.bin,/mnt/lustre/tree/d1_3/d2_4/d3_5,/mnt/lustre/tree/d1_3/d2_4/d3_5/file_6_2M.bin,2097152,2.0M,1789014617,2026-09-10T04:30:17+00:00
file_1_4M.bin,/mnt/lustre/tree/d1_3/d2_4/d3_5,/mnt/lustre/tree/d1_3/d2_4/d3_5/file_1_4M.bin,4194304,4.0M,1789014617,2026-09-10T04:30:17+00:00
file_7_9M.bin,/mnt/lustre/tree/d1_3/d2_4/d3_5,/mnt/lustre/tree/d1_3/d2_4/d3_5/file_7_9M.bin,9437184,9.0M,1789014617,2026-09-10T04:30:17+00:00
file_6_3M.bin,/mnt/lustre/tree/d1_3/d2_4/d3_2,/mnt/lustre/tree/d1_3/d2_4/d3_2/file_6_3M.bin,3145728,3.0M,1789014616,2026-09-10T04:30:16+00:00
file_7_5M.bin,/mnt/lustre/tree/d1_3/d2_4/d3_2,/mnt/lustre/tree/d1_3/d2_4/d3_2/file_7_5M.bin,5242880,5.0M,1789014616,2026-09-10T04:30:16+00:00
file_10_3M.bin,/mnt/lustre/tree/d1_3/d2_4/d3_2,/mnt/lustre/tree/d1_3/d2_4/d3_2/file_10_3M.bin,3145728,3.0M,1789014616,2026-09-10T04:30:16+00:00
file_8_9M.bin,/mnt/lustre/tree/d1_3/d2_4/d3_2,/mnt/lustre/tree/d1_3/d2_4/d3_2/file_8_9M.bin,9437184,9.0M,1789014616,2026-09-10T04:30:16+00:00
file_9_1M.bin,/mnt/lustre/tree/d1_3/d2_4/d3_2,/mnt/lustre/tree/d1_3/d2_4/d3_2/file_9_1M.bin,1048576,1.0M,1789014616,2026-09-10T04:30:16+00:00
file_2_10M.bin,/mnt/lustre/tree/d1_3/d2_4/d3_2,/mnt/lustre/tree/d1_3/d2_4/d3_2/file_2_10M.bin,10485760,10.0M,1789014616,2026-09-10T04:30:16+00:00
file_1_6M.bin,/mnt/lustre/tree/d1_3/d2_4/d3_2,/mnt/lustre/tree/d1_3/d2_4/d3_2/file_1_6M.bin,6291456,6.0M,1789014616,2026-09-10T04:30:16+00:00
file_4_9M.bin,/mnt/lustre/tree/d1_3/d2_4/d3_2,/mnt/lustre/tree/d1_3/d2_4/d3_2/file_4_9M.bin,9437184,9.0M,1789014616,2026-09-10T04:30:16+00:00
file_3_7M.bin,/mnt/lustre/tree/d1_3/d2_4/d3_2,/mnt/lustre/tree/d1_3/d2_4/d3_2/file_3_7M.bin,7340032,7.0M,1789014616,2026-09-10T04:30:16+00:00
file_5_2M.bin,/mnt/lustre/tree/d1_3/d2_4/d3_2,/mnt/lustre/tree/d1_3/d2_4/d3_2/file_5_2M.bin,2097152,2.0M,1789014616,2026-09-10T04:30:16+00:00
file_9_9M.bin,/mnt/lustre/tree/d1_3/d2_4/d3_1,/mnt/lustre/tree/d1_3/d2_4/d3_1/file_9_9M.bin,9437184,9.0M,1789014616,2026-09-10T04:30:16+00:00
file_4_9M.bin,/mnt/lustre/tree/d1_3/d2_4/d3_1,/mnt/lustre/tree/d1_3/d2_4/d3_1/file_4_9M.bin,9437184,9.0M,1789014616,2026-09-10T04:30:16+00:00
file_5_6M.bin,/mnt/lustre/tree/d1_3/d2_4/d3_1,/mnt/lustre/tree/d1_3/d2_4/d3_1/file_5_6M.bin,6291456,6.0M,1789014616,2026-09-10T04:30:16+00:00
file_6_4M.bin,/mnt/lustre/tree/d1_3/d2_4/d3_1,/mnt/lustre/tree/d1_3/d2_4/d3_1/file_6_4M.bin,4194304,4.0M,1789014616,2026-09-10T04:30:16+00:00
file_10_2M.bin,/mnt/lustre/tree/d1_3/d2_4/d3_1,/mnt/lustre/tree/d1_3/d2_4/d3_1/file_10_2M.bin,2097152,2.0M,1789014616,2026-09-10T04:30:16+00:00
file_7_8M.bin,/mnt/lustre/tree/d1_3/d2_4/d3_1,/mnt/lustre/tree/d1_3/d2_4/d3_1/file_7_8M.bin,8388608,8.0M,1789014616,2026-09-10T04:30:16+00:00
file_2_7M.bin,/mnt/lustre/tree/d1_3/d2_4/d3_1,/mnt/lustre/tree/d1_3/d2_4/d3_1/file_2_7M.bin,7340032,7.0M,1789014616,2026-09-10T04:30:16+00:00
file_3_9M.bin,/mnt/lustre/tree/d1_3/d2_4/d3_1,/mnt/lustre/tree/d1_3/d2_4/d3_1/file_3_9M.bin,9437184,9.0M,1789014616,2026-09-10T04:30:16+00:00
file_8_9M.bin,/mnt/lustre/tree/d1_3/d2_4/d3_1,/mnt/lustre/tree/d1_3/d2_4/d3_1/file_8_9M.bin,9437184,9.0M,1789014616,2026-09-10T04:30:16+00:00
file_1_4M.bin,/mnt/lustre/tree/d1_3/d2_4/d3_1,/mnt/lustre/tree/d1_3/d2_4/d3_1/file_1_4M.bin,4194304,4.0M,1789014616,2026-09-10T04:30:16+00:00
file_4_1M.bin,/mnt/lustre/tree/d1_3/d2_3,/mnt/lustre/tree/d1_3/d2_3/file_4_1M.bin,1048576,1.0M,1789014614,2026-09-10T04:30:14+00:00
file_8_10M.bin,/mnt/lustre/tree/d1_3/d2_3,/mnt/lustre/tree/d1_3/d2_3/file_8_10M.bin,10485760,10.0M,1789014614,2026-09-10T04:30:14+00:00
file_10_7M.bin,/mnt/lustre/tree/d1_3/d2_3,/mnt/lustre/tree/d1_3/d2_3/file_10_7M.bin,7340032,7.0M,1789014614,2026-09-10T04:30:14+00:00
file_9_9M.bin,/mnt/lustre/tree/d1_3/d2_3,/mnt/lustre/tree/d1_3/d2_3/file_9_9M.bin,9437184,9.0M,1789014614,2026-09-10T04:30:14+00:00
file_7_3M.bin,/mnt/lustre/tree/d1_3/d2_3,/mnt/lustre/tree/d1_3/d2_3/file_7_3M.bin,3145728,3.0M,1789014614,2026-09-10T04:30:14+00:00
file_2_10M.bin,/mnt/lustre/tree/d1_3/d2_3,/mnt/lustre/tree/d1_3/d2_3/file_2_10M.bin,10485760,10.0M,1789014614,2026-09-10T04:30:14+00:00
file_5_1M.bin,/mnt/lustre/tree/d1_3/d2_3,/mnt/lustre/tree/d1_3/d2_3/file_5_1M.bin,1048576,1.0M,1789014614,2026-09-10T04:30:14+00:00
file_6_6M.bin,/mnt/lustre/tree/d1_3/d2_3,/mnt/lustre/tree/d1_3/d2_3/file_6_6M.bin,6291456,6.0M,1789014614,2026-09-10T04:30:14+00:00
file_1_1M.bin,/mnt/lustre/tree/d1_3/d2_3,/mnt/lustre/tree/d1_3/d2_3/file_1_1M.bin,1048576,1.0M,1789014614,2026-09-10T04:30:14+00:00
file_3_5M.bin,/mnt/lustre/tree/d1_3/d2_3,/mnt/lustre/tree/d1_3/d2_3/file_3_5M.bin,5242880,5.0M,1789014614,2026-09-10T04:30:14+00:00
file_1_3M.bin,/mnt/lustre/tree/d1_3/d2_3/d3_1,/mnt/lustre/tree/d1_3/d2_3/d3_1/file_1_3M.bin,3145728,3.0M,1789014614,2026-09-10T04:30:14+00:00
file_4_5M.bin,/mnt/lustre/tree/d1_3/d2_3/d3_1,/mnt/lustre/tree/d1_3/d2_3/d3_1/file_4_5M.bin,5242880,5.0M,1789014614,2026-09-10T04:30:14+00:00
file_10_5M.bin,/mnt/lustre/tree/d1_3/d2_3/d3_1,/mnt/lustre/tree/d1_3/d2_3/d3_1/file_10_5M.bin,5242880,5.0M,1789014615,2026-09-10T04:30:15+00:00
file_6_7M.bin,/mnt/lustre/tree/d1_3/d2_3/d3_1,/mnt/lustre/tree/d1_3/d2_3/d3_1/file_6_7M.bin,7340032,7.0M,1789014615,2026-09-10T04:30:15+00:00
file_8_5M.bin,/mnt/lustre/tree/d1_3/d2_3/d3_1,/mnt/lustre/tree/d1_3/d2_3/d3_1/file_8_5M.bin,5242880,5.0M,1789014615,2026-09-10T04:30:15+00:00
file_2_2M.bin,/mnt/lustre/tree/d1_3/d2_3/d3_1,/mnt/lustre/tree/d1_3/d2_3/d3_1/file_2_2M.bin,2097152,2.0M,1789014614,2026-09-10T04:30:14+00:00
file_3_1M.bin,/mnt/lustre/tree/d1_3/d2_3/d3_1,/mnt/lustre/tree/d1_3/d2_3/d3_1/file_3_1M.bin,1048576,1.0M,1789014614,2026-09-10T04:30:14+00:00
file_9_6M.bin,/mnt/lustre/tree/d1_3/d2_3/d3_1,/mnt/lustre/tree/d1_3/d2_3/d3_1/file_9_6M.bin,6291456,6.0M,1789014615,2026-09-10T04:30:15+00:00
file_5_8M.bin,/mnt/lustre/tree/d1_3/d2_3/d3_1,/mnt/lustre/tree/d1_3/d2_3/d3_1/file_5_8M.bin,8388608,8.0M,1789014614,2026-09-10T04:30:14+00:00
file_7_4M.bin,/mnt/lustre/tree/d1_3/d2_3/d3_1,/mnt/lustre/tree/d1_3/d2_3/d3_1/file_7_4M.bin,4194304,4.0M,1789014615,2026-09-10T04:30:15+00:00
file_3_5M.bin,/mnt/lustre/tree/d1_3/d2_3/d3_2,/mnt/lustre/tree/d1_3/d2_3/d3_2/file_3_5M.bin,5242880,5.0M,1789014615,2026-09-10T04:30:15+00:00
file_2_3M.bin,/mnt/lustre/tree/d1_3/d2_3/d3_2,/mnt/lustre/tree/d1_3/d2_3/d3_2/file_2_3M.bin,3145728,3.0M,1789014615,2026-09-10T04:30:15+00:00
file_1_9M.bin,/mnt/lustre/tree/d1_3/d2_3/d3_2,/mnt/lustre/tree/d1_3/d2_3/d3_2/file_1_9M.bin,9437184,9.0M,1789014615,2026-09-10T04:30:15+00:00
file_9_6M.bin,/mnt/lustre/tree/d1_3/d2_3/d3_2,/mnt/lustre/tree/d1_3/d2_3/d3_2/file_9_6M.bin,6291456,6.0M,1789014615,2026-09-10T04:30:15+00:00
file_4_1M.bin,/mnt/lustre/tree/d1_3/d2_3/d3_2,/mnt/lustre/tree/d1_3/d2_3/d3_2/file_4_1M.bin,1048576,1.0M,1789014615,2026-09-10T04:30:15+00:00
file_6_9M.bin,/mnt/lustre/tree/d1_3/d2_3/d3_2,/mnt/lustre/tree/d1_3/d2_3/d3_2/file_6_9M.bin,9437184,9.0M,1789014615,2026-09-10T04:30:15+00:00
file_10_2M.bin,/mnt/lustre/tree/d1_3/d2_3/d3_2,/mnt/lustre/tree/d1_3/d2_3/d3_2/file_10_2M.bin,2097152,2.0M,1789014615,2026-09-10T04:30:15+00:00
file_5_3M.bin,/mnt/lustre/tree/d1_3/d2_3/d3_2,/mnt/lustre/tree/d1_3/d2_3/d3_2/file_5_3M.bin,3145728,3.0M,1789014615,2026-09-10T04:30:15+00:00
file_8_10M.bin,/mnt/lustre/tree/d1_3/d2_3/d3_2,/mnt/lustre/tree/d1_3/d2_3/d3_2/file_8_10M.bin,10485760,10.0M,1789014615,2026-09-10T04:30:15+00:00
file_7_2M.bin,/mnt/lustre/tree/d1_3/d2_3/d3_2,/mnt/lustre/tree/d1_3/d2_3/d3_2/file_7_2M.bin,2097152,2.0M,1789014615,2026-09-10T04:30:15+00:00
file_3_3M.bin,/mnt/lustre/tree/d1_3/d2_3/d3_5,/mnt/lustre/tree/d1_3/d2_3/d3_5/file_3_3M.bin,3145728,3.0M,1789014615,2026-09-10T04:30:15+00:00
file_4_4M.bin,/mnt/lustre/tree/d1_3/d2_3/d3_5,/mnt/lustre/tree/d1_3/d2_3/d3_5/file_4_4M.bin,4194304,4.0M,1789014615,2026-09-10T04:30:15+00:00
file_1_10M.bin,/mnt/lustre/tree/d1_3/d2_3/d3_5,/mnt/lustre/tree/d1_3/d2_3/d3_5/file_1_10M.bin,10485760,10.0M,1789014615,2026-09-10T04:30:15+00:00
file_9_9M.bin,/mnt/lustre/tree/d1_3/d2_3/d3_5,/mnt/lustre/tree/d1_3/d2_3/d3_5/file_9_9M.bin,9437184,9.0M,1789014616,2026-09-10T04:30:16+00:00
file_10_7M.bin,/mnt/lustre/tree/d1_3/d2_3/d3_5,/mnt/lustre/tree/d1_3/d2_3/d3_5/file_10_7M.bin,7340032,7.0M,1789014616,2026-09-10T04:30:16+00:00
file_7_3M.bin,/mnt/lustre/tree/d1_3/d2_3/d3_5,/mnt/lustre/tree/d1_3/d2_3/d3_5/file_7_3M.bin,3145728,3.0M,1789014616,2026-09-10T04:30:16+00:00
file_8_10M.bin,/mnt/lustre/tree/d1_3/d2_3/d3_5,/mnt/lustre/tree/d1_3/d2_3/d3_5/file_8_10M.bin,10485760,10.0M,1789014616,2026-09-10T04:30:16+00:00
file_6_9M.bin,/mnt/lustre/tree/d1_3/d2_3/d3_5,/mnt/lustre/tree/d1_3/d2_3/d3_5/file_6_9M.bin,9437184,9.0M,1789014616,2026-09-10T04:30:16+00:00
file_5_9M.bin,/mnt/lustre/tree/d1_3/d2_3/d3_5,/mnt/lustre/tree/d1_3/d2_3/d3_5/file_5_9M.bin,9437184,9.0M,1789014616,2026-09-10T04:30:16+00:00
file_2_6M.bin,/mnt/lustre/tree/d1_3/d2_3/d3_5,/mnt/lustre/tree/d1_3/d2_3/d3_5/file_2_6M.bin,6291456,6.0M,1789014615,2026-09-10T04:30:15+00:00
file_10_10M.bin,/mnt/lustre/tree/d1_3/d2_3/d3_4,/mnt/lustre/tree/d1_3/d2_3/d3_4/file_10_10M.bin,10485760,10.0M,1789014615,2026-09-10T04:30:15+00:00
file_8_5M.bin,/mnt/lustre/tree/d1_3/d2_3/d3_4,/mnt/lustre/tree/d1_3/d2_3/d3_4/file_8_5M.bin,5242880,5.0M,1789014615,2026-09-10T04:30:15+00:00
file_7_8M.bin,/mnt/lustre/tree/d1_3/d2_3/d3_4,/mnt/lustre/tree/d1_3/d2_3/d3_4/file_7_8M.bin,8388608,8.0M,1789014615,2026-09-10T04:30:15+00:00
file_1_9M.bin,/mnt/lustre/tree/d1_3/d2_3/d3_4,/mnt/lustre/tree/d1_3/d2_3/d3_4/file_1_9M.bin,9437184,9.0M,1789014615,2026-09-10T04:30:15+00:00
file_9_2M.bin,/mnt/lustre/tree/d1_3/d2_3/d3_4,/mnt/lustre/tree/d1_3/d2_3/d3_4/file_9_2M.bin,2097152,2.0M,1789014615,2026-09-10T04:30:15+00:00
file_5_2M.bin,/mnt/lustre/tree/d1_3/d2_3/d3_4,/mnt/lustre/tree/d1_3/d2_3/d3_4/file_5_2M.bin,2097152,2.0M,1789014615,2026-09-10T04:30:15+00:00
file_6_10M.bin,/mnt/lustre/tree/d1_3/d2_3/d3_4,/mnt/lustre/tree/d1_3/d2_3/d3_4/file_6_10M.bin,10485760,10.0M,1789014615,2026-09-10T04:30:15+00:00
file_2_8M.bin,/mnt/lustre/tree/d1_3/d2_3/d3_4,/mnt/lustre/tree/d1_3/d2_3/d3_4/file_2_8M.bin,8388608,8.0M,1789014615,2026-09-10T04:30:15+00:00
file_4_9M.bin,/mnt/lustre/tree/d1_3/d2_3/d3_4,/mnt/lustre/tree/d1_3/d2_3/d3_4/file_4_9M.bin,9437184,9.0M,1789014615,2026-09-10T04:30:15+00:00
file_3_2M.bin,/mnt/lustre/tree/d1_3/d2_3/d3_4,/mnt/lustre/tree/d1_3/d2_3/d3_4/file_3_2M.bin,2097152,2.0M,1789014615,2026-09-10T04:30:15+00:00
file_4_5M.bin,/mnt/lustre/tree/d1_3/d2_3/d3_3,/mnt/lustre/tree/d1_3/d2_3/d3_3/file_4_5M.bin,5242880,5.0M,1789014615,2026-09-10T04:30:15+00:00
file_10_4M.bin,/mnt/lustre/tree/d1_3/d2_3/d3_3,/mnt/lustre/tree/d1_3/d2_3/d3_3/file_10_4M.bin,4194304,4.0M,1789014615,2026-09-10T04:30:15+00:00
file_2_9M.bin,/mnt/lustre/tree/d1_3/d2_3/d3_3,/mnt/lustre/tree/d1_3/d2_3/d3_3/file_2_9M.bin,9437184,9.0M,1789014615,2026-09-10T04:30:15+00:00
file_8_6M.bin,/mnt/lustre/tree/d1_3/d2_3/d3_3,/mnt/lustre/tree/d1_3/d2_3/d3_3/file_8_6M.bin,6291456,6.0M,1789014615,2026-09-10T04:30:15+00:00
file_6_8M.bin,/mnt/lustre/tree/d1_3/d2_3/d3_3,/mnt/lustre/tree/d1_3/d2_3/d3_3/file_6_8M.bin,8388608,8.0M,1789014615,2026-09-10T04:30:15+00:00
file_3_3M.bin,/mnt/lustre/tree/d1_3/d2_3/d3_3,/mnt/lustre/tree/d1_3/d2_3/d3_3/file_3_3M.bin,3145728,3.0M,1789014615,2026-09-10T04:30:15+00:00
file_5_4M.bin,/mnt/lustre/tree/d1_3/d2_3/d3_3,/mnt/lustre/tree/d1_3/d2_3/d3_3/file_5_4M.bin,4194304,4.0M,1789014615,2026-09-10T04:30:15+00:00
file_7_8M.bin,/mnt/lustre/tree/d1_3/d2_3/d3_3,/mnt/lustre/tree/d1_3/d2_3/d3_3/file_7_8M.bin,8388608,8.0M,1789014615,2026-09-10T04:30:15+00:00
file_1_9M.bin,/mnt/lustre/tree/d1_3/d2_3/d3_3,/mnt/lustre/tree/d1_3/d2_3/d3_3/file_1_9M.bin,9437184,9.0M,1789014615,2026-09-10T04:30:15+00:00
file_9_6M.bin,/mnt/lustre/tree/d1_3/d2_3/d3_3,/mnt/lustre/tree/d1_3/d2_3/d3_3/file_9_6M.bin,6291456,6.0M,1789014615,2026-09-10T04:30:15+00:00
file_1_1M.bin,/mnt/lustre/tree/d1_3/d2_2,/mnt/lustre/tree/d1_3/d2_2/file_1_1M.bin,1048576,1.0M,1789014613,2026-09-10T04:30:13+00:00
file_6_2M.bin,/mnt/lustre/tree/d1_3/d2_2,/mnt/lustre/tree/d1_3/d2_2/file_6_2M.bin,2097152,2.0M,1789014613,2026-09-10T04:30:13+00:00
file_7_4M.bin,/mnt/lustre/tree/d1_3/d2_2,/mnt/lustre/tree/d1_3/d2_2/file_7_4M.bin,4194304,4.0M,1789014613,2026-09-10T04:30:13+00:00
file_5_4M.bin,/mnt/lustre/tree/d1_3/d2_2,/mnt/lustre/tree/d1_3/d2_2/file_5_4M.bin,4194304,4.0M,1789014613,2026-09-10T04:30:13+00:00
file_9_4M.bin,/mnt/lustre/tree/d1_3/d2_2,/mnt/lustre/tree/d1_3/d2_2/file_9_4M.bin,4194304,4.0M,1789014613,2026-09-10T04:30:13+00:00
file_8_10M.bin,/mnt/lustre/tree/d1_3/d2_2,/mnt/lustre/tree/d1_3/d2_2/file_8_10M.bin,10485760,10.0M,1789014613,2026-09-10T04:30:13+00:00
file_10_7M.bin,/mnt/lustre/tree/d1_3/d2_2,/mnt/lustre/tree/d1_3/d2_2/file_10_7M.bin,7340032,7.0M,1789014613,2026-09-10T04:30:13+00:00
file_3_6M.bin,/mnt/lustre/tree/d1_3/d2_2,/mnt/lustre/tree/d1_3/d2_2/file_3_6M.bin,6291456,6.0M,1789014613,2026-09-10T04:30:13+00:00
file_4_1M.bin,/mnt/lustre/tree/d1_3/d2_2,/mnt/lustre/tree/d1_3/d2_2/file_4_1M.bin,1048576,1.0M,1789014613,2026-09-10T04:30:13+00:00
file_2_8M.bin,/mnt/lustre/tree/d1_3/d2_2,/mnt/lustre/tree/d1_3/d2_2/file_2_8M.bin,8388608,8.0M,1789014613,2026-09-10T04:30:13+00:00
file_3_3M.bin,/mnt/lustre/tree/d1_3/d2_2/d3_2,/mnt/lustre/tree/d1_3/d2_2/d3_2/file_3_3M.bin,3145728,3.0M,1789014613,2026-09-10T04:30:13+00:00
file_2_5M.bin,/mnt/lustre/tree/d1_3/d2_2/d3_2,/mnt/lustre/tree/d1_3/d2_2/d3_2/file_2_5M.bin,5242880,5.0M,1789014613,2026-09-10T04:30:13+00:00
file_8_10M.bin,/mnt/lustre/tree/d1_3/d2_2/d3_2,/mnt/lustre/tree/d1_3/d2_2/d3_2/file_8_10M.bin,10485760,10.0M,1789014613,2026-09-10T04:30:13+00:00
file_1_7M.bin,/mnt/lustre/tree/d1_3/d2_2/d3_2,/mnt/lustre/tree/d1_3/d2_2/d3_2/file_1_7M.bin,7340032,7.0M,1789014613,2026-09-10T04:30:13+00:00
file_7_3M.bin,/mnt/lustre/tree/d1_3/d2_2/d3_2,/mnt/lustre/tree/d1_3/d2_2/d3_2/file_7_3M.bin,3145728,3.0M,1789014613,2026-09-10T04:30:13+00:00
file_9_9M.bin,/mnt/lustre/tree/d1_3/d2_2/d3_2,/mnt/lustre/tree/d1_3/d2_2/d3_2/file_9_9M.bin,9437184,9.0M,1789014613,2026-09-10T04:30:13+00:00
file_4_7M.bin,/mnt/lustre/tree/d1_3/d2_2/d3_2,/mnt/lustre/tree/d1_3/d2_2/d3_2/file_4_7M.bin,7340032,7.0M,1789014613,2026-09-10T04:30:13+00:00
file_6_6M.bin,/mnt/lustre/tree/d1_3/d2_2/d3_2,/mnt/lustre/tree/d1_3/d2_2/d3_2/file_6_6M.bin,6291456,6.0M,1789014613,2026-09-10T04:30:13+00:00
file_5_8M.bin,/mnt/lustre/tree/d1_3/d2_2/d3_2,/mnt/lustre/tree/d1_3/d2_2/d3_2/file_5_8M.bin,8388608,8.0M,1789014613,2026-09-10T04:30:13+00:00
file_10_5M.bin,/mnt/lustre/tree/d1_3/d2_2/d3_2,/mnt/lustre/tree/d1_3/d2_2/d3_2/file_10_5M.bin,5242880,5.0M,1789014613,2026-09-10T04:30:13+00:00
file_4_9M.bin,/mnt/lustre/tree/d1_3/d2_2/d3_5,/mnt/lustre/tree/d1_3/d2_2/d3_5/file_4_9M.bin,9437184,9.0M,1789014614,2026-09-10T04:30:14+00:00
file_2_4M.bin,/mnt/lustre/tree/d1_3/d2_2/d3_5,/mnt/lustre/tree/d1_3/d2_2/d3_5/file_2_4M.bin,4194304,4.0M,1789014614,2026-09-10T04:30:14+00:00
file_8_7M.bin,/mnt/lustre/tree/d1_3/d2_2/d3_5,/mnt/lustre/tree/d1_3/d2_2/d3_5/file_8_7M.bin,7340032,7.0M,1789014614,2026-09-10T04:30:14+00:00
file_3_6M.bin,/mnt/lustre/tree/d1_3/d2_2/d3_5,/mnt/lustre/tree/d1_3/d2_2/d3_5/file_3_6M.bin,6291456,6.0M,1789014614,2026-09-10T04:30:14+00:00
file_1_8M.bin,/mnt/lustre/tree/d1_3/d2_2/d3_5,/mnt/lustre/tree/d1_3/d2_2/d3_5/file_1_8M.bin,8388608,8.0M,1789014614,2026-09-10T04:30:14+00:00
file_9_7M.bin,/mnt/lustre/tree/d1_3/d2_2/d3_5,/mnt/lustre/tree/d1_3/d2_2/d3_5/file_9_7M.bin,7340032,7.0M,1789014614,2026-09-10T04:30:14+00:00
file_7_10M.bin,/mnt/lustre/tree/d1_3/d2_2/d3_5,/mnt/lustre/tree/d1_3/d2_2/d3_5/file_7_10M.bin,10485760,10.0M,1789014614,2026-09-10T04:30:14+00:00
file_5_5M.bin,/mnt/lustre/tree/d1_3/d2_2/d3_5,/mnt/lustre/tree/d1_3/d2_2/d3_5/file_5_5M.bin,5242880,5.0M,1789014614,2026-09-10T04:30:14+00:00
file_6_10M.bin,/mnt/lustre/tree/d1_3/d2_2/d3_5,/mnt/lustre/tree/d1_3/d2_2/d3_5/file_6_10M.bin,10485760,10.0M,1789014614,2026-09-10T04:30:14+00:00
file_10_9M.bin,/mnt/lustre/tree/d1_3/d2_2/d3_5,/mnt/lustre/tree/d1_3/d2_2/d3_5/file_10_9M.bin,9437184,9.0M,1789014614,2026-09-10T04:30:14+00:00
file_5_6M.bin,/mnt/lustre/tree/d1_3/d2_2/d3_1,/mnt/lustre/tree/d1_3/d2_2/d3_1/file_5_6M.bin,6291456,6.0M,1789014613,2026-09-10T04:30:13+00:00
file_8_6M.bin,/mnt/lustre/tree/d1_3/d2_2/d3_1,/mnt/lustre/tree/d1_3/d2_2/d3_1/file_8_6M.bin,6291456,6.0M,1789014613,2026-09-10T04:30:13+00:00
file_7_6M.bin,/mnt/lustre/tree/d1_3/d2_2/d3_1,/mnt/lustre/tree/d1_3/d2_2/d3_1/file_7_6M.bin,6291456,6.0M,1789014613,2026-09-10T04:30:13+00:00
file_10_4M.bin,/mnt/lustre/tree/d1_3/d2_2/d3_1,/mnt/lustre/tree/d1_3/d2_2/d3_1/file_10_4M.bin,4194304,4.0M,1789014613,2026-09-10T04:30:13+00:00
file_6_3M.bin,/mnt/lustre/tree/d1_3/d2_2/d3_1,/mnt/lustre/tree/d1_3/d2_2/d3_1/file_6_3M.bin,3145728,3.0M,1789014613,2026-09-10T04:30:13+00:00
file_3_8M.bin,/mnt/lustre/tree/d1_3/d2_2/d3_1,/mnt/lustre/tree/d1_3/d2_2/d3_1/file_3_8M.bin,8388608,8.0M,1789014613,2026-09-10T04:30:13+00:00
file_2_2M.bin,/mnt/lustre/tree/d1_3/d2_2/d3_1,/mnt/lustre/tree/d1_3/d2_2/d3_1/file_2_2M.bin,2097152,2.0M,1789014613,2026-09-10T04:30:13+00:00
file_9_7M.bin,/mnt/lustre/tree/d1_3/d2_2/d3_1,/mnt/lustre/tree/d1_3/d2_2/d3_1/file_9_7M.bin,7340032,7.0M,1789014613,2026-09-10T04:30:13+00:00
file_1_10M.bin,/mnt/lustre/tree/d1_3/d2_2/d3_1,/mnt/lustre/tree/d1_3/d2_2/d3_1/file_1_10M.bin,10485760,10.0M,1789014613,2026-09-10T04:30:13+00:00
file_4_10M.bin,/mnt/lustre/tree/d1_3/d2_2/d3_1,/mnt/lustre/tree/d1_3/d2_2/d3_1/file_4_10M.bin,10485760,10.0M,1789014613,2026-09-10T04:30:13+00:00
file_8_6M.bin,/mnt/lustre/tree/d1_3/d2_2/d3_4,/mnt/lustre/tree/d1_3/d2_2/d3_4/file_8_6M.bin,6291456,6.0M,1789014614,2026-09-10T04:30:14+00:00
file_9_5M.bin,/mnt/lustre/tree/d1_3/d2_2/d3_4,/mnt/lustre/tree/d1_3/d2_2/d3_4/file_9_5M.bin,5242880,5.0M,1789014614,2026-09-10T04:30:14+00:00
file_5_3M.bin,/mnt/lustre/tree/d1_3/d2_2/d3_4,/mnt/lustre/tree/d1_3/d2_2/d3_4/file_5_3M.bin,3145728,3.0M,1789014614,2026-09-10T04:30:14+00:00
file_10_8M.bin,/mnt/lustre/tree/d1_3/d2_2/d3_4,/mnt/lustre/tree/d1_3/d2_2/d3_4/file_10_8M.bin,8388608,8.0M,1789014614,2026-09-10T04:30:14+00:00
file_4_9M.bin,/mnt/lustre/tree/d1_3/d2_2/d3_4,/mnt/lustre/tree/d1_3/d2_2/d3_4/file_4_9M.bin,9437184,9.0M,1789014614,2026-09-10T04:30:14+00:00
file_1_10M.bin,/mnt/lustre/tree/d1_3/d2_2/d3_4,/mnt/lustre/tree/d1_3/d2_2/d3_4/file_1_10M.bin,10485760,10.0M,1789014614,2026-09-10T04:30:14+00:00
file_3_4M.bin,/mnt/lustre/tree/d1_3/d2_2/d3_4,/mnt/lustre/tree/d1_3/d2_2/d3_4/file_3_4M.bin,4194304,4.0M,1789014614,2026-09-10T04:30:14+00:00
file_6_3M.bin,/mnt/lustre/tree/d1_3/d2_2/d3_4,/mnt/lustre/tree/d1_3/d2_2/d3_4/file_6_3M.bin,3145728,3.0M,1789014614,2026-09-10T04:30:14+00:00
file_7_5M.bin,/mnt/lustre/tree/d1_3/d2_2/d3_4,/mnt/lustre/tree/d1_3/d2_2/d3_4/file_7_5M.bin,5242880,5.0M,1789014614,2026-09-10T04:30:14+00:00
file_2_7M.bin,/mnt/lustre/tree/d1_3/d2_2/d3_4,/mnt/lustre/tree/d1_3/d2_2/d3_4/file_2_7M.bin,7340032,7.0M,1789014614,2026-09-10T04:30:14+00:00
file_6_2M.bin,/mnt/lustre/tree/d1_3/d2_2/d3_3,/mnt/lustre/tree/d1_3/d2_2/d3_3/file_6_2M.bin,2097152,2.0M,1789014613,2026-09-10T04:30:13+00:00
file_9_6M.bin,/mnt/lustre/tree/d1_3/d2_2/d3_3,/mnt/lustre/tree/d1_3/d2_2/d3_3/file_9_6M.bin,6291456,6.0M,1789014614,2026-09-10T04:30:14+00:00
file_5_4M.bin,/mnt/lustre/tree/d1_3/d2_2/d3_3,/mnt/lustre/tree/d1_3/d2_2/d3_3/file_5_4M.bin,4194304,4.0M,1789014613,2026-09-10T04:30:13+00:00
file_4_2M.bin,/mnt/lustre/tree/d1_3/d2_2/d3_3,/mnt/lustre/tree/d1_3/d2_2/d3_3/file_4_2M.bin,2097152,2.0M,1789014613,2026-09-10T04:30:13+00:00
file_3_5M.bin,/mnt/lustre/tree/d1_3/d2_2/d3_3,/mnt/lustre/tree/d1_3/d2_2/d3_3/file_3_5M.bin,5242880,5.0M,1789014613,2026-09-10T04:30:13+00:00
file_2_6M.bin,/mnt/lustre/tree/d1_3/d2_2/d3_3,/mnt/lustre/tree/d1_3/d2_2/d3_3/file_2_6M.bin,6291456,6.0M,1789014613,2026-09-10T04:30:13+00:00
file_7_10M.bin,/mnt/lustre/tree/d1_3/d2_2/d3_3,/mnt/lustre/tree/d1_3/d2_2/d3_3/file_7_10M.bin,10485760,10.0M,1789014614,2026-09-10T04:30:14+00:00
file_8_3M.bin,/mnt/lustre/tree/d1_3/d2_2/d3_3,/mnt/lustre/tree/d1_3/d2_2/d3_3/file_8_3M.bin,3145728,3.0M,1789014614,2026-09-10T04:30:14+00:00
file_10_6M.bin,/mnt/lustre/tree/d1_3/d2_2/d3_3,/mnt/lustre/tree/d1_3/d2_2/d3_3/file_10_6M.bin,6291456,6.0M,1789014614,2026-09-10T04:30:14+00:00
file_1_3M.bin,/mnt/lustre/tree/d1_3/d2_2/d3_3,/mnt/lustre/tree/d1_3/d2_2/d3_3/file_1_3M.bin,3145728,3.0M,1789014613,2026-09-10T04:30:13+00:00
file_9_4M.bin,/mnt/lustre/tree/d1_3/d2_5,/mnt/lustre/tree/d1_3/d2_5/file_9_4M.bin,4194304,4.0M,1789014617,2026-09-10T04:30:17+00:00
file_3_10M.bin,/mnt/lustre/tree/d1_3/d2_5,/mnt/lustre/tree/d1_3/d2_5/file_3_10M.bin,10485760,10.0M,1789014617,2026-09-10T04:30:17+00:00
file_1_2M.bin,/mnt/lustre/tree/d1_3/d2_5,/mnt/lustre/tree/d1_3/d2_5/file_1_2M.bin,2097152,2.0M,1789014617,2026-09-10T04:30:17+00:00
file_7_3M.bin,/mnt/lustre/tree/d1_3/d2_5,/mnt/lustre/tree/d1_3/d2_5/file_7_3M.bin,3145728,3.0M,1789014617,2026-09-10T04:30:17+00:00
file_8_7M.bin,/mnt/lustre/tree/d1_3/d2_5,/mnt/lustre/tree/d1_3/d2_5/file_8_7M.bin,7340032,7.0M,1789014617,2026-09-10T04:30:17+00:00
file_6_9M.bin,/mnt/lustre/tree/d1_3/d2_5,/mnt/lustre/tree/d1_3/d2_5/file_6_9M.bin,9437184,9.0M,1789014617,2026-09-10T04:30:17+00:00
file_2_4M.bin,/mnt/lustre/tree/d1_3/d2_5,/mnt/lustre/tree/d1_3/d2_5/file_2_4M.bin,4194304,4.0M,1789014617,2026-09-10T04:30:17+00:00
file_10_3M.bin,/mnt/lustre/tree/d1_3/d2_5,/mnt/lustre/tree/d1_3/d2_5/file_10_3M.bin,3145728,3.0M,1789014617,2026-09-10T04:30:17+00:00
file_4_7M.bin,/mnt/lustre/tree/d1_3/d2_5,/mnt/lustre/tree/d1_3/d2_5/file_4_7M.bin,7340032,7.0M,1789014617,2026-09-10T04:30:17+00:00
file_5_10M.bin,/mnt/lustre/tree/d1_3/d2_5,/mnt/lustre/tree/d1_3/d2_5/file_5_10M.bin,10485760,10.0M,1789014617,2026-09-10T04:30:17+00:00
file_3_3M.bin,/mnt/lustre/tree/d1_3/d2_5/d3_1,/mnt/lustre/tree/d1_3/d2_5/d3_1/file_3_3M.bin,3145728,3.0M,1789014618,2026-09-10T04:30:18+00:00
file_2_9M.bin,/mnt/lustre/tree/d1_3/d2_5/d3_1,/mnt/lustre/tree/d1_3/d2_5/d3_1/file_2_9M.bin,9437184,9.0M,1789014618,2026-09-10T04:30:18+00:00
file_7_3M.bin,/mnt/lustre/tree/d1_3/d2_5/d3_1,/mnt/lustre/tree/d1_3/d2_5/d3_1/file_7_3M.bin,3145728,3.0M,1789014618,2026-09-10T04:30:18+00:00
file_6_5M.bin,/mnt/lustre/tree/d1_3/d2_5/d3_1,/mnt/lustre/tree/d1_3/d2_5/d3_1/file_6_5M.bin,5242880,5.0M,1789014618,2026-09-10T04:30:18+00:00
file_4_9M.bin,/mnt/lustre/tree/d1_3/d2_5/d3_1,/mnt/lustre/tree/d1_3/d2_5/d3_1/file_4_9M.bin,9437184,9.0M,1789014618,2026-09-10T04:30:18+00:00
file_9_9M.bin,/mnt/lustre/tree/d1_3/d2_5/d3_1,/mnt/lustre/tree/d1_3/d2_5/d3_1/file_9_9M.bin,9437184,9.0M,1789014618,2026-09-10T04:30:18+00:00
file_10_10M.bin,/mnt/lustre/tree/d1_3/d2_5/d3_1,/mnt/lustre/tree/d1_3/d2_5/d3_1/file_10_10M.bin,10485760,10.0M,1789014618,2026-09-10T04:30:18+00:00
file_5_10M.bin,/mnt/lustre/tree/d1_3/d2_5/d3_1,/mnt/lustre/tree/d1_3/d2_5/d3_1/file_5_10M.bin,10485760,10.0M,1789014618,2026-09-10T04:30:18+00:00
file_8_10M.bin,/mnt/lustre/tree/d1_3/d2_5/d3_1,/mnt/lustre/tree/d1_3/d2_5/d3_1/file_8_10M.bin,10485760,10.0M,1789014618,2026-09-10T04:30:18+00:00
file_1_1M.bin,/mnt/lustre/tree/d1_3/d2_5/d3_1,/mnt/lustre/tree/d1_3/d2_5/d3_1/file_1_1M.bin,1048576,1.0M,1789014617,2026-09-10T04:30:17+00:00
file_6_3M.bin,/mnt/lustre/tree/d1_3/d2_5/d3_2,/mnt/lustre/tree/d1_3/d2_5/d3_2/file_6_3M.bin,3145728,3.0M,1789014618,2026-09-10T04:30:18+00:00
file_3_4M.bin,/mnt/lustre/tree/d1_3/d2_5/d3_2,/mnt/lustre/tree/d1_3/d2_5/d3_2/file_3_4M.bin,4194304,4.0M,1789014618,2026-09-10T04:30:18+00:00
file_7_9M.bin,/mnt/lustre/tree/d1_3/d2_5/d3_2,/mnt/lustre/tree/d1_3/d2_5/d3_2/file_7_9M.bin,9437184,9.0M,1789014618,2026-09-10T04:30:18+00:00
file_5_1M.bin,/mnt/lustre/tree/d1_3/d2_5/d3_2,/mnt/lustre/tree/d1_3/d2_5/d3_2/file_5_1M.bin,1048576,1.0M,1789014618,2026-09-10T04:30:18+00:00
file_8_4M.bin,/mnt/lustre/tree/d1_3/d2_5/d3_2,/mnt/lustre/tree/d1_3/d2_5/d3_2/file_8_4M.bin,4194304,4.0M,1789014618,2026-09-10T04:30:18+00:00
file_4_6M.bin,/mnt/lustre/tree/d1_3/d2_5/d3_2,/mnt/lustre/tree/d1_3/d2_5/d3_2/file_4_6M.bin,6291456,6.0M,1789014618,2026-09-10T04:30:18+00:00
file_1_9M.bin,/mnt/lustre/tree/d1_3/d2_5/d3_2,/mnt/lustre/tree/d1_3/d2_5/d3_2/file_1_9M.bin,9437184,9.0M,1789014618,2026-09-10T04:30:18+00:00
file_2_1M.bin,/mnt/lustre/tree/d1_3/d2_5/d3_2,/mnt/lustre/tree/d1_3/d2_5/d3_2/file_2_1M.bin,1048576,1.0M,1789014618,2026-09-10T04:30:18+00:00
file_9_8M.bin,/mnt/lustre/tree/d1_3/d2_5/d3_2,/mnt/lustre/tree/d1_3/d2_5/d3_2/file_9_8M.bin,8388608,8.0M,1789014618,2026-09-10T04:30:18+00:00
file_10_1M.bin,/mnt/lustre/tree/d1_3/d2_5/d3_2,/mnt/lustre/tree/d1_3/d2_5/d3_2/file_10_1M.bin,1048576,1.0M,1789014618,2026-09-10T04:30:18+00:00
file_2_1M.bin,/mnt/lustre/tree/d1_3/d2_5/d3_5,/mnt/lustre/tree/d1_3/d2_5/d3_5/file_2_1M.bin,1048576,1.0M,1789014619,2026-09-10T04:30:19+00:00
file_8_7M.bin,/mnt/lustre/tree/d1_3/d2_5/d3_5,/mnt/lustre/tree/d1_3/d2_5/d3_5/file_8_7M.bin,7340032,7.0M,1789014619,2026-09-10T04:30:19+00:00
file_1_2M.bin,/mnt/lustre/tree/d1_3/d2_5/d3_5,/mnt/lustre/tree/d1_3/d2_5/d3_5/file_1_2M.bin,2097152,2.0M,1789014619,2026-09-10T04:30:19+00:00
file_10_1M.bin,/mnt/lustre/tree/d1_3/d2_5/d3_5,/mnt/lustre/tree/d1_3/d2_5/d3_5/file_10_1M.bin,1048576,1.0M,1789014619,2026-09-10T04:30:19+00:00
file_7_5M.bin,/mnt/lustre/tree/d1_3/d2_5/d3_5,/mnt/lustre/tree/d1_3/d2_5/d3_5/file_7_5M.bin,5242880,5.0M,1789014619,2026-09-10T04:30:19+00:00
file_6_7M.bin,/mnt/lustre/tree/d1_3/d2_5/d3_5,/mnt/lustre/tree/d1_3/d2_5/d3_5/file_6_7M.bin,7340032,7.0M,1789014619,2026-09-10T04:30:19+00:00
file_5_8M.bin,/mnt/lustre/tree/d1_3/d2_5/d3_5,/mnt/lustre/tree/d1_3/d2_5/d3_5/file_5_8M.bin,8388608,8.0M,1789014619,2026-09-10T04:30:19+00:00
file_4_2M.bin,/mnt/lustre/tree/d1_3/d2_5/d3_5,/mnt/lustre/tree/d1_3/d2_5/d3_5/file_4_2M.bin,2097152,2.0M,1789014619,2026-09-10T04:30:19+00:00
file_9_2M.bin,/mnt/lustre/tree/d1_3/d2_5/d3_5,/mnt/lustre/tree/d1_3/d2_5/d3_5/file_9_2M.bin,2097152,2.0M,1789014619,2026-09-10T04:30:19+00:00
file_3_10M.bin,/mnt/lustre/tree/d1_3/d2_5/d3_5,/mnt/lustre/tree/d1_3/d2_5/d3_5/file_3_10M.bin,10485760,10.0M,1789014619,2026-09-10T04:30:19+00:00
file_3_7M.bin,/mnt/lustre/tree/d1_3/d2_5/d3_4,/mnt/lustre/tree/d1_3/d2_5/d3_4/file_3_7M.bin,7340032,7.0M,1789014618,2026-09-10T04:30:18+00:00
file_1_7M.bin,/mnt/lustre/tree/d1_3/d2_5/d3_4,/mnt/lustre/tree/d1_3/d2_5/d3_4/file_1_7M.bin,7340032,7.0M,1789014618,2026-09-10T04:30:18+00:00
file_7_7M.bin,/mnt/lustre/tree/d1_3/d2_5/d3_4,/mnt/lustre/tree/d1_3/d2_5/d3_4/file_7_7M.bin,7340032,7.0M,1789014618,2026-09-10T04:30:18+00:00
file_8_9M.bin,/mnt/lustre/tree/d1_3/d2_5/d3_4,/mnt/lustre/tree/d1_3/d2_5/d3_4/file_8_9M.bin,9437184,9.0M,1789014618,2026-09-10T04:30:18+00:00
file_6_7M.bin,/mnt/lustre/tree/d1_3/d2_5/d3_4,/mnt/lustre/tree/d1_3/d2_5/d3_4/file_6_7M.bin,7340032,7.0M,1789014618,2026-09-10T04:30:18+00:00
file_9_10M.bin,/mnt/lustre/tree/d1_3/d2_5/d3_4,/mnt/lustre/tree/d1_3/d2_5/d3_4/file_9_10M.bin,10485760,10.0M,1789014619,2026-09-10T04:30:19+00:00
file_4_7M.bin,/mnt/lustre/tree/d1_3/d2_5/d3_4,/mnt/lustre/tree/d1_3/d2_5/d3_4/file_4_7M.bin,7340032,7.0M,1789014618,2026-09-10T04:30:18+00:00
file_10_3M.bin,/mnt/lustre/tree/d1_3/d2_5/d3_4,/mnt/lustre/tree/d1_3/d2_5/d3_4/file_10_3M.bin,3145728,3.0M,1789014619,2026-09-10T04:30:19+00:00
file_2_3M.bin,/mnt/lustre/tree/d1_3/d2_5/d3_4,/mnt/lustre/tree/d1_3/d2_5/d3_4/file_2_3M.bin,3145728,3.0M,1789014618,2026-09-10T04:30:18+00:00
file_5_8M.bin,/mnt/lustre/tree/d1_3/d2_5/d3_4,/mnt/lustre/tree/d1_3/d2_5/d3_4/file_5_8M.bin,8388608,8.0M,1789014618,2026-09-10T04:30:18+00:00
file_1_10M.bin,/mnt/lustre/tree/d1_3/d2_5/d3_3,/mnt/lustre/tree/d1_3/d2_5/d3_3/file_1_10M.bin,10485760,10.0M,1789014618,2026-09-10T04:30:18+00:00
file_6_1M.bin,/mnt/lustre/tree/d1_3/d2_5/d3_3,/mnt/lustre/tree/d1_3/d2_5/d3_3/file_6_1M.bin,1048576,1.0M,1789014618,2026-09-10T04:30:18+00:00
file_9_4M.bin,/mnt/lustre/tree/d1_3/d2_5/d3_3,/mnt/lustre/tree/d1_3/d2_5/d3_3/file_9_4M.bin,4194304,4.0M,1789014618,2026-09-10T04:30:18+00:00
file_4_4M.bin,/mnt/lustre/tree/d1_3/d2_5/d3_3,/mnt/lustre/tree/d1_3/d2_5/d3_3/file_4_4M.bin,4194304,4.0M,1789014618,2026-09-10T04:30:18+00:00
file_5_4M.bin,/mnt/lustre/tree/d1_3/d2_5/d3_3,/mnt/lustre/tree/d1_3/d2_5/d3_3/file_5_4M.bin,4194304,4.0M,1789014618,2026-09-10T04:30:18+00:00
file_2_7M.bin,/mnt/lustre/tree/d1_3/d2_5/d3_3,/mnt/lustre/tree/d1_3/d2_5/d3_3/file_2_7M.bin,7340032,7.0M,1789014618,2026-09-10T04:30:18+00:00
file_3_1M.bin,/mnt/lustre/tree/d1_3/d2_5/d3_3,/mnt/lustre/tree/d1_3/d2_5/d3_3/file_3_1M.bin,1048576,1.0M,1789014618,2026-09-10T04:30:18+00:00
file_7_9M.bin,/mnt/lustre/tree/d1_3/d2_5/d3_3,/mnt/lustre/tree/d1_3/d2_5/d3_3/file_7_9M.bin,9437184,9.0M,1789014618,2026-09-10T04:30:18+00:00
file_10_8M.bin,/mnt/lustre/tree/d1_3/d2_5/d3_3,/mnt/lustre/tree/d1_3/d2_5/d3_3/file_10_8M.bin,8388608,8.0M,1789014618,2026-09-10T04:30:18+00:00
file_8_9M.bin,/mnt/lustre/tree/d1_3/d2_5/d3_3,/mnt/lustre/tree/d1_3/d2_5/d3_3/file_8_9M.bin,9437184,9.0M,1789014618,2026-09-10T04:30:18+00:00
file_9_7M.bin,/mnt/lustre/tree/d1_3/d2_1,/mnt/lustre/tree/d1_3/d2_1/file_9_7M.bin,7340032,7.0M,1789014611,2026-09-10T04:30:11+00:00
file_6_3M.bin,/mnt/lustre/tree/d1_3/d2_1,/mnt/lustre/tree/d1_3/d2_1/file_6_3M.bin,3145728,3.0M,1789014611,2026-09-10T04:30:11+00:00
file_3_8M.bin,/mnt/lustre/tree/d1_3/d2_1,/mnt/lustre/tree/d1_3/d2_1/file_3_8M.bin,8388608,8.0M,1789014611,2026-09-10T04:30:11+00:00
file_10_7M.bin,/mnt/lustre/tree/d1_3/d2_1,/mnt/lustre/tree/d1_3/d2_1/file_10_7M.bin,7340032,7.0M,1789014611,2026-09-10T04:30:11+00:00
file_8_4M.bin,/mnt/lustre/tree/d1_3/d2_1,/mnt/lustre/tree/d1_3/d2_1/file_8_4M.bin,4194304,4.0M,1789014611,2026-09-10T04:30:11+00:00
file_7_6M.bin,/mnt/lustre/tree/d1_3/d2_1,/mnt/lustre/tree/d1_3/d2_1/file_7_6M.bin,6291456,6.0M,1789014611,2026-09-10T04:30:11+00:00
file_1_7M.bin,/mnt/lustre/tree/d1_3/d2_1,/mnt/lustre/tree/d1_3/d2_1/file_1_7M.bin,7340032,7.0M,1789014611,2026-09-10T04:30:11+00:00
file_2_9M.bin,/mnt/lustre/tree/d1_3/d2_1,/mnt/lustre/tree/d1_3/d2_1/file_2_9M.bin,9437184,9.0M,1789014611,2026-09-10T04:30:11+00:00
file_4_4M.bin,/mnt/lustre/tree/d1_3/d2_1,/mnt/lustre/tree/d1_3/d2_1/file_4_4M.bin,4194304,4.0M,1789014611,2026-09-10T04:30:11+00:00
file_5_7M.bin,/mnt/lustre/tree/d1_3/d2_1,/mnt/lustre/tree/d1_3/d2_1/file_5_7M.bin,7340032,7.0M,1789014611,2026-09-10T04:30:11+00:00
file_9_10M.bin,/mnt/lustre/tree/d1_3/d2_1/d3_1,/mnt/lustre/tree/d1_3/d2_1/d3_1/file_9_10M.bin,10485760,10.0M,1789014611,2026-09-10T04:30:11+00:00
file_4_1M.bin,/mnt/lustre/tree/d1_3/d2_1/d3_1,/mnt/lustre/tree/d1_3/d2_1/d3_1/file_4_1M.bin,1048576,1.0M,1789014611,2026-09-10T04:30:11+00:00
file_6_9M.bin,/mnt/lustre/tree/d1_3/d2_1/d3_1,/mnt/lustre/tree/d1_3/d2_1/d3_1/file_6_9M.bin,9437184,9.0M,1789014611,2026-09-10T04:30:11+00:00
file_3_2M.bin,/mnt/lustre/tree/d1_3/d2_1/d3_1,/mnt/lustre/tree/d1_3/d2_1/d3_1/file_3_2M.bin,2097152,2.0M,1789014611,2026-09-10T04:30:11+00:00
file_8_6M.bin,/mnt/lustre/tree/d1_3/d2_1/d3_1,/mnt/lustre/tree/d1_3/d2_1/d3_1/file_8_6M.bin,6291456,6.0M,1789014611,2026-09-10T04:30:11+00:00
file_2_5M.bin,/mnt/lustre/tree/d1_3/d2_1/d3_1,/mnt/lustre/tree/d1_3/d2_1/d3_1/file_2_5M.bin,5242880,5.0M,1789014611,2026-09-10T04:30:11+00:00
file_5_2M.bin,/mnt/lustre/tree/d1_3/d2_1/d3_1,/mnt/lustre/tree/d1_3/d2_1/d3_1/file_5_2M.bin,2097152,2.0M,1789014611,2026-09-10T04:30:11+00:00
file_1_5M.bin,/mnt/lustre/tree/d1_3/d2_1/d3_1,/mnt/lustre/tree/d1_3/d2_1/d3_1/file_1_5M.bin,5242880,5.0M,1789014611,2026-09-10T04:30:11+00:00
file_10_9M.bin,/mnt/lustre/tree/d1_3/d2_1/d3_1,/mnt/lustre/tree/d1_3/d2_1/d3_1/file_10_9M.bin,9437184,9.0M,1789014611,2026-09-10T04:30:11+00:00
file_7_9M.bin,/mnt/lustre/tree/d1_3/d2_1/d3_1,/mnt/lustre/tree/d1_3/d2_1/d3_1/file_7_9M.bin,9437184,9.0M,1789014611,2026-09-10T04:30:11+00:00
file_4_6M.bin,/mnt/lustre/tree/d1_3/d2_1/d3_5,/mnt/lustre/tree/d1_3/d2_1/d3_5/file_4_6M.bin,6291456,6.0M,1789014612,2026-09-10T04:30:12+00:00
file_6_2M.bin,/mnt/lustre/tree/d1_3/d2_1/d3_5,/mnt/lustre/tree/d1_3/d2_1/d3_5/file_6_2M.bin,2097152,2.0M,1789014613,2026-09-10T04:30:13+00:00
file_7_1M.bin,/mnt/lustre/tree/d1_3/d2_1/d3_5,/mnt/lustre/tree/d1_3/d2_1/d3_5/file_7_1M.bin,1048576,1.0M,1789014613,2026-09-10T04:30:13+00:00
file_3_8M.bin,/mnt/lustre/tree/d1_3/d2_1/d3_5,/mnt/lustre/tree/d1_3/d2_1/d3_5/file_3_8M.bin,8388608,8.0M,1789014612,2026-09-10T04:30:12+00:00
file_5_5M.bin,/mnt/lustre/tree/d1_3/d2_1/d3_5,/mnt/lustre/tree/d1_3/d2_1/d3_5/file_5_5M.bin,5242880,5.0M,1789014613,2026-09-10T04:30:13+00:00
file_9_9M.bin,/mnt/lustre/tree/d1_3/d2_1/d3_5,/mnt/lustre/tree/d1_3/d2_1/d3_5/file_9_9M.bin,9437184,9.0M,1789014613,2026-09-10T04:30:13+00:00
file_1_6M.bin,/mnt/lustre/tree/d1_3/d2_1/d3_5,/mnt/lustre/tree/d1_3/d2_1/d3_5/file_1_6M.bin,6291456,6.0M,1789014612,2026-09-10T04:30:12+00:00
file_2_10M.bin,/mnt/lustre/tree/d1_3/d2_1/d3_5,/mnt/lustre/tree/d1_3/d2_1/d3_5/file_2_10M.bin,10485760,10.0M,1789014612,2026-09-10T04:30:12+00:00
file_10_9M.bin,/mnt/lustre/tree/d1_3/d2_1/d3_5,/mnt/lustre/tree/d1_3/d2_1/d3_5/file_10_9M.bin,9437184,9.0M,1789014613,2026-09-10T04:30:13+00:00
file_8_2M.bin,/mnt/lustre/tree/d1_3/d2_1/d3_5,/mnt/lustre/tree/d1_3/d2_1/d3_5/file_8_2M.bin,2097152,2.0M,1789014613,2026-09-10T04:30:13+00:00
file_9_4M.bin,/mnt/lustre/tree/d1_3/d2_1/d3_2,/mnt/lustre/tree/d1_3/d2_1/d3_2/file_9_4M.bin,4194304,4.0M,1789014612,2026-09-10T04:30:12+00:00
file_3_3M.bin,/mnt/lustre/tree/d1_3/d2_1/d3_2,/mnt/lustre/tree/d1_3/d2_1/d3_2/file_3_3M.bin,3145728,3.0M,1789014611,2026-09-10T04:30:11+00:00
file_6_4M.bin,/mnt/lustre/tree/d1_3/d2_1/d3_2,/mnt/lustre/tree/d1_3/d2_1/d3_2/file_6_4M.bin,4194304,4.0M,1789014611,2026-09-10T04:30:11+00:00
file_10_7M.bin,/mnt/lustre/tree/d1_3/d2_1/d3_2,/mnt/lustre/tree/d1_3/d2_1/d3_2/file_10_7M.bin,7340032,7.0M,1789014612,2026-09-10T04:30:12+00:00
file_5_9M.bin,/mnt/lustre/tree/d1_3/d2_1/d3_2,/mnt/lustre/tree/d1_3/d2_1/d3_2/file_5_9M.bin,9437184,9.0M,1789014611,2026-09-10T04:30:11+00:00
file_8_5M.bin,/mnt/lustre/tree/d1_3/d2_1/d3_2,/mnt/lustre/tree/d1_3/d2_1/d3_2/file_8_5M.bin,5242880,5.0M,1789014612,2026-09-10T04:30:12+00:00
file_2_6M.bin,/mnt/lustre/tree/d1_3/d2_1/d3_2,/mnt/lustre/tree/d1_3/d2_1/d3_2/file_2_6M.bin,6291456,6.0M,1789014611,2026-09-10T04:30:11+00:00
file_1_9M.bin,/mnt/lustre/tree/d1_3/d2_1/d3_2,/mnt/lustre/tree/d1_3/d2_1/d3_2/file_1_9M.bin,9437184,9.0M,1789014611,2026-09-10T04:30:11+00:00
file_7_8M.bin,/mnt/lustre/tree/d1_3/d2_1/d3_2,/mnt/lustre/tree/d1_3/d2_1/d3_2/file_7_8M.bin,8388608,8.0M,1789014611,2026-09-10T04:30:11+00:00
file_4_6M.bin,/mnt/lustre/tree/d1_3/d2_1/d3_2,/mnt/lustre/tree/d1_3/d2_1/d3_2/file_4_6M.bin,6291456,6.0M,1789014611,2026-09-10T04:30:11+00:00
file_7_6M.bin,/mnt/lustre/tree/d1_3/d2_1/d3_3,/mnt/lustre/tree/d1_3/d2_1/d3_3/file_7_6M.bin,6291456,6.0M,1789014612,2026-09-10T04:30:12+00:00
file_2_5M.bin,/mnt/lustre/tree/d1_3/d2_1/d3_3,/mnt/lustre/tree/d1_3/d2_1/d3_3/file_2_5M.bin,5242880,5.0M,1789014612,2026-09-10T04:30:12+00:00
file_5_10M.bin,/mnt/lustre/tree/d1_3/d2_1/d3_3,/mnt/lustre/tree/d1_3/d2_1/d3_3/file_5_10M.bin,10485760,10.0M,1789014612,2026-09-10T04:30:12+00:00
file_6_8M.bin,/mnt/lustre/tree/d1_3/d2_1/d3_3,/mnt/lustre/tree/d1_3/d2_1/d3_3/file_6_8M.bin,8388608,8.0M,1789014612,2026-09-10T04:30:12+00:00
file_4_10M.bin,/mnt/lustre/tree/d1_3/d2_1/d3_3,/mnt/lustre/tree/d1_3/d2_1/d3_3/file_4_10M.bin,10485760,10.0M,1789014612,2026-09-10T04:30:12+00:00
file_8_9M.bin,/mnt/lustre/tree/d1_3/d2_1/d3_3,/mnt/lustre/tree/d1_3/d2_1/d3_3/file_8_9M.bin,9437184,9.0M,1789014612,2026-09-10T04:30:12+00:00
file_10_9M.bin,/mnt/lustre/tree/d1_3/d2_1/d3_3,/mnt/lustre/tree/d1_3/d2_1/d3_3/file_10_9M.bin,9437184,9.0M,1789014612,2026-09-10T04:30:12+00:00
file_1_5M.bin,/mnt/lustre/tree/d1_3/d2_1/d3_3,/mnt/lustre/tree/d1_3/d2_1/d3_3/file_1_5M.bin,5242880,5.0M,1789014612,2026-09-10T04:30:12+00:00
file_3_10M.bin,/mnt/lustre/tree/d1_3/d2_1/d3_3,/mnt/lustre/tree/d1_3/d2_1/d3_3/file_3_10M.bin,10485760,10.0M,1789014612,2026-09-10T04:30:12+00:00
file_9_6M.bin,/mnt/lustre/tree/d1_3/d2_1/d3_3,/mnt/lustre/tree/d1_3/d2_1/d3_3/file_9_6M.bin,6291456,6.0M,1789014612,2026-09-10T04:30:12+00:00
file_2_5M.bin,/mnt/lustre/tree/d1_3/d2_1/d3_4,/mnt/lustre/tree/d1_3/d2_1/d3_4/file_2_5M.bin,5242880,5.0M,1789014612,2026-09-10T04:30:12+00:00
file_7_3M.bin,/mnt/lustre/tree/d1_3/d2_1/d3_4,/mnt/lustre/tree/d1_3/d2_1/d3_4/file_7_3M.bin,3145728,3.0M,1789014612,2026-09-10T04:30:12+00:00
file_4_5M.bin,/mnt/lustre/tree/d1_3/d2_1/d3_4,/mnt/lustre/tree/d1_3/d2_1/d3_4/file_4_5M.bin,5242880,5.0M,1789014612,2026-09-10T04:30:12+00:00
file_8_3M.bin,/mnt/lustre/tree/d1_3/d2_1/d3_4,/mnt/lustre/tree/d1_3/d2_1/d3_4/file_8_3M.bin,3145728,3.0M,1789014612,2026-09-10T04:30:12+00:00
file_3_6M.bin,/mnt/lustre/tree/d1_3/d2_1/d3_4,/mnt/lustre/tree/d1_3/d2_1/d3_4/file_3_6M.bin,6291456,6.0M,1789014612,2026-09-10T04:30:12+00:00
file_6_7M.bin,/mnt/lustre/tree/d1_3/d2_1/d3_4,/mnt/lustre/tree/d1_3/d2_1/d3_4/file_6_7M.bin,7340032,7.0M,1789014612,2026-09-10T04:30:12+00:00
file_5_9M.bin,/mnt/lustre/tree/d1_3/d2_1/d3_4,/mnt/lustre/tree/d1_3/d2_1/d3_4/file_5_9M.bin,9437184,9.0M,1789014612,2026-09-10T04:30:12+00:00
file_10_3M.bin,/mnt/lustre/tree/d1_3/d2_1/d3_4,/mnt/lustre/tree/d1_3/d2_1/d3_4/file_10_3M.bin,3145728,3.0M,1789014612,2026-09-10T04:30:12+00:00
file_1_10M.bin,/mnt/lustre/tree/d1_3/d2_1/d3_4,/mnt/lustre/tree/d1_3/d2_1/d3_4/file_1_10M.bin,10485760,10.0M,1789014612,2026-09-10T04:30:12+00:00
file_9_6M.bin,/mnt/lustre/tree/d1_3/d2_1/d3_4,/mnt/lustre/tree/d1_3/d2_1/d3_4/file_9_6M.bin,6291456,6.0M,1789014612,2026-09-10T04:30:12+00:00
file_5_9M.bin,/mnt/lustre/tree/d1_4,/mnt/lustre/tree/d1_4/file_5_9M.bin,9437184,9.0M,1789014619,2026-09-10T04:30:19+00:00
file_7_1M.bin,/mnt/lustre/tree/d1_4,/mnt/lustre/tree/d1_4/file_7_1M.bin,1048576,1.0M,1789014619,2026-09-10T04:30:19+00:00
file_4_2M.bin,/mnt/lustre/tree/d1_4,/mnt/lustre/tree/d1_4/file_4_2M.bin,2097152,2.0M,1789014619,2026-09-10T04:30:19+00:00
file_8_6M.bin,/mnt/lustre/tree/d1_4,/mnt/lustre/tree/d1_4/file_8_6M.bin,6291456,6.0M,1789014619,2026-09-10T04:30:19+00:00
file_3_3M.bin,/mnt/lustre/tree/d1_4,/mnt/lustre/tree/d1_4/file_3_3M.bin,3145728,3.0M,1789014619,2026-09-10T04:30:19+00:00
file_9_9M.bin,/mnt/lustre/tree/d1_4,/mnt/lustre/tree/d1_4/file_9_9M.bin,9437184,9.0M,1789014619,2026-09-10T04:30:19+00:00
file_1_6M.bin,/mnt/lustre/tree/d1_4,/mnt/lustre/tree/d1_4/file_1_6M.bin,6291456,6.0M,1789014619,2026-09-10T04:30:19+00:00
file_10_8M.bin,/mnt/lustre/tree/d1_4,/mnt/lustre/tree/d1_4/file_10_8M.bin,8388608,8.0M,1789014619,2026-09-10T04:30:19+00:00
file_6_5M.bin,/mnt/lustre/tree/d1_4,/mnt/lustre/tree/d1_4/file_6_5M.bin,5242880,5.0M,1789014619,2026-09-10T04:30:19+00:00
file_2_4M.bin,/mnt/lustre/tree/d1_4,/mnt/lustre/tree/d1_4/file_2_4M.bin,4194304,4.0M,1789014619,2026-09-10T04:30:19+00:00
file_3_6M.bin,/mnt/lustre/tree/d1_4/d2_4,/mnt/lustre/tree/d1_4/d2_4/file_3_6M.bin,6291456,6.0M,1789014625,2026-09-10T04:30:25+00:00
file_10_7M.bin,/mnt/lustre/tree/d1_4/d2_4,/mnt/lustre/tree/d1_4/d2_4/file_10_7M.bin,7340032,7.0M,1789014626,2026-09-10T04:30:26+00:00
file_6_1M.bin,/mnt/lustre/tree/d1_4/d2_4,/mnt/lustre/tree/d1_4/d2_4/file_6_1M.bin,1048576,1.0M,1789014626,2026-09-10T04:30:26+00:00
file_4_8M.bin,/mnt/lustre/tree/d1_4/d2_4,/mnt/lustre/tree/d1_4/d2_4/file_4_8M.bin,8388608,8.0M,1789014625,2026-09-10T04:30:25+00:00
file_1_7M.bin,/mnt/lustre/tree/d1_4/d2_4,/mnt/lustre/tree/d1_4/d2_4/file_1_7M.bin,7340032,7.0M,1789014625,2026-09-10T04:30:25+00:00
file_7_4M.bin,/mnt/lustre/tree/d1_4/d2_4,/mnt/lustre/tree/d1_4/d2_4/file_7_4M.bin,4194304,4.0M,1789014626,2026-09-10T04:30:26+00:00
file_9_2M.bin,/mnt/lustre/tree/d1_4/d2_4,/mnt/lustre/tree/d1_4/d2_4/file_9_2M.bin,2097152,2.0M,1789014626,2026-09-10T04:30:26+00:00
file_5_4M.bin,/mnt/lustre/tree/d1_4/d2_4,/mnt/lustre/tree/d1_4/d2_4/file_5_4M.bin,4194304,4.0M,1789014625,2026-09-10T04:30:25+00:00
file_2_2M.bin,/mnt/lustre/tree/d1_4/d2_4,/mnt/lustre/tree/d1_4/d2_4/file_2_2M.bin,2097152,2.0M,1789014625,2026-09-10T04:30:25+00:00
file_8_5M.bin,/mnt/lustre/tree/d1_4/d2_4,/mnt/lustre/tree/d1_4/d2_4/file_8_5M.bin,5242880,5.0M,1789014626,2026-09-10T04:30:26+00:00
file_2_4M.bin,/mnt/lustre/tree/d1_4/d2_4/d3_3,/mnt/lustre/tree/d1_4/d2_4/d3_3/file_2_4M.bin,4194304,4.0M,1789014626,2026-09-10T04:30:26+00:00
file_10_4M.bin,/mnt/lustre/tree/d1_4/d2_4/d3_3,/mnt/lustre/tree/d1_4/d2_4/d3_3/file_10_4M.bin,4194304,4.0M,1789014627,2026-09-10T04:30:27+00:00
file_9_1M.bin,/mnt/lustre/tree/d1_4/d2_4/d3_3,/mnt/lustre/tree/d1_4/d2_4/d3_3/file_9_1M.bin,1048576,1.0M,1789014627,2026-09-10T04:30:27+00:00
file_8_7M.bin,/mnt/lustre/tree/d1_4/d2_4/d3_3,/mnt/lustre/tree/d1_4/d2_4/d3_3/file_8_7M.bin,7340032,7.0M,1789014627,2026-09-10T04:30:27+00:00
file_6_5M.bin,/mnt/lustre/tree/d1_4/d2_4/d3_3,/mnt/lustre/tree/d1_4/d2_4/d3_3/file_6_5M.bin,5242880,5.0M,1789014627,2026-09-10T04:30:27+00:00
file_3_9M.bin,/mnt/lustre/tree/d1_4/d2_4/d3_3,/mnt/lustre/tree/d1_4/d2_4/d3_3/file_3_9M.bin,9437184,9.0M,1789014627,2026-09-10T04:30:27+00:00
file_5_8M.bin,/mnt/lustre/tree/d1_4/d2_4/d3_3,/mnt/lustre/tree/d1_4/d2_4/d3_3/file_5_8M.bin,8388608,8.0M,1789014627,2026-09-10T04:30:27+00:00
file_7_4M.bin,/mnt/lustre/tree/d1_4/d2_4/d3_3,/mnt/lustre/tree/d1_4/d2_4/d3_3/file_7_4M.bin,4194304,4.0M,1789014627,2026-09-10T04:30:27+00:00
file_1_9M.bin,/mnt/lustre/tree/d1_4/d2_4/d3_3,/mnt/lustre/tree/d1_4/d2_4/d3_3/file_1_9M.bin,9437184,9.0M,1789014626,2026-09-10T04:30:26+00:00
file_4_7M.bin,/mnt/lustre/tree/d1_4/d2_4/d3_3,/mnt/lustre/tree/d1_4/d2_4/d3_3/file_4_7M.bin,7340032,7.0M,1789014627,2026-09-10T04:30:27+00:00
file_5_6M.bin,/mnt/lustre/tree/d1_4/d2_4/d3_4,/mnt/lustre/tree/d1_4/d2_4/d3_4/file_5_6M.bin,6291456,6.0M,1789014627,2026-09-10T04:30:27+00:00
file_2_1M.bin,/mnt/lustre/tree/d1_4/d2_4/d3_4,/mnt/lustre/tree/d1_4/d2_4/d3_4/file_2_1M.bin,1048576,1.0M,1789014627,2026-09-10T04:30:27+00:00
file_8_2M.bin,/mnt/lustre/tree/d1_4/d2_4/d3_4,/mnt/lustre/tree/d1_4/d2_4/d3_4/file_8_2M.bin,2097152,2.0M,1789014627,2026-09-10T04:30:27+00:00
file_7_8M.bin,/mnt/lustre/tree/d1_4/d2_4/d3_4,/mnt/lustre/tree/d1_4/d2_4/d3_4/file_7_8M.bin,8388608,8.0M,1789014627,2026-09-10T04:30:27+00:00
file_6_2M.bin,/mnt/lustre/tree/d1_4/d2_4/d3_4,/mnt/lustre/tree/d1_4/d2_4/d3_4/file_6_2M.bin,2097152,2.0M,1789014627,2026-09-10T04:30:27+00:00
file_10_1M.bin,/mnt/lustre/tree/d1_4/d2_4/d3_4,/mnt/lustre/tree/d1_4/d2_4/d3_4/file_10_1M.bin,1048576,1.0M,1789014627,2026-09-10T04:30:27+00:00
file_3_9M.bin,/mnt/lustre/tree/d1_4/d2_4/d3_4,/mnt/lustre/tree/d1_4/d2_4/d3_4/file_3_9M.bin,9437184,9.0M,1789014627,2026-09-10T04:30:27+00:00
file_1_4M.bin,/mnt/lustre/tree/d1_4/d2_4/d3_4,/mnt/lustre/tree/d1_4/d2_4/d3_4/file_1_4M.bin,4194304,4.0M,1789014627,2026-09-10T04:30:27+00:00
file_9_3M.bin,/mnt/lustre/tree/d1_4/d2_4/d3_4,/mnt/lustre/tree/d1_4/d2_4/d3_4/file_9_3M.bin,3145728,3.0M,1789014627,2026-09-10T04:30:27+00:00
file_4_7M.bin,/mnt/lustre/tree/d1_4/d2_4/d3_4,/mnt/lustre/tree/d1_4/d2_4/d3_4/file_4_7M.bin,7340032,7.0M,1789014627,2026-09-10T04:30:27+00:00
file_7_2M.bin,/mnt/lustre/tree/d1_4/d2_4/d3_5,/mnt/lustre/tree/d1_4/d2_4/d3_5/file_7_2M.bin,2097152,2.0M,1789014627,2026-09-10T04:30:27+00:00
file_9_8M.bin,/mnt/lustre/tree/d1_4/d2_4/d3_5,/mnt/lustre/tree/d1_4/d2_4/d3_5/file_9_8M.bin,8388608,8.0M,1789014628,2026-09-10T04:30:28+00:00
file_8_3M.bin,/mnt/lustre/tree/d1_4/d2_4/d3_5,/mnt/lustre/tree/d1_4/d2_4/d3_5/file_8_3M.bin,3145728,3.0M,1789014627,2026-09-10T04:30:27+00:00
file_6_9M.bin,/mnt/lustre/tree/d1_4/d2_4/d3_5,/mnt/lustre/tree/d1_4/d2_4/d3_5/file_6_9M.bin,9437184,9.0M,1789014627,2026-09-10T04:30:27+00:00
file_3_6M.bin,/mnt/lustre/tree/d1_4/d2_4/d3_5,/mnt/lustre/tree/d1_4/d2_4/d3_5/file_3_6M.bin,6291456,6.0M,1789014627,2026-09-10T04:30:27+00:00
file_1_8M.bin,/mnt/lustre/tree/d1_4/d2_4/d3_5,/mnt/lustre/tree/d1_4/d2_4/d3_5/file_1_8M.bin,8388608,8.0M,1789014627,2026-09-10T04:30:27+00:00
file_10_3M.bin,/mnt/lustre/tree/d1_4/d2_4/d3_5,/mnt/lustre/tree/d1_4/d2_4/d3_5/file_10_3M.bin,3145728,3.0M,1789014628,2026-09-10T04:30:28+00:00
file_5_10M.bin,/mnt/lustre/tree/d1_4/d2_4/d3_5,/mnt/lustre/tree/d1_4/d2_4/d3_5/file_5_10M.bin,10485760,10.0M,1789014627,2026-09-10T04:30:27+00:00
file_4_6M.bin,/mnt/lustre/tree/d1_4/d2_4/d3_5,/mnt/lustre/tree/d1_4/d2_4/d3_5/file_4_6M.bin,6291456,6.0M,1789014627,2026-09-10T04:30:27+00:00
file_2_3M.bin,/mnt/lustre/tree/d1_4/d2_4/d3_5,/mnt/lustre/tree/d1_4/d2_4/d3_5/file_2_3M.bin,3145728,3.0M,1789014627,2026-09-10T04:30:27+00:00
file_10_1M.bin,/mnt/lustre/tree/d1_4/d2_4/d3_2,/mnt/lustre/tree/d1_4/d2_4/d3_2/file_10_1M.bin,1048576,1.0M,1789014626,2026-09-10T04:30:26+00:00
file_7_5M.bin,/mnt/lustre/tree/d1_4/d2_4/d3_2,/mnt/lustre/tree/d1_4/d2_4/d3_2/file_7_5M.bin,5242880,5.0M,1789014626,2026-09-10T04:30:26+00:00
file_2_10M.bin,/mnt/lustre/tree/d1_4/d2_4/d3_2,/mnt/lustre/tree/d1_4/d2_4/d3_2/file_2_10M.bin,10485760,10.0M,1789014626,2026-09-10T04:30:26+00:00
file_5_9M.bin,/mnt/lustre/tree/d1_4/d2_4/d3_2,/mnt/lustre/tree/d1_4/d2_4/d3_2/file_5_9M.bin,9437184,9.0M,1789014626,2026-09-10T04:30:26+00:00
file_3_1M.bin,/mnt/lustre/tree/d1_4/d2_4/d3_2,/mnt/lustre/tree/d1_4/d2_4/d3_2/file_3_1M.bin,1048576,1.0M,1789014626,2026-09-10T04:30:26+00:00
file_6_8M.bin,/mnt/lustre/tree/d1_4/d2_4/d3_2,/mnt/lustre/tree/d1_4/d2_4/d3_2/file_6_8M.bin,8388608,8.0M,1789014626,2026-09-10T04:30:26+00:00
file_8_2M.bin,/mnt/lustre/tree/d1_4/d2_4/d3_2,/mnt/lustre/tree/d1_4/d2_4/d3_2/file_8_2M.bin,2097152,2.0M,1789014626,2026-09-10T04:30:26+00:00
file_9_4M.bin,/mnt/lustre/tree/d1_4/d2_4/d3_2,/mnt/lustre/tree/d1_4/d2_4/d3_2/file_9_4M.bin,4194304,4.0M,1789014626,2026-09-10T04:30:26+00:00
file_1_6M.bin,/mnt/lustre/tree/d1_4/d2_4/d3_2,/mnt/lustre/tree/d1_4/d2_4/d3_2/file_1_6M.bin,6291456,6.0M,1789014626,2026-09-10T04:30:26+00:00
file_4_9M.bin,/mnt/lustre/tree/d1_4/d2_4/d3_2,/mnt/lustre/tree/d1_4/d2_4/d3_2/file_4_9M.bin,9437184,9.0M,1789014626,2026-09-10T04:30:26+00:00
file_2_8M.bin,/mnt/lustre/tree/d1_4/d2_4/d3_1,/mnt/lustre/tree/d1_4/d2_4/d3_1/file_2_8M.bin,8388608,8.0M,1789014626,2026-09-10T04:30:26+00:00
file_9_9M.bin,/mnt/lustre/tree/d1_4/d2_4/d3_1,/mnt/lustre/tree/d1_4/d2_4/d3_1/file_9_9M.bin,9437184,9.0M,1789014626,2026-09-10T04:30:26+00:00
file_6_9M.bin,/mnt/lustre/tree/d1_4/d2_4/d3_1,/mnt/lustre/tree/d1_4/d2_4/d3_1/file_6_9M.bin,9437184,9.0M,1789014626,2026-09-10T04:30:26+00:00
file_4_4M.bin,/mnt/lustre/tree/d1_4/d2_4/d3_1,/mnt/lustre/tree/d1_4/d2_4/d3_1/file_4_4M.bin,4194304,4.0M,1789014626,2026-09-10T04:30:26+00:00
file_10_5M.bin,/mnt/lustre/tree/d1_4/d2_4/d3_1,/mnt/lustre/tree/d1_4/d2_4/d3_1/file_10_5M.bin,5242880,5.0M,1789014626,2026-09-10T04:30:26+00:00
file_8_6M.bin,/mnt/lustre/tree/d1_4/d2_4/d3_1,/mnt/lustre/tree/d1_4/d2_4/d3_1/file_8_6M.bin,6291456,6.0M,1789014626,2026-09-10T04:30:26+00:00
file_3_1M.bin,/mnt/lustre/tree/d1_4/d2_4/d3_1,/mnt/lustre/tree/d1_4/d2_4/d3_1/file_3_1M.bin,1048576,1.0M,1789014626,2026-09-10T04:30:26+00:00
file_7_8M.bin,/mnt/lustre/tree/d1_4/d2_4/d3_1,/mnt/lustre/tree/d1_4/d2_4/d3_1/file_7_8M.bin,8388608,8.0M,1789014626,2026-09-10T04:30:26+00:00
file_5_9M.bin,/mnt/lustre/tree/d1_4/d2_4/d3_1,/mnt/lustre/tree/d1_4/d2_4/d3_1/file_5_9M.bin,9437184,9.0M,1789014626,2026-09-10T04:30:26+00:00
file_1_10M.bin,/mnt/lustre/tree/d1_4/d2_4/d3_1,/mnt/lustre/tree/d1_4/d2_4/d3_1/file_1_10M.bin,10485760,10.0M,1789014626,2026-09-10T04:30:26+00:00
file_8_7M.bin,/mnt/lustre/tree/d1_4/d2_3,/mnt/lustre/tree/d1_4/d2_3/file_8_7M.bin,7340032,7.0M,1789014624,2026-09-10T04:30:24+00:00
file_3_2M.bin,/mnt/lustre/tree/d1_4/d2_3,/mnt/lustre/tree/d1_4/d2_3/file_3_2M.bin,2097152,2.0M,1789014623,2026-09-10T04:30:23+00:00
file_1_7M.bin,/mnt/lustre/tree/d1_4/d2_3,/mnt/lustre/tree/d1_4/d2_3/file_1_7M.bin,7340032,7.0M,1789014623,2026-09-10T04:30:23+00:00
file_2_3M.bin,/mnt/lustre/tree/d1_4/d2_3,/mnt/lustre/tree/d1_4/d2_3/file_2_3M.bin,3145728,3.0M,1789014623,2026-09-10T04:30:23+00:00
file_4_6M.bin,/mnt/lustre/tree/d1_4/d2_3,/mnt/lustre/tree/d1_4/d2_3/file_4_6M.bin,6291456,6.0M,1789014623,2026-09-10T04:30:23+00:00
file_7_8M.bin,/mnt/lustre/tree/d1_4/d2_3,/mnt/lustre/tree/d1_4/d2_3/file_7_8M.bin,8388608,8.0M,1789014624,2026-09-10T04:30:24+00:00
file_6_7M.bin,/mnt/lustre/tree/d1_4/d2_3,/mnt/lustre/tree/d1_4/d2_3/file_6_7M.bin,7340032,7.0M,1789014623,2026-09-10T04:30:23+00:00
file_10_1M.bin,/mnt/lustre/tree/d1_4/d2_3,/mnt/lustre/tree/d1_4/d2_3/file_10_1M.bin,1048576,1.0M,1789014624,2026-09-10T04:30:24+00:00
file_9_7M.bin,/mnt/lustre/tree/d1_4/d2_3,/mnt/lustre/tree/d1_4/d2_3/file_9_7M.bin,7340032,7.0M,1789014624,2026-09-10T04:30:24+00:00
file_5_1M.bin,/mnt/lustre/tree/d1_4/d2_3,/mnt/lustre/tree/d1_4/d2_3/file_5_1M.bin,1048576,1.0M,1789014623,2026-09-10T04:30:23+00:00
file_3_5M.bin,/mnt/lustre/tree/d1_4/d2_3/d3_3,/mnt/lustre/tree/d1_4/d2_3/d3_3/file_3_5M.bin,5242880,5.0M,1789014624,2026-09-10T04:30:24+00:00
file_2_7M.bin,/mnt/lustre/tree/d1_4/d2_3/d3_3,/mnt/lustre/tree/d1_4/d2_3/d3_3/file_2_7M.bin,7340032,7.0M,1789014624,2026-09-10T04:30:24+00:00
file_9_10M.bin,/mnt/lustre/tree/d1_4/d2_3/d3_3,/mnt/lustre/tree/d1_4/d2_3/d3_3/file_9_10M.bin,10485760,10.0M,1789014625,2026-09-10T04:30:25+00:00
file_4_7M.bin,/mnt/lustre/tree/d1_4/d2_3/d3_3,/mnt/lustre/tree/d1_4/d2_3/d3_3/file_4_7M.bin,7340032,7.0M,1789014624,2026-09-10T04:30:24+00:00
file_7_1M.bin,/mnt/lustre/tree/d1_4/d2_3/d3_3,/mnt/lustre/tree/d1_4/d2_3/d3_3/file_7_1M.bin,1048576,1.0M,1789014625,2026-09-10T04:30:25+00:00
file_8_3M.bin,/mnt/lustre/tree/d1_4/d2_3/d3_3,/mnt/lustre/tree/d1_4/d2_3/d3_3/file_8_3M.bin,3145728,3.0M,1789014625,2026-09-10T04:30:25+00:00
file_10_9M.bin,/mnt/lustre/tree/d1_4/d2_3/d3_3,/mnt/lustre/tree/d1_4/d2_3/d3_3/file_10_9M.bin,9437184,9.0M,1789014625,2026-09-10T04:30:25+00:00
file_1_6M.bin,/mnt/lustre/tree/d1_4/d2_3/d3_3,/mnt/lustre/tree/d1_4/d2_3/d3_3/file_1_6M.bin,6291456,6.0M,1789014624,2026-09-10T04:30:24+00:00
file_6_4M.bin,/mnt/lustre/tree/d1_4/d2_3/d3_3,/mnt/lustre/tree/d1_4/d2_3/d3_3/file_6_4M.bin,4194304,4.0M,1789014625,2026-09-10T04:30:25+00:00
file_5_6M.bin,/mnt/lustre/tree/d1_4/d2_3/d3_3,/mnt/lustre/tree/d1_4/d2_3/d3_3/file_5_6M.bin,6291456,6.0M,1789014624,2026-09-10T04:30:24+00:00
file_8_10M.bin,/mnt/lustre/tree/d1_4/d2_3/d3_4,/mnt/lustre/tree/d1_4/d2_3/d3_4/file_8_10M.bin,10485760,10.0M,1789014625,2026-09-10T04:30:25+00:00
file_9_8M.bin,/mnt/lustre/tree/d1_4/d2_3/d3_4,/mnt/lustre/tree/d1_4/d2_3/d3_4/file_9_8M.bin,8388608,8.0M,1789014625,2026-09-10T04:30:25+00:00
file_7_2M.bin,/mnt/lustre/tree/d1_4/d2_3/d3_4,/mnt/lustre/tree/d1_4/d2_3/d3_4/file_7_2M.bin,2097152,2.0M,1789014625,2026-09-10T04:30:25+00:00
file_4_9M.bin,/mnt/lustre/tree/d1_4/d2_3/d3_4,/mnt/lustre/tree/d1_4/d2_3/d3_4/file_4_9M.bin,9437184,9.0M,1789014625,2026-09-10T04:30:25+00:00
file_6_5M.bin,/mnt/lustre/tree/d1_4/d2_3/d3_4,/mnt/lustre/tree/d1_4/d2_3/d3_4/file_6_5M.bin,5242880,5.0M,1789014625,2026-09-10T04:30:25+00:00
file_5_7M.bin,/mnt/lustre/tree/d1_4/d2_3/d3_4,/mnt/lustre/tree/d1_4/d2_3/d3_4/file_5_7M.bin,7340032,7.0M,1789014625,2026-09-10T04:30:25+00:00
file_2_4M.bin,/mnt/lustre/tree/d1_4/d2_3/d3_4,/mnt/lustre/tree/d1_4/d2_3/d3_4/file_2_4M.bin,4194304,4.0M,1789014625,2026-09-10T04:30:25+00:00
file_10_4M.bin,/mnt/lustre/tree/d1_4/d2_3/d3_4,/mnt/lustre/tree/d1_4/d2_3/d3_4/file_10_4M.bin,4194304,4.0M,1789014625,2026-09-10T04:30:25+00:00
file_1_1M.bin,/mnt/lustre/tree/d1_4/d2_3/d3_4,/mnt/lustre/tree/d1_4/d2_3/d3_4/file_1_1M.bin,1048576,1.0M,1789014625,2026-09-10T04:30:25+00:00
file_3_9M.bin,/mnt/lustre/tree/d1_4/d2_3/d3_4,/mnt/lustre/tree/d1_4/d2_3/d3_4/file_3_9M.bin,9437184,9.0M,1789014625,2026-09-10T04:30:25+00:00
file_3_8M.bin,/mnt/lustre/tree/d1_4/d2_3/d3_5,/mnt/lustre/tree/d1_4/d2_3/d3_5/file_3_8M.bin,8388608,8.0M,1789014625,2026-09-10T04:30:25+00:00
file_2_10M.bin,/mnt/lustre/tree/d1_4/d2_3/d3_5,/mnt/lustre/tree/d1_4/d2_3/d3_5/file_2_10M.bin,10485760,10.0M,1789014625,2026-09-10T04:30:25+00:00
file_1_4M.bin,/mnt/lustre/tree/d1_4/d2_3/d3_5,/mnt/lustre/tree/d1_4/d2_3/d3_5/file_1_4M.bin,4194304,4.0M,1789014625,2026-09-10T04:30:25+00:00
file_10_1M.bin,/mnt/lustre/tree/d1_4/d2_3/d3_5,/mnt/lustre/tree/d1_4/d2_3/d3_5/file_10_1M.bin,1048576,1.0M,1789014625,2026-09-10T04:30:25+00:00
file_6_3M.bin,/mnt/lustre/tree/d1_4/d2_3/d3_5,/mnt/lustre/tree/d1_4/d2_3/d3_5/file_6_3M.bin,3145728,3.0M,1789014625,2026-09-10T04:30:25+00:00
file_4_7M.bin,/mnt/lustre/tree/d1_4/d2_3/d3_5,/mnt/lustre/tree/d1_4/d2_3/d3_5/file_4_7M.bin,7340032,7.0M,1789014625,2026-09-10T04:30:25+00:00
file_5_1M.bin,/mnt/lustre/tree/d1_4/d2_3/d3_5,/mnt/lustre/tree/d1_4/d2_3/d3_5/file_5_1M.bin,1048576,1.0M,1789014625,2026-09-10T04:30:25+00:00
file_8_5M.bin,/mnt/lustre/tree/d1_4/d2_3/d3_5,/mnt/lustre/tree/d1_4/d2_3/d3_5/file_8_5M.bin,5242880,5.0M,1789014625,2026-09-10T04:30:25+00:00
file_9_4M.bin,/mnt/lustre/tree/d1_4/d2_3/d3_5,/mnt/lustre/tree/d1_4/d2_3/d3_5/file_9_4M.bin,4194304,4.0M,1789014625,2026-09-10T04:30:25+00:00
file_7_2M.bin,/mnt/lustre/tree/d1_4/d2_3/d3_5,/mnt/lustre/tree/d1_4/d2_3/d3_5/file_7_2M.bin,2097152,2.0M,1789014625,2026-09-10T04:30:25+00:00
file_7_9M.bin,/mnt/lustre/tree/d1_4/d2_3/d3_2,/mnt/lustre/tree/d1_4/d2_3/d3_2/file_7_9M.bin,9437184,9.0M,1789014624,2026-09-10T04:30:24+00:00
file_10_5M.bin,/mnt/lustre/tree/d1_4/d2_3/d3_2,/mnt/lustre/tree/d1_4/d2_3/d3_2/file_10_5M.bin,5242880,5.0M,1789014624,2026-09-10T04:30:24+00:00
file_3_9M.bin,/mnt/lustre/tree/d1_4/d2_3/d3_2,/mnt/lustre/tree/d1_4/d2_3/d3_2/file_3_9M.bin,9437184,9.0M,1789014624,2026-09-10T04:30:24+00:00
file_1_5M.bin,/mnt/lustre/tree/d1_4/d2_3/d3_2,/mnt/lustre/tree/d1_4/d2_3/d3_2/file_1_5M.bin,5242880,5.0M,1789014624,2026-09-10T04:30:24+00:00
file_5_4M.bin,/mnt/lustre/tree/d1_4/d2_3/d3_2,/mnt/lustre/tree/d1_4/d2_3/d3_2/file_5_4M.bin,4194304,4.0M,1789014624,2026-09-10T04:30:24+00:00
file_6_4M.bin,/mnt/lustre/tree/d1_4/d2_3/d3_2,/mnt/lustre/tree/d1_4/d2_3/d3_2/file_6_4M.bin,4194304,4.0M,1789014624,2026-09-10T04:30:24+00:00
file_2_9M.bin,/mnt/lustre/tree/d1_4/d2_3/d3_2,/mnt/lustre/tree/d1_4/d2_3/d3_2/file_2_9M.bin,9437184,9.0M,1789014624,2026-09-10T04:30:24+00:00
file_8_3M.bin,/mnt/lustre/tree/d1_4/d2_3/d3_2,/mnt/lustre/tree/d1_4/d2_3/d3_2/file_8_3M.bin,3145728,3.0M,1789014624,2026-09-10T04:30:24+00:00
file_9_1M.bin,/mnt/lustre/tree/d1_4/d2_3/d3_2,/mnt/lustre/tree/d1_4/d2_3/d3_2/file_9_1M.bin,1048576,1.0M,1789014624,2026-09-10T04:30:24+00:00
file_4_9M.bin,/mnt/lustre/tree/d1_4/d2_3/d3_2,/mnt/lustre/tree/d1_4/d2_3/d3_2/file_4_9M.bin,9437184,9.0M,1789014624,2026-09-10T04:30:24+00:00
file_6_1M.bin,/mnt/lustre/tree/d1_4/d2_3/d3_1,/mnt/lustre/tree/d1_4/d2_3/d3_1/file_6_1M.bin,1048576,1.0M,1789014624,2026-09-10T04:30:24+00:00
file_9_9M.bin,/mnt/lustre/tree/d1_4/d2_3/d3_1,/mnt/lustre/tree/d1_4/d2_3/d3_1/file_9_9M.bin,9437184,9.0M,1789014624,2026-09-10T04:30:24+00:00
file_1_2M.bin,/mnt/lustre/tree/d1_4/d2_3/d3_1,/mnt/lustre/tree/d1_4/d2_3/d3_1/file_1_2M.bin,2097152,2.0M,1789014624,2026-09-10T04:30:24+00:00
file_10_2M.bin,/mnt/lustre/tree/d1_4/d2_3/d3_1,/mnt/lustre/tree/d1_4/d2_3/d3_1/file_10_2M.bin,2097152,2.0M,1789014624,2026-09-10T04:30:24+00:00
file_4_4M.bin,/mnt/lustre/tree/d1_4/d2_3/d3_1,/mnt/lustre/tree/d1_4/d2_3/d3_1/file_4_4M.bin,4194304,4.0M,1789014624,2026-09-10T04:30:24+00:00
file_7_6M.bin,/mnt/lustre/tree/d1_4/d2_3/d3_1,/mnt/lustre/tree/d1_4/d2_3/d3_1/file_7_6M.bin,6291456,6.0M,1789014624,2026-09-10T04:30:24+00:00
file_5_4M.bin,/mnt/lustre/tree/d1_4/d2_3/d3_1,/mnt/lustre/tree/d1_4/d2_3/d3_1/file_5_4M.bin,4194304,4.0M,1789014624,2026-09-10T04:30:24+00:00
file_2_7M.bin,/mnt/lustre/tree/d1_4/d2_3/d3_1,/mnt/lustre/tree/d1_4/d2_3/d3_1/file_2_7M.bin,7340032,7.0M,1789014624,2026-09-10T04:30:24+00:00
file_3_4M.bin,/mnt/lustre/tree/d1_4/d2_3/d3_1,/mnt/lustre/tree/d1_4/d2_3/d3_1/file_3_4M.bin,4194304,4.0M,1789014624,2026-09-10T04:30:24+00:00
file_8_1M.bin,/mnt/lustre/tree/d1_4/d2_3/d3_1,/mnt/lustre/tree/d1_4/d2_3/d3_1/file_8_1M.bin,1048576,1.0M,1789014624,2026-09-10T04:30:24+00:00
file_8_10M.bin,/mnt/lustre/tree/d1_4/d2_2,/mnt/lustre/tree/d1_4/d2_2/file_8_10M.bin,10485760,10.0M,1789014622,2026-09-10T04:30:22+00:00
file_9_8M.bin,/mnt/lustre/tree/d1_4/d2_2,/mnt/lustre/tree/d1_4/d2_2/file_9_8M.bin,8388608,8.0M,1789014622,2026-09-10T04:30:22+00:00
file_2_9M.bin,/mnt/lustre/tree/d1_4/d2_2,/mnt/lustre/tree/d1_4/d2_2/file_2_9M.bin,9437184,9.0M,1789014621,2026-09-10T04:30:21+00:00
file_3_1M.bin,/mnt/lustre/tree/d1_4/d2_2,/mnt/lustre/tree/d1_4/d2_2/file_3_1M.bin,1048576,1.0M,1789014621,2026-09-10T04:30:21+00:00
file_10_5M.bin,/mnt/lustre/tree/d1_4/d2_2,/mnt/lustre/tree/d1_4/d2_2/file_10_5M.bin,5242880,5.0M,1789014622,2026-09-10T04:30:22+00:00
file_6_10M.bin,/mnt/lustre/tree/d1_4/d2_2,/mnt/lustre/tree/d1_4/d2_2/file_6_10M.bin,10485760,10.0M,1789014621,2026-09-10T04:30:21+00:00
file_7_1M.bin,/mnt/lustre/tree/d1_4/d2_2,/mnt/lustre/tree/d1_4/d2_2/file_7_1M.bin,1048576,1.0M,1789014621,2026-09-10T04:30:21+00:00
file_4_7M.bin,/mnt/lustre/tree/d1_4/d2_2,/mnt/lustre/tree/d1_4/d2_2/file_4_7M.bin,7340032,7.0M,1789014621,2026-09-10T04:30:21+00:00
file_5_1M.bin,/mnt/lustre/tree/d1_4/d2_2,/mnt/lustre/tree/d1_4/d2_2/file_5_1M.bin,1048576,1.0M,1789014621,2026-09-10T04:30:21+00:00
file_1_8M.bin,/mnt/lustre/tree/d1_4/d2_2,/mnt/lustre/tree/d1_4/d2_2/file_1_8M.bin,8388608,8.0M,1789014621,2026-09-10T04:30:21+00:00
file_5_9M.bin,/mnt/lustre/tree/d1_4/d2_2/d3_4,/mnt/lustre/tree/d1_4/d2_2/d3_4/file_5_9M.bin,9437184,9.0M,1789014623,2026-09-10T04:30:23+00:00
file_2_2M.bin,/mnt/lustre/tree/d1_4/d2_2/d3_4,/mnt/lustre/tree/d1_4/d2_2/d3_4/file_2_2M.bin,2097152,2.0M,1789014623,2026-09-10T04:30:23+00:00
file_1_8M.bin,/mnt/lustre/tree/d1_4/d2_2/d3_4,/mnt/lustre/tree/d1_4/d2_2/d3_4/file_1_8M.bin,8388608,8.0M,1789014623,2026-09-10T04:30:23+00:00
file_10_10M.bin,/mnt/lustre/tree/d1_4/d2_2/d3_4,/mnt/lustre/tree/d1_4/d2_2/d3_4/file_10_10M.bin,10485760,10.0M,1789014623,2026-09-10T04:30:23+00:00
file_3_9M.bin,/mnt/lustre/tree/d1_4/d2_2/d3_4,/mnt/lustre/tree/d1_4/d2_2/d3_4/file_3_9M.bin,9437184,9.0M,1789014623,2026-09-10T04:30:23+00:00
file_8_2M.bin,/mnt/lustre/tree/d1_4/d2_2/d3_4,/mnt/lustre/tree/d1_4/d2_2/d3_4/file_8_2M.bin,2097152,2.0M,1789014623,2026-09-10T04:30:23+00:00
file_4_4M.bin,/mnt/lustre/tree/d1_4/d2_2/d3_4,/mnt/lustre/tree/d1_4/d2_2/d3_4/file_4_4M.bin,4194304,4.0M,1789014623,2026-09-10T04:30:23+00:00
file_6_4M.bin,/mnt/lustre/tree/d1_4/d2_2/d3_4,/mnt/lustre/tree/d1_4/d2_2/d3_4/file_6_4M.bin,4194304,4.0M,1789014623,2026-09-10T04:30:23+00:00
file_9_9M.bin,/mnt/lustre/tree/d1_4/d2_2/d3_4,/mnt/lustre/tree/d1_4/d2_2/d3_4/file_9_9M.bin,9437184,9.0M,1789014623,2026-09-10T04:30:23+00:00
file_7_7M.bin,/mnt/lustre/tree/d1_4/d2_2/d3_4,/mnt/lustre/tree/d1_4/d2_2/d3_4/file_7_7M.bin,7340032,7.0M,1789014623,2026-09-10T04:30:23+00:00
file_10_3M.bin,/mnt/lustre/tree/d1_4/d2_2/d3_3,/mnt/lustre/tree/d1_4/d2_2/d3_3/file_10_3M.bin,3145728,3.0M,1789014623,2026-09-10T04:30:23+00:00
file_9_3M.bin,/mnt/lustre/tree/d1_4/d2_2/d3_3,/mnt/lustre/tree/d1_4/d2_2/d3_3/file_9_3M.bin,3145728,3.0M,1789014623,2026-09-10T04:30:23+00:00
file_5_1M.bin,/mnt/lustre/tree/d1_4/d2_2/d3_3,/mnt/lustre/tree/d1_4/d2_2/d3_3/file_5_1M.bin,1048576,1.0M,1789014623,2026-09-10T04:30:23+00:00
file_8_4M.bin,/mnt/lustre/tree/d1_4/d2_2/d3_3,/mnt/lustre/tree/d1_4/d2_2/d3_3/file_8_4M.bin,4194304,4.0M,1789014623,2026-09-10T04:30:23+00:00
file_4_6M.bin,/mnt/lustre/tree/d1_4/d2_2/d3_3,/mnt/lustre/tree/d1_4/d2_2/d3_3/file_4_6M.bin,6291456,6.0M,1789014623,2026-09-10T04:30:23+00:00
file_7_4M.bin,/mnt/lustre/tree/d1_4/d2_2/d3_3,/mnt/lustre/tree/d1_4/d2_2/d3_3/file_7_4M.bin,4194304,4.0M,1789014623,2026-09-10T04:30:23+00:00
file_2_1M.bin,/mnt/lustre/tree/d1_4/d2_2/d3_3,/mnt/lustre/tree/d1_4/d2_2/d3_3/file_2_1M.bin,1048576,1.0M,1789014622,2026-09-10T04:30:22+00:00
file_3_10M.bin,/mnt/lustre/tree/d1_4/d2_2/d3_3,/mnt/lustre/tree/d1_4/d2_2/d3_3/file_3_10M.bin,10485760,10.0M,1789014622,2026-09-10T04:30:22+00:00
file_1_6M.bin,/mnt/lustre/tree/d1_4/d2_2/d3_3,/mnt/lustre/tree/d1_4/d2_2/d3_3/file_1_6M.bin,6291456,6.0M,1789014622,2026-09-10T04:30:22+00:00
file_6_1M.bin,/mnt/lustre/tree/d1_4/d2_2/d3_3,/mnt/lustre/tree/d1_4/d2_2/d3_3/file_6_1M.bin,1048576,1.0M,1789014623,2026-09-10T04:30:23+00:00
file_10_3M.bin,/mnt/lustre/tree/d1_4/d2_2/d3_2,/mnt/lustre/tree/d1_4/d2_2/d3_2/file_10_3M.bin,3145728,3.0M,1789014622,2026-09-10T04:30:22+00:00
file_4_10M.bin,/mnt/lustre/tree/d1_4/d2_2/d3_2,/mnt/lustre/tree/d1_4/d2_2/d3_2/file_4_10M.bin,10485760,10.0M,1789014622,2026-09-10T04:30:22+00:00
file_7_9M.bin,/mnt/lustre/tree/d1_4/d2_2/d3_2,/mnt/lustre/tree/d1_4/d2_2/d3_2/file_7_9M.bin,9437184,9.0M,1789014622,2026-09-10T04:30:22+00:00
file_9_7M.bin,/mnt/lustre/tree/d1_4/d2_2/d3_2,/mnt/lustre/tree/d1_4/d2_2/d3_2/file_9_7M.bin,7340032,7.0M,1789014622,2026-09-10T04:30:22+00:00
file_1_8M.bin,/mnt/lustre/tree/d1_4/d2_2/d3_2,/mnt/lustre/tree/d1_4/d2_2/d3_2/file_1_8M.bin,8388608,8.0M,1789014622,2026-09-10T04:30:22+00:00
file_5_8M.bin,/mnt/lustre/tree/d1_4/d2_2/d3_2,/mnt/lustre/tree/d1_4/d2_2/d3_2/file_5_8M.bin,8388608,8.0M,1789014622,2026-09-10T04:30:22+00:00
file_8_6M.bin,/mnt/lustre/tree/d1_4/d2_2/d3_2,/mnt/lustre/tree/d1_4/d2_2/d3_2/file_8_6M.bin,6291456,6.0M,1789014622,2026-09-10T04:30:22+00:00
file_2_5M.bin,/mnt/lustre/tree/d1_4/d2_2/d3_2,/mnt/lustre/tree/d1_4/d2_2/d3_2/file_2_5M.bin,5242880,5.0M,1789014622,2026-09-10T04:30:22+00:00
file_6_10M.bin,/mnt/lustre/tree/d1_4/d2_2/d3_2,/mnt/lustre/tree/d1_4/d2_2/d3_2/file_6_10M.bin,10485760,10.0M,1789014622,2026-09-10T04:30:22+00:00
file_3_6M.bin,/mnt/lustre/tree/d1_4/d2_2/d3_2,/mnt/lustre/tree/d1_4/d2_2/d3_2/file_3_6M.bin,6291456,6.0M,1789014622,2026-09-10T04:30:22+00:00
file_6_3M.bin,/mnt/lustre/tree/d1_4/d2_2/d3_5,/mnt/lustre/tree/d1_4/d2_2/d3_5/file_6_3M.bin,3145728,3.0M,1789014623,2026-09-10T04:30:23+00:00
file_4_10M.bin,/mnt/lustre/tree/d1_4/d2_2/d3_5,/mnt/lustre/tree/d1_4/d2_2/d3_5/file_4_10M.bin,10485760,10.0M,1789014623,2026-09-10T04:30:23+00:00
file_7_8M.bin,/mnt/lustre/tree/d1_4/d2_2/d3_5,/mnt/lustre/tree/d1_4/d2_2/d3_5/file_7_8M.bin,8388608,8.0M,1789014623,2026-09-10T04:30:23+00:00
file_3_1M.bin,/mnt/lustre/tree/d1_4/d2_2/d3_5,/mnt/lustre/tree/d1_4/d2_2/d3_5/file_3_1M.bin,1048576,1.0M,1789014623,2026-09-10T04:30:23+00:00
file_2_7M.bin,/mnt/lustre/tree/d1_4/d2_2/d3_5,/mnt/lustre/tree/d1_4/d2_2/d3_5/file_2_7M.bin,7340032,7.0M,1789014623,2026-09-10T04:30:23+00:00
file_9_4M.bin,/mnt/lustre/tree/d1_4/d2_2/d3_5,/mnt/lustre/tree/d1_4/d2_2/d3_5/file_9_4M.bin,4194304,4.0M,1789014623,2026-09-10T04:30:23+00:00
file_5_2M.bin,/mnt/lustre/tree/d1_4/d2_2/d3_5,/mnt/lustre/tree/d1_4/d2_2/d3_5/file_5_2M.bin,2097152,2.0M,1789014623,2026-09-10T04:30:23+00:00
file_10_1M.bin,/mnt/lustre/tree/d1_4/d2_2/d3_5,/mnt/lustre/tree/d1_4/d2_2/d3_5/file_10_1M.bin,1048576,1.0M,1789014623,2026-09-10T04:30:23+00:00
file_1_2M.bin,/mnt/lustre/tree/d1_4/d2_2/d3_5,/mnt/lustre/tree/d1_4/d2_2/d3_5/file_1_2M.bin,2097152,2.0M,1789014623,2026-09-10T04:30:23+00:00
file_8_7M.bin,/mnt/lustre/tree/d1_4/d2_2/d3_5,/mnt/lustre/tree/d1_4/d2_2/d3_5/file_8_7M.bin,7340032,7.0M,1789014623,2026-09-10T04:30:23+00:00
file_3_2M.bin,/mnt/lustre/tree/d1_4/d2_2/d3_1,/mnt/lustre/tree/d1_4/d2_2/d3_1/file_3_2M.bin,2097152,2.0M,1789014622,2026-09-10T04:30:22+00:00
file_7_2M.bin,/mnt/lustre/tree/d1_4/d2_2/d3_1,/mnt/lustre/tree/d1_4/d2_2/d3_1/file_7_2M.bin,2097152,2.0M,1789014622,2026-09-10T04:30:22+00:00
file_8_4M.bin,/mnt/lustre/tree/d1_4/d2_2/d3_1,/mnt/lustre/tree/d1_4/d2_2/d3_1/file_8_4M.bin,4194304,4.0M,1789014622,2026-09-10T04:30:22+00:00
file_10_8M.bin,/mnt/lustre/tree/d1_4/d2_2/d3_1,/mnt/lustre/tree/d1_4/d2_2/d3_1/file_10_8M.bin,8388608,8.0M,1789014622,2026-09-10T04:30:22+00:00
file_5_8M.bin,/mnt/lustre/tree/d1_4/d2_2/d3_1,/mnt/lustre/tree/d1_4/d2_2/d3_1/file_5_8M.bin,8388608,8.0M,1789014622,2026-09-10T04:30:22+00:00
file_1_1M.bin,/mnt/lustre/tree/d1_4/d2_2/d3_1,/mnt/lustre/tree/d1_4/d2_2/d3_1/file_1_1M.bin,1048576,1.0M,1789014622,2026-09-10T04:30:22+00:00
file_4_3M.bin,/mnt/lustre/tree/d1_4/d2_2/d3_1,/mnt/lustre/tree/d1_4/d2_2/d3_1/file_4_3M.bin,3145728,3.0M,1789014622,2026-09-10T04:30:22+00:00
file_2_2M.bin,/mnt/lustre/tree/d1_4/d2_2/d3_1,/mnt/lustre/tree/d1_4/d2_2/d3_1/file_2_2M.bin,2097152,2.0M,1789014622,2026-09-10T04:30:22+00:00
file_9_3M.bin,/mnt/lustre/tree/d1_4/d2_2/d3_1,/mnt/lustre/tree/d1_4/d2_2/d3_1/file_9_3M.bin,3145728,3.0M,1789014622,2026-09-10T04:30:22+00:00
file_6_10M.bin,/mnt/lustre/tree/d1_4/d2_2/d3_1,/mnt/lustre/tree/d1_4/d2_2/d3_1/file_6_10M.bin,10485760,10.0M,1789014622,2026-09-10T04:30:22+00:00
file_6_8M.bin,/mnt/lustre/tree/d1_4/d2_5,/mnt/lustre/tree/d1_4/d2_5/file_6_8M.bin,8388608,8.0M,1789014628,2026-09-10T04:30:28+00:00
file_8_6M.bin,/mnt/lustre/tree/d1_4/d2_5,/mnt/lustre/tree/d1_4/d2_5/file_8_6M.bin,6291456,6.0M,1789014628,2026-09-10T04:30:28+00:00
file_4_4M.bin,/mnt/lustre/tree/d1_4/d2_5,/mnt/lustre/tree/d1_4/d2_5/file_4_4M.bin,4194304,4.0M,1789014628,2026-09-10T04:30:28+00:00
file_1_10M.bin,/mnt/lustre/tree/d1_4/d2_5,/mnt/lustre/tree/d1_4/d2_5/file_1_10M.bin,10485760,10.0M,1789014628,2026-09-10T04:30:28+00:00
file_9_10M.bin,/mnt/lustre/tree/d1_4/d2_5,/mnt/lustre/tree/d1_4/d2_5/file_9_10M.bin,10485760,10.0M,1789014628,2026-09-10T04:30:28+00:00
file_3_5M.bin,/mnt/lustre/tree/d1_4/d2_5,/mnt/lustre/tree/d1_4/d2_5/file_3_5M.bin,5242880,5.0M,1789014628,2026-09-10T04:30:28+00:00
file_2_7M.bin,/mnt/lustre/tree/d1_4/d2_5,/mnt/lustre/tree/d1_4/d2_5/file_2_7M.bin,7340032,7.0M,1789014628,2026-09-10T04:30:28+00:00
file_7_5M.bin,/mnt/lustre/tree/d1_4/d2_5,/mnt/lustre/tree/d1_4/d2_5/file_7_5M.bin,5242880,5.0M,1789014628,2026-09-10T04:30:28+00:00
file_5_9M.bin,/mnt/lustre/tree/d1_4/d2_5,/mnt/lustre/tree/d1_4/d2_5/file_5_9M.bin,9437184,9.0M,1789014628,2026-09-10T04:30:28+00:00
file_10_7M.bin,/mnt/lustre/tree/d1_4/d2_5,/mnt/lustre/tree/d1_4/d2_5/file_10_7M.bin,7340032,7.0M,1789014628,2026-09-10T04:30:28+00:00
file_9_3M.bin,/mnt/lustre/tree/d1_4/d2_5/d3_3,/mnt/lustre/tree/d1_4/d2_5/d3_3/file_9_3M.bin,3145728,3.0M,1789014629,2026-09-10T04:30:29+00:00
file_8_1M.bin,/mnt/lustre/tree/d1_4/d2_5/d3_3,/mnt/lustre/tree/d1_4/d2_5/d3_3/file_8_1M.bin,1048576,1.0M,1789014629,2026-09-10T04:30:29+00:00
file_10_1M.bin,/mnt/lustre/tree/d1_4/d2_5/d3_3,/mnt/lustre/tree/d1_4/d2_5/d3_3/file_10_1M.bin,1048576,1.0M,1789014629,2026-09-10T04:30:29+00:00
file_5_9M.bin,/mnt/lustre/tree/d1_4/d2_5/d3_3,/mnt/lustre/tree/d1_4/d2_5/d3_3/file_5_9M.bin,9437184,9.0M,1789014629,2026-09-10T04:30:29+00:00
file_3_9M.bin,/mnt/lustre/tree/d1_4/d2_5/d3_3,/mnt/lustre/tree/d1_4/d2_5/d3_3/file_3_9M.bin,9437184,9.0M,1789014629,2026-09-10T04:30:29+00:00
file_2_9M.bin,/mnt/lustre/tree/d1_4/d2_5/d3_3,/mnt/lustre/tree/d1_4/d2_5/d3_3/file_2_9M.bin,9437184,9.0M,1789014629,2026-09-10T04:30:29+00:00
file_6_9M.bin,/mnt/lustre/tree/d1_4/d2_5/d3_3,/mnt/lustre/tree/d1_4/d2_5/d3_3/file_6_9M.bin,9437184,9.0M,1789014629,2026-09-10T04:30:29+00:00
file_4_5M.bin,/mnt/lustre/tree/d1_4/d2_5/d3_3,/mnt/lustre/tree/d1_4/d2_5/d3_3/file_4_5M.bin,5242880,5.0M,1789014629,2026-09-10T04:30:29+00:00
file_1_6M.bin,/mnt/lustre/tree/d1_4/d2_5/d3_3,/mnt/lustre/tree/d1_4/d2_5/d3_3/file_1_6M.bin,6291456,6.0M,1789014629,2026-09-10T04:30:29+00:00
file_7_3M.bin,/mnt/lustre/tree/d1_4/d2_5/d3_3,/mnt/lustre/tree/d1_4/d2_5/d3_3/file_7_3M.bin,3145728,3.0M,1789014629,2026-09-10T04:30:29+00:00
file_8_8M.bin,/mnt/lustre/tree/d1_4/d2_5/d3_4,/mnt/lustre/tree/d1_4/d2_5/d3_4/file_8_8M.bin,8388608,8.0M,1789014629,2026-09-10T04:30:29+00:00
file_7_4M.bin,/mnt/lustre/tree/d1_4/d2_5/d3_4,/mnt/lustre/tree/d1_4/d2_5/d3_4/file_7_4M.bin,4194304,4.0M,1789014629,2026-09-10T04:30:29+00:00
file_9_6M.bin,/mnt/lustre/tree/d1_4/d2_5/d3_4,/mnt/lustre/tree/d1_4/d2_5/d3_4/file_9_6M.bin,6291456,6.0M,1789014629,2026-09-10T04:30:29+00:00
file_4_2M.bin,/mnt/lustre/tree/d1_4/d2_5/d3_4,/mnt/lustre/tree/d1_4/d2_5/d3_4/file_4_2M.bin,2097152,2.0M,1789014629,2026-09-10T04:30:29+00:00
file_5_9M.bin,/mnt/lustre/tree/d1_4/d2_5/d3_4,/mnt/lustre/tree/d1_4/d2_5/d3_4/file_5_9M.bin,9437184,9.0M,1789014629,2026-09-10T04:30:29+00:00
file_10_6M.bin,/mnt/lustre/tree/d1_4/d2_5/d3_4,/mnt/lustre/tree/d1_4/d2_5/d3_4/file_10_6M.bin,6291456,6.0M,1789014629,2026-09-10T04:30:29+00:00
file_1_10M.bin,/mnt/lustre/tree/d1_4/d2_5/d3_4,/mnt/lustre/tree/d1_4/d2_5/d3_4/file_1_10M.bin,10485760,10.0M,1789014629,2026-09-10T04:30:29+00:00
file_3_6M.bin,/mnt/lustre/tree/d1_4/d2_5/d3_4,/mnt/lustre/tree/d1_4/d2_5/d3_4/file_3_6M.bin,6291456,6.0M,1789014629,2026-09-10T04:30:29+00:00
file_6_1M.bin,/mnt/lustre/tree/d1_4/d2_5/d3_4,/mnt/lustre/tree/d1_4/d2_5/d3_4/file_6_1M.bin,1048576,1.0M,1789014629,2026-09-10T04:30:29+00:00
file_2_5M.bin,/mnt/lustre/tree/d1_4/d2_5/d3_4,/mnt/lustre/tree/d1_4/d2_5/d3_4/file_2_5M.bin,5242880,5.0M,1789014629,2026-09-10T04:30:29+00:00
file_4_4M.bin,/mnt/lustre/tree/d1_4/d2_5/d3_1,/mnt/lustre/tree/d1_4/d2_5/d3_1/file_4_4M.bin,4194304,4.0M,1789014628,2026-09-10T04:30:28+00:00
file_2_1M.bin,/mnt/lustre/tree/d1_4/d2_5/d3_1,/mnt/lustre/tree/d1_4/d2_5/d3_1/file_2_1M.bin,1048576,1.0M,1789014628,2026-09-10T04:30:28+00:00
file_10_4M.bin,/mnt/lustre/tree/d1_4/d2_5/d3_1,/mnt/lustre/tree/d1_4/d2_5/d3_1/file_10_4M.bin,4194304,4.0M,1789014628,2026-09-10T04:30:28+00:00
file_3_2M.bin,/mnt/lustre/tree/d1_4/d2_5/d3_1,/mnt/lustre/tree/d1_4/d2_5/d3_1/file_3_2M.bin,2097152,2.0M,1789014628,2026-09-10T04:30:28+00:00
file_9_1M.bin,/mnt/lustre/tree/d1_4/d2_5/d3_1,/mnt/lustre/tree/d1_4/d2_5/d3_1/file_9_1M.bin,1048576,1.0M,1789014628,2026-09-10T04:30:28+00:00
file_7_1M.bin,/mnt/lustre/tree/d1_4/d2_5/d3_1,/mnt/lustre/tree/d1_4/d2_5/d3_1/file_7_1M.bin,1048576,1.0M,1789014628,2026-09-10T04:30:28+00:00
file_1_10M.bin,/mnt/lustre/tree/d1_4/d2_5/d3_1,/mnt/lustre/tree/d1_4/d2_5/d3_1/file_1_10M.bin,10485760,10.0M,1789014628,2026-09-10T04:30:28+00:00
file_5_9M.bin,/mnt/lustre/tree/d1_4/d2_5/d3_1,/mnt/lustre/tree/d1_4/d2_5/d3_1/file_5_9M.bin,9437184,9.0M,1789014628,2026-09-10T04:30:28+00:00
file_6_7M.bin,/mnt/lustre/tree/d1_4/d2_5/d3_1,/mnt/lustre/tree/d1_4/d2_5/d3_1/file_6_7M.bin,7340032,7.0M,1789014628,2026-09-10T04:30:28+00:00
file_8_10M.bin,/mnt/lustre/tree/d1_4/d2_5/d3_1,/mnt/lustre/tree/d1_4/d2_5/d3_1/file_8_10M.bin,10485760,10.0M,1789014628,2026-09-10T04:30:28+00:00
file_9_1M.bin,/mnt/lustre/tree/d1_4/d2_5/d3_5,/mnt/lustre/tree/d1_4/d2_5/d3_5/file_9_1M.bin,1048576,1.0M,1789014630,2026-09-10T04:30:30+00:00
file_5_7M.bin,/mnt/lustre/tree/d1_4/d2_5/d3_5,/mnt/lustre/tree/d1_4/d2_5/d3_5/file_5_7M.bin,7340032,7.0M,1789014629,2026-09-10T04:30:29+00:00
file_8_6M.bin,/mnt/lustre/tree/d1_4/d2_5/d3_5,/mnt/lustre/tree/d1_4/d2_5/d3_5/file_8_6M.bin,6291456,6.0M,1789014630,2026-09-10T04:30:30+00:00
file_1_1M.bin,/mnt/lustre/tree/d1_4/d2_5/d3_5,/mnt/lustre/tree/d1_4/d2_5/d3_5/file_1_1M.bin,1048576,1.0M,1789014629,2026-09-10T04:30:29+00:00
file_4_2M.bin,/mnt/lustre/tree/d1_4/d2_5/d3_5,/mnt/lustre/tree/d1_4/d2_5/d3_5/file_4_2M.bin,2097152,2.0M,1789014629,2026-09-10T04:30:29+00:00
file_3_1M.bin,/mnt/lustre/tree/d1_4/d2_5/d3_5,/mnt/lustre/tree/d1_4/d2_5/d3_5/file_3_1M.bin,1048576,1.0M,1789014629,2026-09-10T04:30:29+00:00
file_7_8M.bin,/mnt/lustre/tree/d1_4/d2_5/d3_5,/mnt/lustre/tree/d1_4/d2_5/d3_5/file_7_8M.bin,8388608,8.0M,1789014630,2026-09-10T04:30:30+00:00
file_2_2M.bin,/mnt/lustre/tree/d1_4/d2_5/d3_5,/mnt/lustre/tree/d1_4/d2_5/d3_5/file_2_2M.bin,2097152,2.0M,1789014629,2026-09-10T04:30:29+00:00
file_10_9M.bin,/mnt/lustre/tree/d1_4/d2_5/d3_5,/mnt/lustre/tree/d1_4/d2_5/d3_5/file_10_9M.bin,9437184,9.0M,1789014630,2026-09-10T04:30:30+00:00
file_6_7M.bin,/mnt/lustre/tree/d1_4/d2_5/d3_5,/mnt/lustre/tree/d1_4/d2_5/d3_5/file_6_7M.bin,7340032,7.0M,1789014629,2026-09-10T04:30:29+00:00
file_9_5M.bin,/mnt/lustre/tree/d1_4/d2_5/d3_2,/mnt/lustre/tree/d1_4/d2_5/d3_2/file_9_5M.bin,5242880,5.0M,1789014629,2026-09-10T04:30:29+00:00
file_4_9M.bin,/mnt/lustre/tree/d1_4/d2_5/d3_2,/mnt/lustre/tree/d1_4/d2_5/d3_2/file_4_9M.bin,9437184,9.0M,1789014628,2026-09-10T04:30:28+00:00
file_3_7M.bin,/mnt/lustre/tree/d1_4/d2_5/d3_2,/mnt/lustre/tree/d1_4/d2_5/d3_2/file_3_7M.bin,7340032,7.0M,1789014628,2026-09-10T04:30:28+00:00
file_8_8M.bin,/mnt/lustre/tree/d1_4/d2_5/d3_2,/mnt/lustre/tree/d1_4/d2_5/d3_2/file_8_8M.bin,8388608,8.0M,1789014629,2026-09-10T04:30:29+00:00
file_7_8M.bin,/mnt/lustre/tree/d1_4/d2_5/d3_2,/mnt/lustre/tree/d1_4/d2_5/d3_2/file_7_8M.bin,8388608,8.0M,1789014629,2026-09-10T04:30:29+00:00
file_1_8M.bin,/mnt/lustre/tree/d1_4/d2_5/d3_2,/mnt/lustre/tree/d1_4/d2_5/d3_2/file_1_8M.bin,8388608,8.0M,1789014628,2026-09-10T04:30:28+00:00
file_5_1M.bin,/mnt/lustre/tree/d1_4/d2_5/d3_2,/mnt/lustre/tree/d1_4/d2_5/d3_2/file_5_1M.bin,1048576,1.0M,1789014628,2026-09-10T04:30:28+00:00
file_10_3M.bin,/mnt/lustre/tree/d1_4/d2_5/d3_2,/mnt/lustre/tree/d1_4/d2_5/d3_2/file_10_3M.bin,3145728,3.0M,1789014629,2026-09-10T04:30:29+00:00
file_2_2M.bin,/mnt/lustre/tree/d1_4/d2_5/d3_2,/mnt/lustre/tree/d1_4/d2_5/d3_2/file_2_2M.bin,2097152,2.0M,1789014628,2026-09-10T04:30:28+00:00
file_6_7M.bin,/mnt/lustre/tree/d1_4/d2_5/d3_2,/mnt/lustre/tree/d1_4/d2_5/d3_2/file_6_7M.bin,7340032,7.0M,1789014628,2026-09-10T04:30:28+00:00
file_7_5M.bin,/mnt/lustre/tree/d1_4/d2_1,/mnt/lustre/tree/d1_4/d2_1/file_7_5M.bin,5242880,5.0M,1789014619,2026-09-10T04:30:19+00:00
file_1_8M.bin,/mnt/lustre/tree/d1_4/d2_1,/mnt/lustre/tree/d1_4/d2_1/file_1_8M.bin,8388608,8.0M,1789014619,2026-09-10T04:30:19+00:00
file_5_1M.bin,/mnt/lustre/tree/d1_4/d2_1,/mnt/lustre/tree/d1_4/d2_1/file_5_1M.bin,1048576,1.0M,1789014619,2026-09-10T04:30:19+00:00
file_9_2M.bin,/mnt/lustre/tree/d1_4/d2_1,/mnt/lustre/tree/d1_4/d2_1/file_9_2M.bin,2097152,2.0M,1789014619,2026-09-10T04:30:19+00:00
file_8_2M.bin,/mnt/lustre/tree/d1_4/d2_1,/mnt/lustre/tree/d1_4/d2_1/file_8_2M.bin,2097152,2.0M,1789014619,2026-09-10T04:30:19+00:00
file_2_9M.bin,/mnt/lustre/tree/d1_4/d2_1,/mnt/lustre/tree/d1_4/d2_1/file_2_9M.bin,9437184,9.0M,1789014619,2026-09-10T04:30:19+00:00
file_4_8M.bin,/mnt/lustre/tree/d1_4/d2_1,/mnt/lustre/tree/d1_4/d2_1/file_4_8M.bin,8388608,8.0M,1789014619,2026-09-10T04:30:19+00:00
file_10_10M.bin,/mnt/lustre/tree/d1_4/d2_1,/mnt/lustre/tree/d1_4/d2_1/file_10_10M.bin,10485760,10.0M,1789014619,2026-09-10T04:30:19+00:00
file_6_1M.bin,/mnt/lustre/tree/d1_4/d2_1,/mnt/lustre/tree/d1_4/d2_1/file_6_1M.bin,1048576,1.0M,1789014619,2026-09-10T04:30:19+00:00
file_3_10M.bin,/mnt/lustre/tree/d1_4/d2_1,/mnt/lustre/tree/d1_4/d2_1/file_3_10M.bin,10485760,10.0M,1789014619,2026-09-10T04:30:19+00:00
file_7_1M.bin,/mnt/lustre/tree/d1_4/d2_1/d3_4,/mnt/lustre/tree/d1_4/d2_1/d3_4/file_7_1M.bin,1048576,1.0M,1789014621,2026-09-10T04:30:21+00:00
file_2_10M.bin,/mnt/lustre/tree/d1_4/d2_1/d3_4,/mnt/lustre/tree/d1_4/d2_1/d3_4/file_2_10M.bin,10485760,10.0M,1789014621,2026-09-10T04:30:21+00:00
file_5_7M.bin,/mnt/lustre/tree/d1_4/d2_1/d3_4,/mnt/lustre/tree/d1_4/d2_1/d3_4/file_5_7M.bin,7340032,7.0M,1789014621,2026-09-10T04:30:21+00:00
file_3_6M.bin,/mnt/lustre/tree/d1_4/d2_1/d3_4,/mnt/lustre/tree/d1_4/d2_1/d3_4/file_3_6M.bin,6291456,6.0M,1789014621,2026-09-10T04:30:21+00:00
file_4_5M.bin,/mnt/lustre/tree/d1_4/d2_1/d3_4,/mnt/lustre/tree/d1_4/d2_1/d3_4/file_4_5M.bin,5242880,5.0M,1789014621,2026-09-10T04:30:21+00:00
file_10_3M.bin,/mnt/lustre/tree/d1_4/d2_1/d3_4,/mnt/lustre/tree/d1_4/d2_1/d3_4/file_10_3M.bin,3145728,3.0M,1789014621,2026-09-10T04:30:21+00:00
file_9_9M.bin,/mnt/lustre/tree/d1_4/d2_1/d3_4,/mnt/lustre/tree/d1_4/d2_1/d3_4/file_9_9M.bin,9437184,9.0M,1789014621,2026-09-10T04:30:21+00:00
file_1_10M.bin,/mnt/lustre/tree/d1_4/d2_1/d3_4,/mnt/lustre/tree/d1_4/d2_1/d3_4/file_1_10M.bin,10485760,10.0M,1789014621,2026-09-10T04:30:21+00:00
file_6_8M.bin,/mnt/lustre/tree/d1_4/d2_1/d3_4,/mnt/lustre/tree/d1_4/d2_1/d3_4/file_6_8M.bin,8388608,8.0M,1789014621,2026-09-10T04:30:21+00:00
file_8_2M.bin,/mnt/lustre/tree/d1_4/d2_1/d3_4,/mnt/lustre/tree/d1_4/d2_1/d3_4/file_8_2M.bin,2097152,2.0M,1789014621,2026-09-10T04:30:21+00:00
file_5_7M.bin,/mnt/lustre/tree/d1_4/d2_1/d3_3,/mnt/lustre/tree/d1_4/d2_1/d3_3/file_5_7M.bin,7340032,7.0M,1789014620,2026-09-10T04:30:20+00:00
file_4_10M.bin,/mnt/lustre/tree/d1_4/d2_1/d3_3,/mnt/lustre/tree/d1_4/d2_1/d3_3/file_4_10M.bin,10485760,10.0M,1789014620,2026-09-10T04:30:20+00:00
file_1_3M.bin,/mnt/lustre/tree/d1_4/d2_1/d3_3,/mnt/lustre/tree/d1_4/d2_1/d3_3/file_1_3M.bin,3145728,3.0M,1789014620,2026-09-10T04:30:20+00:00
file_6_4M.bin,/mnt/lustre/tree/d1_4/d2_1/d3_3,/mnt/lustre/tree/d1_4/d2_1/d3_3/file_6_4M.bin,4194304,4.0M,1789014620,2026-09-10T04:30:20+00:00
file_10_2M.bin,/mnt/lustre/tree/d1_4/d2_1/d3_3,/mnt/lustre/tree/d1_4/d2_1/d3_3/file_10_2M.bin,2097152,2.0M,1789014621,2026-09-10T04:30:21+00:00
file_9_6M.bin,/mnt/lustre/tree/d1_4/d2_1/d3_3,/mnt/lustre/tree/d1_4/d2_1/d3_3/file_9_6M.bin,6291456,6.0M,1789014621,2026-09-10T04:30:21+00:00
file_8_1M.bin,/mnt/lustre/tree/d1_4/d2_1/d3_3,/mnt/lustre/tree/d1_4/d2_1/d3_3/file_8_1M.bin,1048576,1.0M,1789014620,2026-09-10T04:30:20+00:00
file_2_10M.bin,/mnt/lustre/tree/d1_4/d2_1/d3_3,/mnt/lustre/tree/d1_4/d2_1/d3_3/file_2_10M.bin,10485760,10.0M,1789014620,2026-09-10T04:30:20+00:00
file_3_8M.bin,/mnt/lustre/tree/d1_4/d2_1/d3_3,/mnt/lustre/tree/d1_4/d2_1/d3_3/file_3_8M.bin,8388608,8.0M,1789014620,2026-09-10T04:30:20+00:00
file_7_5M.bin,/mnt/lustre/tree/d1_4/d2_1/d3_3,/mnt/lustre/tree/d1_4/d2_1/d3_3/file_7_5M.bin,5242880,5.0M,1789014620,2026-09-10T04:30:20+00:00
file_5_3M.bin,/mnt/lustre/tree/d1_4/d2_1/d3_1,/mnt/lustre/tree/d1_4/d2_1/d3_1/file_5_3M.bin,3145728,3.0M,1789014620,2026-09-10T04:30:20+00:00
file_3_2M.bin,/mnt/lustre/tree/d1_4/d2_1/d3_1,/mnt/lustre/tree/d1_4/d2_1/d3_1/file_3_2M.bin,2097152,2.0M,1789014620,2026-09-10T04:30:20+00:00
file_6_9M.bin,/mnt/lustre/tree/d1_4/d2_1/d3_1,/mnt/lustre/tree/d1_4/d2_1/d3_1/file_6_9M.bin,9437184,9.0M,1789014620,2026-09-10T04:30:20+00:00
file_1_10M.bin,/mnt/lustre/tree/d1_4/d2_1/d3_1,/mnt/lustre/tree/d1_4/d2_1/d3_1/file_1_10M.bin,10485760,10.0M,1789014619,2026-09-10T04:30:19+00:00
file_9_8M.bin,/mnt/lustre/tree/d1_4/d2_1/d3_1,/mnt/lustre/tree/d1_4/d2_1/d3_1/file_9_8M.bin,8388608,8.0M,1789014620,2026-09-10T04:30:20+00:00
file_2_7M.bin,/mnt/lustre/tree/d1_4/d2_1/d3_1,/mnt/lustre/tree/d1_4/d2_1/d3_1/file_2_7M.bin,7340032,7.0M,1789014620,2026-09-10T04:30:20+00:00
file_4_6M.bin,/mnt/lustre/tree/d1_4/d2_1/d3_1,/mnt/lustre/tree/d1_4/d2_1/d3_1/file_4_6M.bin,6291456,6.0M,1789014620,2026-09-10T04:30:20+00:00
file_8_5M.bin,/mnt/lustre/tree/d1_4/d2_1/d3_1,/mnt/lustre/tree/d1_4/d2_1/d3_1/file_8_5M.bin,5242880,5.0M,1789014620,2026-09-10T04:30:20+00:00
file_10_8M.bin,/mnt/lustre/tree/d1_4/d2_1/d3_1,/mnt/lustre/tree/d1_4/d2_1/d3_1/file_10_8M.bin,8388608,8.0M,1789014620,2026-09-10T04:30:20+00:00
file_7_1M.bin,/mnt/lustre/tree/d1_4/d2_1/d3_1,/mnt/lustre/tree/d1_4/d2_1/d3_1/file_7_1M.bin,1048576,1.0M,1789014620,2026-09-10T04:30:20+00:00
file_6_2M.bin,/mnt/lustre/tree/d1_4/d2_1/d3_2,/mnt/lustre/tree/d1_4/d2_1/d3_2/file_6_2M.bin,2097152,2.0M,1789014620,2026-09-10T04:30:20+00:00
file_4_10M.bin,/mnt/lustre/tree/d1_4/d2_1/d3_2,/mnt/lustre/tree/d1_4/d2_1/d3_2/file_4_10M.bin,10485760,10.0M,1789014620,2026-09-10T04:30:20+00:00
file_8_9M.bin,/mnt/lustre/tree/d1_4/d2_1/d3_2,/mnt/lustre/tree/d1_4/d2_1/d3_2/file_8_9M.bin,9437184,9.0M,1789014620,2026-09-10T04:30:20+00:00
file_3_6M.bin,/mnt/lustre/tree/d1_4/d2_1/d3_2,/mnt/lustre/tree/d1_4/d2_1/d3_2/file_3_6M.bin,6291456,6.0M,1789014620,2026-09-10T04:30:20+00:00
file_2_4M.bin,/mnt/lustre/tree/d1_4/d2_1/d3_2,/mnt/lustre/tree/d1_4/d2_1/d3_2/file_2_4M.bin,4194304,4.0M,1789014620,2026-09-10T04:30:20+00:00
file_1_6M.bin,/mnt/lustre/tree/d1_4/d2_1/d3_2,/mnt/lustre/tree/d1_4/d2_1/d3_2/file_1_6M.bin,6291456,6.0M,1789014620,2026-09-10T04:30:20+00:00
file_10_4M.bin,/mnt/lustre/tree/d1_4/d2_1/d3_2,/mnt/lustre/tree/d1_4/d2_1/d3_2/file_10_4M.bin,4194304,4.0M,1789014620,2026-09-10T04:30:20+00:00
file_7_6M.bin,/mnt/lustre/tree/d1_4/d2_1/d3_2,/mnt/lustre/tree/d1_4/d2_1/d3_2/file_7_6M.bin,6291456,6.0M,1789014620,2026-09-10T04:30:20+00:00
file_5_6M.bin,/mnt/lustre/tree/d1_4/d2_1/d3_2,/mnt/lustre/tree/d1_4/d2_1/d3_2/file_5_6M.bin,6291456,6.0M,1789014620,2026-09-10T04:30:20+00:00
file_9_4M.bin,/mnt/lustre/tree/d1_4/d2_1/d3_2,/mnt/lustre/tree/d1_4/d2_1/d3_2/file_9_4M.bin,4194304,4.0M,1789014620,2026-09-10T04:30:20+00:00
file_9_1M.bin,/mnt/lustre/tree/d1_4/d2_1/d3_5,/mnt/lustre/tree/d1_4/d2_1/d3_5/file_9_1M.bin,1048576,1.0M,1789014621,2026-09-10T04:30:21+00:00
file_2_4M.bin,/mnt/lustre/tree/d1_4/d2_1/d3_5,/mnt/lustre/tree/d1_4/d2_1/d3_5/file_2_4M.bin,4194304,4.0M,1789014621,2026-09-10T04:30:21+00:00
file_7_7M.bin,/mnt/lustre/tree/d1_4/d2_1/d3_5,/mnt/lustre/tree/d1_4/d2_1/d3_5/file_7_7M.bin,7340032,7.0M,1789014621,2026-09-10T04:30:21+00:00
file_10_3M.bin,/mnt/lustre/tree/d1_4/d2_1/d3_5,/mnt/lustre/tree/d1_4/d2_1/d3_5/file_10_3M.bin,3145728,3.0M,1789014621,2026-09-10T04:30:21+00:00
file_6_5M.bin,/mnt/lustre/tree/d1_4/d2_1/d3_5,/mnt/lustre/tree/d1_4/d2_1/d3_5/file_6_5M.bin,5242880,5.0M,1789014621,2026-09-10T04:30:21+00:00
file_4_8M.bin,/mnt/lustre/tree/d1_4/d2_1/d3_5,/mnt/lustre/tree/d1_4/d2_1/d3_5/file_4_8M.bin,8388608,8.0M,1789014621,2026-09-10T04:30:21+00:00
file_1_3M.bin,/mnt/lustre/tree/d1_4/d2_1/d3_5,/mnt/lustre/tree/d1_4/d2_1/d3_5/file_1_3M.bin,3145728,3.0M,1789014621,2026-09-10T04:30:21+00:00
file_3_9M.bin,/mnt/lustre/tree/d1_4/d2_1/d3_5,/mnt/lustre/tree/d1_4/d2_1/d3_5/file_3_9M.bin,9437184,9.0M,1789014621,2026-09-10T04:30:21+00:00
file_8_8M.bin,/mnt/lustre/tree/d1_4/d2_1/d3_5,/mnt/lustre/tree/d1_4/d2_1/d3_5/file_8_8M.bin,8388608,8.0M,1789014621,2026-09-10T04:30:21+00:00
file_5_1M.bin,/mnt/lustre/tree/d1_4/d2_1/d3_5,/mnt/lustre/tree/d1_4/d2_1/d3_5/file_5_1M.bin,1048576,1.0M,1789014621,2026-09-10T04:30:21+00:00
file_10_10M.bin,/mnt/lustre/tree/d1_5,/mnt/lustre/tree/d1_5/file_10_10M.bin,10485760,10.0M,1789014630,2026-09-10T04:30:30+00:00
file_9_5M.bin,/mnt/lustre/tree/d1_5,/mnt/lustre/tree/d1_5/file_9_5M.bin,5242880,5.0M,1789014630,2026-09-10T04:30:30+00:00
file_1_2M.bin,/mnt/lustre/tree/d1_5,/mnt/lustre/tree/d1_5/file_1_2M.bin,2097152,2.0M,1789014630,2026-09-10T04:30:30+00:00
file_2_8M.bin,/mnt/lustre/tree/d1_5,/mnt/lustre/tree/d1_5/file_2_8M.bin,8388608,8.0M,1789014630,2026-09-10T04:30:30+00:00
file_5_2M.bin,/mnt/lustre/tree/d1_5,/mnt/lustre/tree/d1_5/file_5_2M.bin,2097152,2.0M,1789014630,2026-09-10T04:30:30+00:00
file_7_10M.bin,/mnt/lustre/tree/d1_5,/mnt/lustre/tree/d1_5/file_7_10M.bin,10485760,10.0M,1789014630,2026-09-10T04:30:30+00:00
file_6_2M.bin,/mnt/lustre/tree/d1_5,/mnt/lustre/tree/d1_5/file_6_2M.bin,2097152,2.0M,1789014630,2026-09-10T04:30:30+00:00
file_8_4M.bin,/mnt/lustre/tree/d1_5,/mnt/lustre/tree/d1_5/file_8_4M.bin,4194304,4.0M,1789014630,2026-09-10T04:30:30+00:00
file_4_7M.bin,/mnt/lustre/tree/d1_5,/mnt/lustre/tree/d1_5/file_4_7M.bin,7340032,7.0M,1789014630,2026-09-10T04:30:30+00:00
file_3_4M.bin,/mnt/lustre/tree/d1_5,/mnt/lustre/tree/d1_5/file_3_4M.bin,4194304,4.0M,1789014630,2026-09-10T04:30:30+00:00
file_8_1M.bin,/mnt/lustre/tree/d1_5/d2_3,/mnt/lustre/tree/d1_5/d2_3/file_8_1M.bin,1048576,1.0M,1789014635,2026-09-10T04:30:35+00:00
file_2_6M.bin,/mnt/lustre/tree/d1_5/d2_3,/mnt/lustre/tree/d1_5/d2_3/file_2_6M.bin,6291456,6.0M,1789014635,2026-09-10T04:30:35+00:00
file_5_9M.bin,/mnt/lustre/tree/d1_5/d2_3,/mnt/lustre/tree/d1_5/d2_3/file_5_9M.bin,9437184,9.0M,1789014635,2026-09-10T04:30:35+00:00
file_6_7M.bin,/mnt/lustre/tree/d1_5/d2_3,/mnt/lustre/tree/d1_5/d2_3/file_6_7M.bin,7340032,7.0M,1789014635,2026-09-10T04:30:35+00:00
file_7_1M.bin,/mnt/lustre/tree/d1_5/d2_3,/mnt/lustre/tree/d1_5/d2_3/file_7_1M.bin,1048576,1.0M,1789014635,2026-09-10T04:30:35+00:00
file_10_7M.bin,/mnt/lustre/tree/d1_5/d2_3,/mnt/lustre/tree/d1_5/d2_3/file_10_7M.bin,7340032,7.0M,1789014635,2026-09-10T04:30:35+00:00
file_9_9M.bin,/mnt/lustre/tree/d1_5/d2_3,/mnt/lustre/tree/d1_5/d2_3/file_9_9M.bin,9437184,9.0M,1789014635,2026-09-10T04:30:35+00:00
file_1_7M.bin,/mnt/lustre/tree/d1_5/d2_3,/mnt/lustre/tree/d1_5/d2_3/file_1_7M.bin,7340032,7.0M,1789014635,2026-09-10T04:30:35+00:00
file_4_4M.bin,/mnt/lustre/tree/d1_5/d2_3,/mnt/lustre/tree/d1_5/d2_3/file_4_4M.bin,4194304,4.0M,1789014635,2026-09-10T04:30:35+00:00
file_3_3M.bin,/mnt/lustre/tree/d1_5/d2_3,/mnt/lustre/tree/d1_5/d2_3/file_3_3M.bin,3145728,3.0M,1789014635,2026-09-10T04:30:35+00:00
file_1_9M.bin,/mnt/lustre/tree/d1_5/d2_3/d3_3,/mnt/lustre/tree/d1_5/d2_3/d3_3/file_1_9M.bin,9437184,9.0M,1789014636,2026-09-10T04:30:36+00:00
file_6_2M.bin,/mnt/lustre/tree/d1_5/d2_3/d3_3,/mnt/lustre/tree/d1_5/d2_3/d3_3/file_6_2M.bin,2097152,2.0M,1789014636,2026-09-10T04:30:36+00:00
file_5_8M.bin,/mnt/lustre/tree/d1_5/d2_3/d3_3,/mnt/lustre/tree/d1_5/d2_3/d3_3/file_5_8M.bin,8388608,8.0M,1789014636,2026-09-10T04:30:36+00:00
file_10_1M.bin,/mnt/lustre/tree/d1_5/d2_3/d3_3,/mnt/lustre/tree/d1_5/d2_3/d3_3/file_10_1M.bin,1048576,1.0M,1789014636,2026-09-10T04:30:36+00:00
file_2_2M.bin,/mnt/lustre/tree/d1_5/d2_3/d3_3,/mnt/lustre/tree/d1_5/d2_3/d3_3/file_2_2M.bin,2097152,2.0M,1789014636,2026-09-10T04:30:36+00:00
file_4_7M.bin,/mnt/lustre/tree/d1_5/d2_3/d3_3,/mnt/lustre/tree/d1_5/d2_3/d3_3/file_4_7M.bin,7340032,7.0M,1789014636,2026-09-10T04:30:36+00:00
file_7_3M.bin,/mnt/lustre/tree/d1_5/d2_3/d3_3,/mnt/lustre/tree/d1_5/d2_3/d3_3/file_7_3M.bin,3145728,3.0M,1789014636,2026-09-10T04:30:36+00:00
file_3_7M.bin,/mnt/lustre/tree/d1_5/d2_3/d3_3,/mnt/lustre/tree/d1_5/d2_3/d3_3/file_3_7M.bin,7340032,7.0M,1789014636,2026-09-10T04:30:36+00:00
file_9_4M.bin,/mnt/lustre/tree/d1_5/d2_3/d3_3,/mnt/lustre/tree/d1_5/d2_3/d3_3/file_9_4M.bin,4194304,4.0M,1789014636,2026-09-10T04:30:36+00:00
file_8_2M.bin,/mnt/lustre/tree/d1_5/d2_3/d3_3,/mnt/lustre/tree/d1_5/d2_3/d3_3/file_8_2M.bin,2097152,2.0M,1789014636,2026-09-10T04:30:36+00:00
file_6_7M.bin,/mnt/lustre/tree/d1_5/d2_3/d3_4,/mnt/lustre/tree/d1_5/d2_3/d3_4/file_6_7M.bin,7340032,7.0M,1789014636,2026-09-10T04:30:36+00:00
file_5_1M.bin,/mnt/lustre/tree/d1_5/d2_3/d3_4,/mnt/lustre/tree/d1_5/d2_3/d3_4/file_5_1M.bin,1048576,1.0M,1789014636,2026-09-10T04:30:36+00:00
file_1_8M.bin,/mnt/lustre/tree/d1_5/d2_3/d3_4,/mnt/lustre/tree/d1_5/d2_3/d3_4/file_1_8M.bin,8388608,8.0M,1789014636,2026-09-10T04:30:36+00:00
file_10_3M.bin,/mnt/lustre/tree/d1_5/d2_3/d3_4,/mnt/lustre/tree/d1_5/d2_3/d3_4/file_10_3M.bin,3145728,3.0M,1789014636,2026-09-10T04:30:36+00:00
file_3_4M.bin,/mnt/lustre/tree/d1_5/d2_3/d3_4,/mnt/lustre/tree/d1_5/d2_3/d3_4/file_3_4M.bin,4194304,4.0M,1789014636,2026-09-10T04:30:36+00:00
file_4_6M.bin,/mnt/lustre/tree/d1_5/d2_3/d3_4,/mnt/lustre/tree/d1_5/d2_3/d3_4/file_4_6M.bin,6291456,6.0M,1789014636,2026-09-10T04:30:36+00:00
file_9_6M.bin,/mnt/lustre/tree/d1_5/d2_3/d3_4,/mnt/lustre/tree/d1_5/d2_3/d3_4/file_9_6M.bin,6291456,6.0M,1789014636,2026-09-10T04:30:36+00:00
file_2_3M.bin,/mnt/lustre/tree/d1_5/d2_3/d3_4,/mnt/lustre/tree/d1_5/d2_3/d3_4/file_2_3M.bin,3145728,3.0M,1789014636,2026-09-10T04:30:36+00:00
file_7_3M.bin,/mnt/lustre/tree/d1_5/d2_3/d3_4,/mnt/lustre/tree/d1_5/d2_3/d3_4/file_7_3M.bin,3145728,3.0M,1789014636,2026-09-10T04:30:36+00:00
file_8_7M.bin,/mnt/lustre/tree/d1_5/d2_3/d3_4,/mnt/lustre/tree/d1_5/d2_3/d3_4/file_8_7M.bin,7340032,7.0M,1789014636,2026-09-10T04:30:36+00:00
file_5_1M.bin,/mnt/lustre/tree/d1_5/d2_3/d3_5,/mnt/lustre/tree/d1_5/d2_3/d3_5/file_5_1M.bin,1048576,1.0M,1789014636,2026-09-10T04:30:36+00:00
file_8_5M.bin,/mnt/lustre/tree/d1_5/d2_3/d3_5,/mnt/lustre/tree/d1_5/d2_3/d3_5/file_8_5M.bin,5242880,5.0M,1789014636,2026-09-10T04:30:36+00:00
file_10_3M.bin,/mnt/lustre/tree/d1_5/d2_3/d3_5,/mnt/lustre/tree/d1_5/d2_3/d3_5/file_10_3M.bin,3145728,3.0M,1789014637,2026-09-10T04:30:37+00:00
file_3_8M.bin,/mnt/lustre/tree/d1_5/d2_3/d3_5,/mnt/lustre/tree/d1_5/d2_3/d3_5/file_3_8M.bin,8388608,8.0M,1789014636,2026-09-10T04:30:36+00:00
file_6_3M.bin,/mnt/lustre/tree/d1_5/d2_3/d3_5,/mnt/lustre/tree/d1_5/d2_3/d3_5/file_6_3M.bin,3145728,3.0M,1789014636,2026-09-10T04:30:36+00:00
file_1_4M.bin,/mnt/lustre/tree/d1_5/d2_3/d3_5,/mnt/lustre/tree/d1_5/d2_3/d3_5/file_1_4M.bin,4194304,4.0M,1789014636,2026-09-10T04:30:36+00:00
file_4_10M.bin,/mnt/lustre/tree/d1_5/d2_3/d3_5,/mnt/lustre/tree/d1_5/d2_3/d3_5/file_4_10M.bin,10485760,10.0M,1789014636,2026-09-10T04:30:36+00:00
file_9_2M.bin,/mnt/lustre/tree/d1_5/d2_3/d3_5,/mnt/lustre/tree/d1_5/d2_3/d3_5/file_9_2M.bin,2097152,2.0M,1789014636,2026-09-10T04:30:36+00:00
file_7_2M.bin,/mnt/lustre/tree/d1_5/d2_3/d3_5,/mnt/lustre/tree/d1_5/d2_3/d3_5/file_7_2M.bin,2097152,2.0M,1789014636,2026-09-10T04:30:36+00:00
file_2_5M.bin,/mnt/lustre/tree/d1_5/d2_3/d3_5,/mnt/lustre/tree/d1_5/d2_3/d3_5/file_2_5M.bin,5242880,5.0M,1789014636,2026-09-10T04:30:36+00:00
file_6_8M.bin,/mnt/lustre/tree/d1_5/d2_3/d3_2,/mnt/lustre/tree/d1_5/d2_3/d3_2/file_6_8M.bin,8388608,8.0M,1789014635,2026-09-10T04:30:35+00:00
file_10_8M.bin,/mnt/lustre/tree/d1_5/d2_3/d3_2,/mnt/lustre/tree/d1_5/d2_3/d3_2/file_10_8M.bin,8388608,8.0M,1789014636,2026-09-10T04:30:36+00:00
file_1_3M.bin,/mnt/lustre/tree/d1_5/d2_3/d3_2,/mnt/lustre/tree/d1_5/d2_3/d3_2/file_1_3M.bin,3145728,3.0M,1789014635,2026-09-10T04:30:35+00:00
file_9_9M.bin,/mnt/lustre/tree/d1_5/d2_3/d3_2,/mnt/lustre/tree/d1_5/d2_3/d3_2/file_9_9M.bin,9437184,9.0M,1789014636,2026-09-10T04:30:36+00:00
file_2_8M.bin,/mnt/lustre/tree/d1_5/d2_3/d3_2,/mnt/lustre/tree/d1_5/d2_3/d3_2/file_2_8M.bin,8388608,8.0M,1789014635,2026-09-10T04:30:35+00:00
file_7_7M.bin,/mnt/lustre/tree/d1_5/d2_3/d3_2,/mnt/lustre/tree/d1_5/d2_3/d3_2/file_7_7M.bin,7340032,7.0M,1789014635,2026-09-10T04:30:35+00:00
file_8_9M.bin,/mnt/lustre/tree/d1_5/d2_3/d3_2,/mnt/lustre/tree/d1_5/d2_3/d3_2/file_8_9M.bin,9437184,9.0M,1789014636,2026-09-10T04:30:36+00:00
file_4_2M.bin,/mnt/lustre/tree/d1_5/d2_3/d3_2,/mnt/lustre/tree/d1_5/d2_3/d3_2/file_4_2M.bin,2097152,2.0M,1789014635,2026-09-10T04:30:35+00:00
file_3_1M.bin,/mnt/lustre/tree/d1_5/d2_3/d3_2,/mnt/lustre/tree/d1_5/d2_3/d3_2/file_3_1M.bin,1048576,1.0M,1789014635,2026-09-10T04:30:35+00:00
file_5_8M.bin,/mnt/lustre/tree/d1_5/d2_3/d3_2,/mnt/lustre/tree/d1_5/d2_3/d3_2/file_5_8M.bin,8388608,8.0M,1789014635,2026-09-10T04:30:35+00:00
file_3_3M.bin,/mnt/lustre/tree/d1_5/d2_3/d3_1,/mnt/lustre/tree/d1_5/d2_3/d3_1/file_3_3M.bin,3145728,3.0M,1789014635,2026-09-10T04:30:35+00:00
file_2_4M.bin,/mnt/lustre/tree/d1_5/d2_3/d3_1,/mnt/lustre/tree/d1_5/d2_3/d3_1/file_2_4M.bin,4194304,4.0M,1789014635,2026-09-10T04:30:35+00:00
file_10_7M.bin,/mnt/lustre/tree/d1_5/d2_3/d3_1,/mnt/lustre/tree/d1_5/d2_3/d3_1/file_10_7M.bin,7340032,7.0M,1789014635,2026-09-10T04:30:35+00:00
file_5_5M.bin,/mnt/lustre/tree/d1_5/d2_3/d3_1,/mnt/lustre/tree/d1_5/d2_3/d3_1/file_5_5M.bin,5242880,5.0M,1789014635,2026-09-10T04:30:35+00:00
file_4_7M.bin,/mnt/lustre/tree/d1_5/d2_3/d3_1,/mnt/lustre/tree/d1_5/d2_3/d3_1/file_4_7M.bin,7340032,7.0M,1789014635,2026-09-10T04:30:35+00:00
file_1_4M.bin,/mnt/lustre/tree/d1_5/d2_3/d3_1,/mnt/lustre/tree/d1_5/d2_3/d3_1/file_1_4M.bin,4194304,4.0M,1789014635,2026-09-10T04:30:35+00:00
file_8_9M.bin,/mnt/lustre/tree/d1_5/d2_3/d3_1,/mnt/lustre/tree/d1_5/d2_3/d3_1/file_8_9M.bin,9437184,9.0M,1789014635,2026-09-10T04:30:35+00:00
file_6_6M.bin,/mnt/lustre/tree/d1_5/d2_3/d3_1,/mnt/lustre/tree/d1_5/d2_3/d3_1/file_6_6M.bin,6291456,6.0M,1789014635,2026-09-10T04:30:35+00:00
file_9_2M.bin,/mnt/lustre/tree/d1_5/d2_3/d3_1,/mnt/lustre/tree/d1_5/d2_3/d3_1/file_9_2M.bin,2097152,2.0M,1789014635,2026-09-10T04:30:35+00:00
file_7_8M.bin,/mnt/lustre/tree/d1_5/d2_3/d3_1,/mnt/lustre/tree/d1_5/d2_3/d3_1/file_7_8M.bin,8388608,8.0M,1789014635,2026-09-10T04:30:35+00:00
file_5_8M.bin,/mnt/lustre/tree/d1_5/d2_4,/mnt/lustre/tree/d1_5/d2_4/file_5_8M.bin,8388608,8.0M,1789014637,2026-09-10T04:30:37+00:00
file_4_6M.bin,/mnt/lustre/tree/d1_5/d2_4,/mnt/lustre/tree/d1_5/d2_4/file_4_6M.bin,6291456,6.0M,1789014637,2026-09-10T04:30:37+00:00
file_9_6M.bin,/mnt/lustre/tree/d1_5/d2_4,/mnt/lustre/tree/d1_5/d2_4/file_9_6M.bin,6291456,6.0M,1789014637,2026-09-10T04:30:37+00:00
file_2_7M.bin,/mnt/lustre/tree/d1_5/d2_4,/mnt/lustre/tree/d1_5/d2_4/file_2_7M.bin,7340032,7.0M,1789014637,2026-09-10T04:30:37+00:00
file_8_5M.bin,/mnt/lustre/tree/d1_5/d2_4,/mnt/lustre/tree/d1_5/d2_4/file_8_5M.bin,5242880,5.0M,1789014637,2026-09-10T04:30:37+00:00
file_3_4M.bin,/mnt/lustre/tree/d1_5/d2_4,/mnt/lustre/tree/d1_5/d2_4/file_3_4M.bin,4194304,4.0M,1789014637,2026-09-10T04:30:37+00:00
file_1_4M.bin,/mnt/lustre/tree/d1_5/d2_4,/mnt/lustre/tree/d1_5/d2_4/file_1_4M.bin,4194304,4.0M,1789014637,2026-09-10T04:30:37+00:00
file_10_4M.bin,/mnt/lustre/tree/d1_5/d2_4,/mnt/lustre/tree/d1_5/d2_4/file_10_4M.bin,4194304,4.0M,1789014637,2026-09-10T04:30:37+00:00
file_6_5M.bin,/mnt/lustre/tree/d1_5/d2_4,/mnt/lustre/tree/d1_5/d2_4/file_6_5M.bin,5242880,5.0M,1789014637,2026-09-10T04:30:37+00:00
file_7_6M.bin,/mnt/lustre/tree/d1_5/d2_4,/mnt/lustre/tree/d1_5/d2_4/file_7_6M.bin,6291456,6.0M,1789014637,2026-09-10T04:30:37+00:00
file_3_10M.bin,/mnt/lustre/tree/d1_5/d2_4/d3_4,/mnt/lustre/tree/d1_5/d2_4/d3_4/file_3_10M.bin,10485760,10.0M,1789014638,2026-09-10T04:30:38+00:00
file_7_2M.bin,/mnt/lustre/tree/d1_5/d2_4/d3_4,/mnt/lustre/tree/d1_5/d2_4/d3_4/file_7_2M.bin,2097152,2.0M,1789014638,2026-09-10T04:30:38+00:00
file_4_6M.bin,/mnt/lustre/tree/d1_5/d2_4/d3_4,/mnt/lustre/tree/d1_5/d2_4/d3_4/file_4_6M.bin,6291456,6.0M,1789014638,2026-09-10T04:30:38+00:00
file_5_4M.bin,/mnt/lustre/tree/d1_5/d2_4/d3_4,/mnt/lustre/tree/d1_5/d2_4/d3_4/file_5_4M.bin,4194304,4.0M,1789014638,2026-09-10T04:30:38+00:00
file_2_3M.bin,/mnt/lustre/tree/d1_5/d2_4/d3_4,/mnt/lustre/tree/d1_5/d2_4/d3_4/file_2_3M.bin,3145728,3.0M,1789014638,2026-09-10T04:30:38+00:00
file_10_3M.bin,/mnt/lustre/tree/d1_5/d2_4/d3_4,/mnt/lustre/tree/d1_5/d2_4/d3_4/file_10_3M.bin,3145728,3.0M,1789014638,2026-09-10T04:30:38+00:00
file_8_9M.bin,/mnt/lustre/tree/d1_5/d2_4/d3_4,/mnt/lustre/tree/d1_5/d2_4/d3_4/file_8_9M.bin,9437184,9.0M,1789014638,2026-09-10T04:30:38+00:00
file_6_3M.bin,/mnt/lustre/tree/d1_5/d2_4/d3_4,/mnt/lustre/tree/d1_5/d2_4/d3_4/file_6_3M.bin,3145728,3.0M,1789014638,2026-09-10T04:30:38+00:00
file_1_4M.bin,/mnt/lustre/tree/d1_5/d2_4/d3_4,/mnt/lustre/tree/d1_5/d2_4/d3_4/file_1_4M.bin,4194304,4.0M,1789014638,2026-09-10T04:30:38+00:00
file_9_7M.bin,/mnt/lustre/tree/d1_5/d2_4/d3_4,/mnt/lustre/tree/d1_5/d2_4/d3_4/file_9_7M.bin,7340032,7.0M,1789014638,2026-09-10T04:30:38+00:00
file_7_1M.bin,/mnt/lustre/tree/d1_5/d2_4/d3_3,/mnt/lustre/tree/d1_5/d2_4/d3_3/file_7_1M.bin,1048576,1.0M,1789014638,2026-09-10T04:30:38+00:00
file_10_10M.bin,/mnt/lustre/tree/d1_5/d2_4/d3_3,/mnt/lustre/tree/d1_5/d2_4/d3_3/file_10_10M.bin,10485760,10.0M,1789014638,2026-09-10T04:30:38+00:00
file_4_7M.bin,/mnt/lustre/tree/d1_5/d2_4/d3_3,/mnt/lustre/tree/d1_5/d2_4/d3_3/file_4_7M.bin,7340032,7.0M,1789014638,2026-09-10T04:30:38+00:00
file_8_5M.bin,/mnt/lustre/tree/d1_5/d2_4/d3_3,/mnt/lustre/tree/d1_5/d2_4/d3_3/file_8_5M.bin,5242880,5.0M,1789014638,2026-09-10T04:30:38+00:00
file_2_7M.bin,/mnt/lustre/tree/d1_5/d2_4/d3_3,/mnt/lustre/tree/d1_5/d2_4/d3_3/file_2_7M.bin,7340032,7.0M,1789014638,2026-09-10T04:30:38+00:00
file_3_9M.bin,/mnt/lustre/tree/d1_5/d2_4/d3_3,/mnt/lustre/tree/d1_5/d2_4/d3_3/file_3_9M.bin,9437184,9.0M,1789014638,2026-09-10T04:30:38+00:00
file_1_5M.bin,/mnt/lustre/tree/d1_5/d2_4/d3_3,/mnt/lustre/tree/d1_5/d2_4/d3_3/file_1_5M.bin,5242880,5.0M,1789014638,2026-09-10T04:30:38+00:00
file_6_4M.bin,/mnt/lustre/tree/d1_5/d2_4/d3_3,/mnt/lustre/tree/d1_5/d2_4/d3_3/file_6_4M.bin,4194304,4.0M,1789014638,2026-09-10T04:30:38+00:00
file_9_9M.bin,/mnt/lustre/tree/d1_5/d2_4/d3_3,/mnt/lustre/tree/d1_5/d2_4/d3_3/file_9_9M.bin,9437184,9.0M,1789014638,2026-09-10T04:30:38+00:00
file_5_3M.bin,/mnt/lustre/tree/d1_5/d2_4/d3_3,/mnt/lustre/tree/d1_5/d2_4/d3_3/file_5_3M.bin,3145728,3.0M,1789014638,2026-09-10T04:30:38+00:00
file_6_5M.bin,/mnt/lustre/tree/d1_5/d2_4/d3_1,/mnt/lustre/tree/d1_5/d2_4/d3_1/file_6_5M.bin,5242880,5.0M,1789014637,2026-09-10T04:30:37+00:00
file_2_4M.bin,/mnt/lustre/tree/d1_5/d2_4/d3_1,/mnt/lustre/tree/d1_5/d2_4/d3_1/file_2_4M.bin,4194304,4.0M,1789014637,2026-09-10T04:30:37+00:00
file_5_6M.bin,/mnt/lustre/tree/d1_5/d2_4/d3_1,/mnt/lustre/tree/d1_5/d2_4/d3_1/file_5_6M.bin,6291456,6.0M,1789014637,2026-09-10T04:30:37+00:00
file_4_8M.bin,/mnt/lustre/tree/d1_5/d2_4/d3_1,/mnt/lustre/tree/d1_5/d2_4/d3_1/file_4_8M.bin,8388608,8.0M,1789014637,2026-09-10T04:30:37+00:00
file_9_6M.bin,/mnt/lustre/tree/d1_5/d2_4/d3_1,/mnt/lustre/tree/d1_5/d2_4/d3_1/file_9_6M.bin,6291456,6.0M,1789014637,2026-09-10T04:30:37+00:00
file_3_1M.bin,/mnt/lustre/tree/d1_5/d2_4/d3_1,/mnt/lustre/tree/d1_5/d2_4/d3_1/file_3_1M.bin,1048576,1.0M,1789014637,2026-09-10T04:30:37+00:00
file_8_9M.bin,/mnt/lustre/tree/d1_5/d2_4/d3_1,/mnt/lustre/tree/d1_5/d2_4/d3_1/file_8_9M.bin,9437184,9.0M,1789014637,2026-09-10T04:30:37+00:00
file_7_5M.bin,/mnt/lustre/tree/d1_5/d2_4/d3_1,/mnt/lustre/tree/d1_5/d2_4/d3_1/file_7_5M.bin,5242880,5.0M,1789014637,2026-09-10T04:30:37+00:00
file_10_6M.bin,/mnt/lustre/tree/d1_5/d2_4/d3_1,/mnt/lustre/tree/d1_5/d2_4/d3_1/file_10_6M.bin,6291456,6.0M,1789014637,2026-09-10T04:30:37+00:00
file_1_8M.bin,/mnt/lustre/tree/d1_5/d2_4/d3_1,/mnt/lustre/tree/d1_5/d2_4/d3_1/file_1_8M.bin,8388608,8.0M,1789014637,2026-09-10T04:30:37+00:00
file_1_2M.bin,/mnt/lustre/tree/d1_5/d2_4/d3_2,/mnt/lustre/tree/d1_5/d2_4/d3_2/file_1_2M.bin,2097152,2.0M,1789014637,2026-09-10T04:30:37+00:00
file_2_8M.bin,/mnt/lustre/tree/d1_5/d2_4/d3_2,/mnt/lustre/tree/d1_5/d2_4/d3_2/file_2_8M.bin,8388608,8.0M,1789014637,2026-09-10T04:30:37+00:00
file_5_3M.bin,/mnt/lustre/tree/d1_5/d2_4/d3_2,/mnt/lustre/tree/d1_5/d2_4/d3_2/file_5_3M.bin,3145728,3.0M,1789014637,2026-09-10T04:30:37+00:00
file_3_6M.bin,/mnt/lustre/tree/d1_5/d2_4/d3_2,/mnt/lustre/tree/d1_5/d2_4/d3_2/file_3_6M.bin,6291456,6.0M,1789014637,2026-09-10T04:30:37+00:00
file_8_2M.bin,/mnt/lustre/tree/d1_5/d2_4/d3_2,/mnt/lustre/tree/d1_5/d2_4/d3_2/file_8_2M.bin,2097152,2.0M,1789014638,2026-09-10T04:30:38+00:00
file_10_7M.bin,/mnt/lustre/tree/d1_5/d2_4/d3_2,/mnt/lustre/tree/d1_5/d2_4/d3_2/file_10_7M.bin,7340032,7.0M,1789014638,2026-09-10T04:30:38+00:00
file_6_8M.bin,/mnt/lustre/tree/d1_5/d2_4/d3_2,/mnt/lustre/tree/d1_5/d2_4/d3_2/file_6_8M.bin,8388608,8.0M,1789014637,2026-09-10T04:30:37+00:00
file_9_8M.bin,/mnt/lustre/tree/d1_5/d2_4/d3_2,/mnt/lustre/tree/d1_5/d2_4/d3_2/file_9_8M.bin,8388608,8.0M,1789014638,2026-09-10T04:30:38+00:00
file_4_8M.bin,/mnt/lustre/tree/d1_5/d2_4/d3_2,/mnt/lustre/tree/d1_5/d2_4/d3_2/file_4_8M.bin,8388608,8.0M,1789014637,2026-09-10T04:30:37+00:00
file_7_8M.bin,/mnt/lustre/tree/d1_5/d2_4/d3_2,/mnt/lustre/tree/d1_5/d2_4/d3_2/file_7_8M.bin,8388608,8.0M,1789014638,2026-09-10T04:30:38+00:00
file_9_4M.bin,/mnt/lustre/tree/d1_5/d2_4/d3_5,/mnt/lustre/tree/d1_5/d2_4/d3_5/file_9_4M.bin,4194304,4.0M,1789014639,2026-09-10T04:30:39+00:00
file_4_9M.bin,/mnt/lustre/tree/d1_5/d2_4/d3_5,/mnt/lustre/tree/d1_5/d2_4/d3_5/file_4_9M.bin,9437184,9.0M,1789014639,2026-09-10T04:30:39+00:00
file_10_7M.bin,/mnt/lustre/tree/d1_5/d2_4/d3_5,/mnt/lustre/tree/d1_5/d2_4/d3_5/file_10_7M.bin,7340032,7.0M,1789014639,2026-09-10T04:30:39+00:00
file_3_6M.bin,/mnt/lustre/tree/d1_5/d2_4/d3_5,/mnt/lustre/tree/d1_5/d2_4/d3_5/file_3_6M.bin,6291456,6.0M,1789014638,2026-09-10T04:30:38+00:00
file_6_3M.bin,/mnt/lustre/tree/d1_5/d2_4/d3_5,/mnt/lustre/tree/d1_5/d2_4/d3_5/file_6_3M.bin,3145728,3.0M,1789014639,2026-09-10T04:30:39+00:00
file_1_8M.bin,/mnt/lustre/tree/d1_5/d2_4/d3_5,/mnt/lustre/tree/d1_5/d2_4/d3_5/file_1_8M.bin,8388608,8.0M,1789014638,2026-09-10T04:30:38+00:00
file_8_1M.bin,/mnt/lustre/tree/d1_5/d2_4/d3_5,/mnt/lustre/tree/d1_5/d2_4/d3_5/file_8_1M.bin,1048576,1.0M,1789014639,2026-09-10T04:30:39+00:00
file_7_9M.bin,/mnt/lustre/tree/d1_5/d2_4/d3_5,/mnt/lustre/tree/d1_5/d2_4/d3_5/file_7_9M.bin,9437184,9.0M,1789014639,2026-09-10T04:30:39+00:00
file_2_7M.bin,/mnt/lustre/tree/d1_5/d2_4/d3_5,/mnt/lustre/tree/d1_5/d2_4/d3_5/file_2_7M.bin,7340032,7.0M,1789014638,2026-09-10T04:30:38+00:00
file_5_8M.bin,/mnt/lustre/tree/d1_5/d2_4/d3_5,/mnt/lustre/tree/d1_5/d2_4/d3_5/file_5_8M.bin,8388608,8.0M,1789014639,2026-09-10T04:30:39+00:00
file_3_6M.bin,/mnt/lustre/tree/d1_5/d2_5,/mnt/lustre/tree/d1_5/d2_5/file_3_6M.bin,6291456,6.0M,1789014639,2026-09-10T04:30:39+00:00
file_4_1M.bin,/mnt/lustre/tree/d1_5/d2_5,/mnt/lustre/tree/d1_5/d2_5/file_4_1M.bin,1048576,1.0M,1789014639,2026-09-10T04:30:39+00:00
file_5_7M.bin,/mnt/lustre/tree/d1_5/d2_5,/mnt/lustre/tree/d1_5/d2_5/file_5_7M.bin,7340032,7.0M,1789014639,2026-09-10T04:30:39+00:00
file_6_1M.bin,/mnt/lustre/tree/d1_5/d2_5,/mnt/lustre/tree/d1_5/d2_5/file_6_1M.bin,1048576,1.0M,1789014639,2026-09-10T04:30:39+00:00
file_1_6M.bin,/mnt/lustre/tree/d1_5/d2_5,/mnt/lustre/tree/d1_5/d2_5/file_1_6M.bin,6291456,6.0M,1789014639,2026-09-10T04:30:39+00:00
file_7_6M.bin,/mnt/lustre/tree/d1_5/d2_5,/mnt/lustre/tree/d1_5/d2_5/file_7_6M.bin,6291456,6.0M,1789014639,2026-09-10T04:30:39+00:00
file_10_5M.bin,/mnt/lustre/tree/d1_5/d2_5,/mnt/lustre/tree/d1_5/d2_5/file_10_5M.bin,5242880,5.0M,1789014639,2026-09-10T04:30:39+00:00
file_8_5M.bin,/mnt/lustre/tree/d1_5/d2_5,/mnt/lustre/tree/d1_5/d2_5/file_8_5M.bin,5242880,5.0M,1789014639,2026-09-10T04:30:39+00:00
file_2_2M.bin,/mnt/lustre/tree/d1_5/d2_5,/mnt/lustre/tree/d1_5/d2_5/file_2_2M.bin,2097152,2.0M,1789014639,2026-09-10T04:30:39+00:00
file_9_3M.bin,/mnt/lustre/tree/d1_5/d2_5,/mnt/lustre/tree/d1_5/d2_5/file_9_3M.bin,3145728,3.0M,1789014639,2026-09-10T04:30:39+00:00
file_9_4M.bin,/mnt/lustre/tree/d1_5/d2_5/d3_5,/mnt/lustre/tree/d1_5/d2_5/d3_5/file_9_4M.bin,4194304,4.0M,1789014641,2026-09-10T04:30:41+00:00
file_2_10M.bin,/mnt/lustre/tree/d1_5/d2_5/d3_5,/mnt/lustre/tree/d1_5/d2_5/d3_5/file_2_10M.bin,10485760,10.0M,1789014640,2026-09-10T04:30:40+00:00
file_7_10M.bin,/mnt/lustre/tree/d1_5/d2_5/d3_5,/mnt/lustre/tree/d1_5/d2_5/d3_5/file_7_10M.bin,10485760,10.0M,1789014641,2026-09-10T04:30:41+00:00
file_3_6M.bin,/mnt/lustre/tree/d1_5/d2_5/d3_5,/mnt/lustre/tree/d1_5/d2_5/d3_5/file_3_6M.bin,6291456,6.0M,1789014641,2026-09-10T04:30:41+00:00
file_5_3M.bin,/mnt/lustre/tree/d1_5/d2_5/d3_5,/mnt/lustre/tree/d1_5/d2_5/d3_5/file_5_3M.bin,3145728,3.0M,1789014641,2026-09-10T04:30:41+00:00
file_6_3M.bin,/mnt/lustre/tree/d1_5/d2_5/d3_5,/mnt/lustre/tree/d1_5/d2_5/d3_5/file_6_3M.bin,3145728,3.0M,1789014641,2026-09-10T04:30:41+00:00
file_8_9M.bin,/mnt/lustre/tree/d1_5/d2_5/d3_5,/mnt/lustre/tree/d1_5/d2_5/d3_5/file_8_9M.bin,9437184,9.0M,1789014641,2026-09-10T04:30:41+00:00
file_1_8M.bin,/mnt/lustre/tree/d1_5/d2_5/d3_5,/mnt/lustre/tree/d1_5/d2_5/d3_5/file_1_8M.bin,8388608,8.0M,1789014640,2026-09-10T04:30:40+00:00
file_4_2M.bin,/mnt/lustre/tree/d1_5/d2_5/d3_5,/mnt/lustre/tree/d1_5/d2_5/d3_5/file_4_2M.bin,2097152,2.0M,1789014641,2026-09-10T04:30:41+00:00
file_10_3M.bin,/mnt/lustre/tree/d1_5/d2_5/d3_5,/mnt/lustre/tree/d1_5/d2_5/d3_5/file_10_3M.bin,3145728,3.0M,1789014641,2026-09-10T04:30:41+00:00
file_10_6M.bin,/mnt/lustre/tree/d1_5/d2_5/d3_2,/mnt/lustre/tree/d1_5/d2_5/d3_2/file_10_6M.bin,6291456,6.0M,1789014640,2026-09-10T04:30:40+00:00
file_8_2M.bin,/mnt/lustre/tree/d1_5/d2_5/d3_2,/mnt/lustre/tree/d1_5/d2_5/d3_2/file_8_2M.bin,2097152,2.0M,1789014640,2026-09-10T04:30:40+00:00
file_1_3M.bin,/mnt/lustre/tree/d1_5/d2_5/d3_2,/mnt/lustre/tree/d1_5/d2_5/d3_2/file_1_3M.bin,3145728,3.0M,1789014639,2026-09-10T04:30:39+00:00
file_9_6M.bin,/mnt/lustre/tree/d1_5/d2_5/d3_2,/mnt/lustre/tree/d1_5/d2_5/d3_2/file_9_6M.bin,6291456,6.0M,1789014640,2026-09-10T04:30:40+00:00
file_5_4M.bin,/mnt/lustre/tree/d1_5/d2_5/d3_2,/mnt/lustre/tree/d1_5/d2_5/d3_2/file_5_4M.bin,4194304,4.0M,1789014640,2026-09-10T04:30:40+00:00
file_2_10M.bin,/mnt/lustre/tree/d1_5/d2_5/d3_2,/mnt/lustre/tree/d1_5/d2_5/d3_2/file_2_10M.bin,10485760,10.0M,1789014639,2026-09-10T04:30:39+00:00
file_6_6M.bin,/mnt/lustre/tree/d1_5/d2_5/d3_2,/mnt/lustre/tree/d1_5/d2_5/d3_2/file_6_6M.bin,6291456,6.0M,1789014640,2026-09-10T04:30:40+00:00
file_7_1M.bin,/mnt/lustre/tree/d1_5/d2_5/d3_2,/mnt/lustre/tree/d1_5/d2_5/d3_2/file_7_1M.bin,1048576,1.0M,1789014640,2026-09-10T04:30:40+00:00
file_4_7M.bin,/mnt/lustre/tree/d1_5/d2_5/d3_2,/mnt/lustre/tree/d1_5/d2_5/d3_2/file_4_7M.bin,7340032,7.0M,1789014640,2026-09-10T04:30:40+00:00
file_3_4M.bin,/mnt/lustre/tree/d1_5/d2_5/d3_2,/mnt/lustre/tree/d1_5/d2_5/d3_2/file_3_4M.bin,4194304,4.0M,1789014639,2026-09-10T04:30:39+00:00
file_8_9M.bin,/mnt/lustre/tree/d1_5/d2_5/d3_1,/mnt/lustre/tree/d1_5/d2_5/d3_1/file_8_9M.bin,9437184,9.0M,1789014639,2026-09-10T04:30:39+00:00
file_6_7M.bin,/mnt/lustre/tree/d1_5/d2_5/d3_1,/mnt/lustre/tree/d1_5/d2_5/d3_1/file_6_7M.bin,7340032,7.0M,1789014639,2026-09-10T04:30:39+00:00
file_5_1M.bin,/mnt/lustre/tree/d1_5/d2_5/d3_1,/mnt/lustre/tree/d1_5/d2_5/d3_1/file_5_1M.bin,1048576,1.0M,1789014639,2026-09-10T04:30:39+00:00
file_2_3M.bin,/mnt/lustre/tree/d1_5/d2_5/d3_1,/mnt/lustre/tree/d1_5/d2_5/d3_1/file_2_3M.bin,3145728,3.0M,1789014639,2026-09-10T04:30:39+00:00
file_1_9M.bin,/mnt/lustre/tree/d1_5/d2_5/d3_1,/mnt/lustre/tree/d1_5/d2_5/d3_1/file_1_9M.bin,9437184,9.0M,1789014639,2026-09-10T04:30:39+00:00
file_3_1M.bin,/mnt/lustre/tree/d1_5/d2_5/d3_1,/mnt/lustre/tree/d1_5/d2_5/d3_1/file_3_1M.bin,1048576,1.0M,1789014639,2026-09-10T04:30:39+00:00
file_7_7M.bin,/mnt/lustre/tree/d1_5/d2_5/d3_1,/mnt/lustre/tree/d1_5/d2_5/d3_1/file_7_7M.bin,7340032,7.0M,1789014639,2026-09-10T04:30:39+00:00
file_9_1M.bin,/mnt/lustre/tree/d1_5/d2_5/d3_1,/mnt/lustre/tree/d1_5/d2_5/d3_1/file_9_1M.bin,1048576,1.0M,1789014639,2026-09-10T04:30:39+00:00
file_10_7M.bin,/mnt/lustre/tree/d1_5/d2_5/d3_1,/mnt/lustre/tree/d1_5/d2_5/d3_1/file_10_7M.bin,7340032,7.0M,1789014639,2026-09-10T04:30:39+00:00
file_4_5M.bin,/mnt/lustre/tree/d1_5/d2_5/d3_1,/mnt/lustre/tree/d1_5/d2_5/d3_1/file_4_5M.bin,5242880,5.0M,1789014639,2026-09-10T04:30:39+00:00
file_5_2M.bin,/mnt/lustre/tree/d1_5/d2_5/d3_3,/mnt/lustre/tree/d1_5/d2_5/d3_3/file_5_2M.bin,2097152,2.0M,1789014640,2026-09-10T04:30:40+00:00
file_2_5M.bin,/mnt/lustre/tree/d1_5/d2_5/d3_3,/mnt/lustre/tree/d1_5/d2_5/d3_3/file_2_5M.bin,5242880,5.0M,1789014640,2026-09-10T04:30:40+00:00
file_10_10M.bin,/mnt/lustre/tree/d1_5/d2_5/d3_3,/mnt/lustre/tree/d1_5/d2_5/d3_3/file_10_10M.bin,10485760,10.0M,1789014640,2026-09-10T04:30:40+00:00
file_4_9M.bin,/mnt/lustre/tree/d1_5/d2_5/d3_3,/mnt/lustre/tree/d1_5/d2_5/d3_3/file_4_9M.bin,9437184,9.0M,1789014640,2026-09-10T04:30:40+00:00
file_9_9M.bin,/mnt/lustre/tree/d1_5/d2_5/d3_3,/mnt/lustre/tree/d1_5/d2_5/d3_3/file_9_9M.bin,9437184,9.0M,1789014640,2026-09-10T04:30:40+00:00
file_7_3M.bin,/mnt/lustre/tree/d1_5/d2_5/d3_3,/mnt/lustre/tree/d1_5/d2_5/d3_3/file_7_3M.bin,3145728,3.0M,1789014640,2026-09-10T04:30:40+00:00
file_6_5M.bin,/mnt/lustre/tree/d1_5/d2_5/d3_3,/mnt/lustre/tree/d1_5/d2_5/d3_3/file_6_5M.bin,5242880,5.0M,1789014640,2026-09-10T04:30:40+00:00
file_3_2M.bin,/mnt/lustre/tree/d1_5/d2_5/d3_3,/mnt/lustre/tree/d1_5/d2_5/d3_3/file_3_2M.bin,2097152,2.0M,1789014640,2026-09-10T04:30:40+00:00
file_8_1M.bin,/mnt/lustre/tree/d1_5/d2_5/d3_3,/mnt/lustre/tree/d1_5/d2_5/d3_3/file_8_1M.bin,1048576,1.0M,1789014640,2026-09-10T04:30:40+00:00
file_1_5M.bin,/mnt/lustre/tree/d1_5/d2_5/d3_3,/mnt/lustre/tree/d1_5/d2_5/d3_3/file_1_5M.bin,5242880,5.0M,1789014640,2026-09-10T04:30:40+00:00
file_6_1M.bin,/mnt/lustre/tree/d1_5/d2_5/d3_4,/mnt/lustre/tree/d1_5/d2_5/d3_4/file_6_1M.bin,1048576,1.0M,1789014640,2026-09-10T04:30:40+00:00
file_7_3M.bin,/mnt/lustre/tree/d1_5/d2_5/d3_4,/mnt/lustre/tree/d1_5/d2_5/d3_4/file_7_3M.bin,3145728,3.0M,1789014640,2026-09-10T04:30:40+00:00
file_8_3M.bin,/mnt/lustre/tree/d1_5/d2_5/d3_4,/mnt/lustre/tree/d1_5/d2_5/d3_4/file_8_3M.bin,3145728,3.0M,1789014640,2026-09-10T04:30:40+00:00
file_9_10M.bin,/mnt/lustre/tree/d1_5/d2_5/d3_4,/mnt/lustre/tree/d1_5/d2_5/d3_4/file_9_10M.bin,10485760,10.0M,1789014640,2026-09-10T04:30:40+00:00
file_5_2M.bin,/mnt/lustre/tree/d1_5/d2_5/d3_4,/mnt/lustre/tree/d1_5/d2_5/d3_4/file_5_2M.bin,2097152,2.0M,1789014640,2026-09-10T04:30:40+00:00
file_4_2M.bin,/mnt/lustre/tree/d1_5/d2_5/d3_4,/mnt/lustre/tree/d1_5/d2_5/d3_4/file_4_2M.bin,2097152,2.0M,1789014640,2026-09-10T04:30:40+00:00
file_10_10M.bin,/mnt/lustre/tree/d1_5/d2_5/d3_4,/mnt/lustre/tree/d1_5/d2_5/d3_4/file_10_10M.bin,10485760,10.0M,1789014640,2026-09-10T04:30:40+00:00
file_3_8M.bin,/mnt/lustre/tree/d1_5/d2_5/d3_4,/mnt/lustre/tree/d1_5/d2_5/d3_4/file_3_8M.bin,8388608,8.0M,1789014640,2026-09-10T04:30:40+00:00
file_1_8M.bin,/mnt/lustre/tree/d1_5/d2_5/d3_4,/mnt/lustre/tree/d1_5/d2_5/d3_4/file_1_8M.bin,8388608,8.0M,1789014640,2026-09-10T04:30:40+00:00
file_2_10M.bin,/mnt/lustre/tree/d1_5/d2_5/d3_4,/mnt/lustre/tree/d1_5/d2_5/d3_4/file_2_10M.bin,10485760,10.0M,1789014640,2026-09-10T04:30:40+00:00
file_2_6M.bin,/mnt/lustre/tree/d1_5/d2_2,/mnt/lustre/tree/d1_5/d2_2/file_2_6M.bin,6291456,6.0M,1789014632,2026-09-10T04:30:32+00:00
file_6_3M.bin,/mnt/lustre/tree/d1_5/d2_2,/mnt/lustre/tree/d1_5/d2_2/file_6_3M.bin,3145728,3.0M,1789014632,2026-09-10T04:30:32+00:00
file_7_6M.bin,/mnt/lustre/tree/d1_5/d2_2,/mnt/lustre/tree/d1_5/d2_2/file_7_6M.bin,6291456,6.0M,1789014632,2026-09-10T04:30:32+00:00
file_8_6M.bin,/mnt/lustre/tree/d1_5/d2_2,/mnt/lustre/tree/d1_5/d2_2/file_8_6M.bin,6291456,6.0M,1789014632,2026-09-10T04:30:32+00:00
file_3_10M.bin,/mnt/lustre/tree/d1_5/d2_2,/mnt/lustre/tree/d1_5/d2_2/file_3_10M.bin,10485760,10.0M,1789014632,2026-09-10T04:30:32+00:00
file_5_7M.bin,/mnt/lustre/tree/d1_5/d2_2,/mnt/lustre/tree/d1_5/d2_2/file_5_7M.bin,7340032,7.0M,1789014632,2026-09-10T04:30:32+00:00
file_4_5M.bin,/mnt/lustre/tree/d1_5/d2_2,/mnt/lustre/tree/d1_5/d2_2/file_4_5M.bin,5242880,5.0M,1789014632,2026-09-10T04:30:32+00:00
file_9_5M.bin,/mnt/lustre/tree/d1_5/d2_2,/mnt/lustre/tree/d1_5/d2_2/file_9_5M.bin,5242880,5.0M,1789014632,2026-09-10T04:30:32+00:00
file_10_9M.bin,/mnt/lustre/tree/d1_5/d2_2,/mnt/lustre/tree/d1_5/d2_2/file_10_9M.bin,9437184,9.0M,1789014633,2026-09-10T04:30:33+00:00
file_1_2M.bin,/mnt/lustre/tree/d1_5/d2_2,/mnt/lustre/tree/d1_5/d2_2/file_1_2M.bin,2097152,2.0M,1789014632,2026-09-10T04:30:32+00:00
file_7_7M.bin,/mnt/lustre/tree/d1_5/d2_2/d3_1,/mnt/lustre/tree/d1_5/d2_2/d3_1/file_7_7M.bin,7340032,7.0M,1789014633,2026-09-10T04:30:33+00:00
file_3_6M.bin,/mnt/lustre/tree/d1_5/d2_2/d3_1,/mnt/lustre/tree/d1_5/d2_2/d3_1/file_3_6M.bin,6291456,6.0M,1789014633,2026-09-10T04:30:33+00:00
file_5_6M.bin,/mnt/lustre/tree/d1_5/d2_2/d3_1,/mnt/lustre/tree/d1_5/d2_2/d3_1/file_5_6M.bin,6291456,6.0M,1789014633,2026-09-10T04:30:33+00:00
file_8_6M.bin,/mnt/lustre/tree/d1_5/d2_2/d3_1,/mnt/lustre/tree/d1_5/d2_2/d3_1/file_8_6M.bin,6291456,6.0M,1789014633,2026-09-10T04:30:33+00:00
file_9_6M.bin,/mnt/lustre/tree/d1_5/d2_2/d3_1,/mnt/lustre/tree/d1_5/d2_2/d3_1/file_9_6M.bin,6291456,6.0M,1789014633,2026-09-10T04:30:33+00:00
file_10_1M.bin,/mnt/lustre/tree/d1_5/d2_2/d3_1,/mnt/lustre/tree/d1_5/d2_2/d3_1/file_10_1M.bin,1048576,1.0M,1789014633,2026-09-10T04:30:33+00:00
file_2_3M.bin,/mnt/lustre/tree/d1_5/d2_2/d3_1,/mnt/lustre/tree/d1_5/d2_2/d3_1/file_2_3M.bin,3145728,3.0M,1789014633,2026-09-10T04:30:33+00:00
file_1_1M.bin,/mnt/lustre/tree/d1_5/d2_2/d3_1,/mnt/lustre/tree/d1_5/d2_2/d3_1/file_1_1M.bin,1048576,1.0M,1789014633,2026-09-10T04:30:33+00:00
file_6_7M.bin,/mnt/lustre/tree/d1_5/d2_2/d3_1,/mnt/lustre/tree/d1_5/d2_2/d3_1/file_6_7M.bin,7340032,7.0M,1789014633,2026-09-10T04:30:33+00:00
file_4_3M.bin,/mnt/lustre/tree/d1_5/d2_2/d3_1,/mnt/lustre/tree/d1_5/d2_2/d3_1/file_4_3M.bin,3145728,3.0M,1789014633,2026-09-10T04:30:33+00:00
file_10_4M.bin,/mnt/lustre/tree/d1_5/d2_2/d3_5,/mnt/lustre/tree/d1_5/d2_2/d3_5/file_10_4M.bin,4194304,4.0M,1789014635,2026-09-10T04:30:35+00:00
file_8_8M.bin,/mnt/lustre/tree/d1_5/d2_2/d3_5,/mnt/lustre/tree/d1_5/d2_2/d3_5/file_8_8M.bin,8388608,8.0M,1789014634,2026-09-10T04:30:34+00:00
file_5_8M.bin,/mnt/lustre/tree/d1_5/d2_2/d3_5,/mnt/lustre/tree/d1_5/d2_2/d3_5/file_5_8M.bin,8388608,8.0M,1789014634,2026-09-10T04:30:34+00:00
file_6_6M.bin,/mnt/lustre/tree/d1_5/d2_2/d3_5,/mnt/lustre/tree/d1_5/d2_2/d3_5/file_6_6M.bin,6291456,6.0M,1789014634,2026-09-10T04:30:34+00:00
file_7_10M.bin,/mnt/lustre/tree/d1_5/d2_2/d3_5,/mnt/lustre/tree/d1_5/d2_2/d3_5/file_7_10M.bin,10485760,10.0M,1789014634,2026-09-10T04:30:34+00:00
file_2_10M.bin,/mnt/lustre/tree/d1_5/d2_2/d3_5,/mnt/lustre/tree/d1_5/d2_2/d3_5/file_2_10M.bin,10485760,10.0M,1789014634,2026-09-10T04:30:34+00:00
file_4_3M.bin,/mnt/lustre/tree/d1_5/d2_2/d3_5,/mnt/lustre/tree/d1_5/d2_2/d3_5/file_4_3M.bin,3145728,3.0M,1789014634,2026-09-10T04:30:34+00:00
file_9_9M.bin,/mnt/lustre/tree/d1_5/d2_2/d3_5,/mnt/lustre/tree/d1_5/d2_2/d3_5/file_9_9M.bin,9437184,9.0M,1789014635,2026-09-10T04:30:35+00:00
file_3_3M.bin,/mnt/lustre/tree/d1_5/d2_2/d3_5,/mnt/lustre/tree/d1_5/d2_2/d3_5/file_3_3M.bin,3145728,3.0M,1789014634,2026-09-10T04:30:34+00:00
file_1_10M.bin,/mnt/lustre/tree/d1_5/d2_2/d3_5,/mnt/lustre/tree/d1_5/d2_2/d3_5/file_1_10M.bin,10485760,10.0M,1789014634,2026-09-10T04:30:34+00:00
file_7_7M.bin,/mnt/lustre/tree/d1_5/d2_2/d3_2,/mnt/lustre/tree/d1_5/d2_2/d3_2/file_7_7M.bin,7340032,7.0M,1789014633,2026-09-10T04:30:33+00:00
file_10_5M.bin,/mnt/lustre/tree/d1_5/d2_2/d3_2,/mnt/lustre/tree/d1_5/d2_2/d3_2/file_10_5M.bin,5242880,5.0M,1789014633,2026-09-10T04:30:33+00:00
file_2_10M.bin,/mnt/lustre/tree/d1_5/d2_2/d3_2,/mnt/lustre/tree/d1_5/d2_2/d3_2/file_2_10M.bin,10485760,10.0M,1789014633,2026-09-10T04:30:33+00:00
file_8_6M.bin,/mnt/lustre/tree/d1_5/d2_2/d3_2,/mnt/lustre/tree/d1_5/d2_2/d3_2/file_8_6M.bin,6291456,6.0M,1789014633,2026-09-10T04:30:33+00:00
file_5_10M.bin,/mnt/lustre/tree/d1_5/d2_2/d3_2,/mnt/lustre/tree/d1_5/d2_2/d3_2/file_5_10M.bin,10485760,10.0M,1789014633,2026-09-10T04:30:33+00:00
file_9_3M.bin,/mnt/lustre/tree/d1_5/d2_2/d3_2,/mnt/lustre/tree/d1_5/d2_2/d3_2/file_9_3M.bin,3145728,3.0M,1789014633,2026-09-10T04:30:33+00:00
file_1_4M.bin,/mnt/lustre/tree/d1_5/d2_2/d3_2,/mnt/lustre/tree/d1_5/d2_2/d3_2/file_1_4M.bin,4194304,4.0M,1789014633,2026-09-10T04:30:33+00:00
file_4_10M.bin,/mnt/lustre/tree/d1_5/d2_2/d3_2,/mnt/lustre/tree/d1_5/d2_2/d3_2/file_4_10M.bin,10485760,10.0M,1789014633,2026-09-10T04:30:33+00:00
file_3_8M.bin,/mnt/lustre/tree/d1_5/d2_2/d3_2,/mnt/lustre/tree/d1_5/d2_2/d3_2/file_3_8M.bin,8388608,8.0M,1789014633,2026-09-10T04:30:33+00:00
file_6_7M.bin,/mnt/lustre/tree/d1_5/d2_2/d3_2,/mnt/lustre/tree/d1_5/d2_2/d3_2/file_6_7M.bin,7340032,7.0M,1789014633,2026-09-10T04:30:33+00:00
file_6_1M.bin,/mnt/lustre/tree/d1_5/d2_2/d3_3,/mnt/lustre/tree/d1_5/d2_2/d3_3/file_6_1M.bin,1048576,1.0M,1789014633,2026-09-10T04:30:33+00:00
file_5_3M.bin,/mnt/lustre/tree/d1_5/d2_2/d3_3,/mnt/lustre/tree/d1_5/d2_2/d3_3/file_5_3M.bin,3145728,3.0M,1789014633,2026-09-10T04:30:33+00:00
file_9_4M.bin,/mnt/lustre/tree/d1_5/d2_2/d3_3,/mnt/lustre/tree/d1_5/d2_2/d3_3/file_9_4M.bin,4194304,4.0M,1789014634,2026-09-10T04:30:34+00:00
file_2_5M.bin,/mnt/lustre/tree/d1_5/d2_2/d3_3,/mnt/lustre/tree/d1_5/d2_2/d3_3/file_2_5M.bin,5242880,5.0M,1789014633,2026-09-10T04:30:33+00:00
file_4_4M.bin,/mnt/lustre/tree/d1_5/d2_2/d3_3,/mnt/lustre/tree/d1_5/d2_2/d3_3/file_4_4M.bin,4194304,4.0M,1789014633,2026-09-10T04:30:33+00:00
file_1_3M.bin,/mnt/lustre/tree/d1_5/d2_2/d3_3,/mnt/lustre/tree/d1_5/d2_2/d3_3/file_1_3M.bin,3145728,3.0M,1789014633,2026-09-10T04:30:33+00:00
file_8_4M.bin,/mnt/lustre/tree/d1_5/d2_2/d3_3,/mnt/lustre/tree/d1_5/d2_2/d3_3/file_8_4M.bin,4194304,4.0M,1789014634,2026-09-10T04:30:34+00:00
file_10_7M.bin,/mnt/lustre/tree/d1_5/d2_2/d3_3,/mnt/lustre/tree/d1_5/d2_2/d3_3/file_10_7M.bin,7340032,7.0M,1789014634,2026-09-10T04:30:34+00:00
file_3_8M.bin,/mnt/lustre/tree/d1_5/d2_2/d3_3,/mnt/lustre/tree/d1_5/d2_2/d3_3/file_3_8M.bin,8388608,8.0M,1789014633,2026-09-10T04:30:33+00:00
file_7_9M.bin,/mnt/lustre/tree/d1_5/d2_2/d3_3,/mnt/lustre/tree/d1_5/d2_2/d3_3/file_7_9M.bin,9437184,9.0M,1789014634,2026-09-10T04:30:34+00:00
file_8_9M.bin,/mnt/lustre/tree/d1_5/d2_2/d3_4,/mnt/lustre/tree/d1_5/d2_2/d3_4/file_8_9M.bin,9437184,9.0M,1789014634,2026-09-10T04:30:34+00:00
file_9_10M.bin,/mnt/lustre/tree/d1_5/d2_2/d3_4,/mnt/lustre/tree/d1_5/d2_2/d3_4/file_9_10M.bin,10485760,10.0M,1789014634,2026-09-10T04:30:34+00:00
file_5_5M.bin,/mnt/lustre/tree/d1_5/d2_2/d3_4,/mnt/lustre/tree/d1_5/d2_2/d3_4/file_5_5M.bin,5242880,5.0M,1789014634,2026-09-10T04:30:34+00:00
file_3_5M.bin,/mnt/lustre/tree/d1_5/d2_2/d3_4,/mnt/lustre/tree/d1_5/d2_2/d3_4/file_3_5M.bin,5242880,5.0M,1789014634,2026-09-10T04:30:34+00:00
file_4_8M.bin,/mnt/lustre/tree/d1_5/d2_2/d3_4,/mnt/lustre/tree/d1_5/d2_2/d3_4/file_4_8M.bin,8388608,8.0M,1789014634,2026-09-10T04:30:34+00:00
file_6_10M.bin,/mnt/lustre/tree/d1_5/d2_2/d3_4,/mnt/lustre/tree/d1_5/d2_2/d3_4/file_6_10M.bin,10485760,10.0M,1789014634,2026-09-10T04:30:34+00:00
file_1_2M.bin,/mnt/lustre/tree/d1_5/d2_2/d3_4,/mnt/lustre/tree/d1_5/d2_2/d3_4/file_1_2M.bin,2097152,2.0M,1789014634,2026-09-10T04:30:34+00:00
file_7_10M.bin,/mnt/lustre/tree/d1_5/d2_2/d3_4,/mnt/lustre/tree/d1_5/d2_2/d3_4/file_7_10M.bin,10485760,10.0M,1789014634,2026-09-10T04:30:34+00:00
file_2_4M.bin,/mnt/lustre/tree/d1_5/d2_2/d3_4,/mnt/lustre/tree/d1_5/d2_2/d3_4/file_2_4M.bin,4194304,4.0M,1789014634,2026-09-10T04:30:34+00:00
file_10_8M.bin,/mnt/lustre/tree/d1_5/d2_2/d3_4,/mnt/lustre/tree/d1_5/d2_2/d3_4/file_10_8M.bin,8388608,8.0M,1789014634,2026-09-10T04:30:34+00:00
file_4_1M.bin,/mnt/lustre/tree/d1_5/d2_1,/mnt/lustre/tree/d1_5/d2_1/file_4_1M.bin,1048576,1.0M,1789014630,2026-09-10T04:30:30+00:00
file_9_1M.bin,/mnt/lustre/tree/d1_5/d2_1,/mnt/lustre/tree/d1_5/d2_1/file_9_1M.bin,1048576,1.0M,1789014630,2026-09-10T04:30:30+00:00
file_5_7M.bin,/mnt/lustre/tree/d1_5/d2_1,/mnt/lustre/tree/d1_5/d2_1/file_5_7M.bin,7340032,7.0M,1789014630,2026-09-10T04:30:30+00:00
file_6_5M.bin,/mnt/lustre/tree/d1_5/d2_1,/mnt/lustre/tree/d1_5/d2_1/file_6_5M.bin,5242880,5.0M,1789014630,2026-09-10T04:30:30+00:00
file_7_6M.bin,/mnt/lustre/tree/d1_5/d2_1,/mnt/lustre/tree/d1_5/d2_1/file_7_6M.bin,6291456,6.0M,1789014630,2026-09-10T04:30:30+00:00
file_2_5M.bin,/mnt/lustre/tree/d1_5/d2_1,/mnt/lustre/tree/d1_5/d2_1/file_2_5M.bin,5242880,5.0M,1789014630,2026-09-10T04:30:30+00:00
file_1_5M.bin,/mnt/lustre/tree/d1_5/d2_1,/mnt/lustre/tree/d1_5/d2_1/file_1_5M.bin,5242880,5.0M,1789014630,2026-09-10T04:30:30+00:00
file_3_10M.bin,/mnt/lustre/tree/d1_5/d2_1,/mnt/lustre/tree/d1_5/d2_1/file_3_10M.bin,10485760,10.0M,1789014630,2026-09-10T04:30:30+00:00
file_8_8M.bin,/mnt/lustre/tree/d1_5/d2_1,/mnt/lustre/tree/d1_5/d2_1/file_8_8M.bin,8388608,8.0M,1789014630,2026-09-10T04:30:30+00:00
file_10_1M.bin,/mnt/lustre/tree/d1_5/d2_1,/mnt/lustre/tree/d1_5/d2_1/file_10_1M.bin,1048576,1.0M,1789014630,2026-09-10T04:30:30+00:00
file_3_7M.bin,/mnt/lustre/tree/d1_5/d2_1/d3_3,/mnt/lustre/tree/d1_5/d2_1/d3_3/file_3_7M.bin,7340032,7.0M,1789014631,2026-09-10T04:30:31+00:00
file_9_4M.bin,/mnt/lustre/tree/d1_5/d2_1/d3_3,/mnt/lustre/tree/d1_5/d2_1/d3_3/file_9_4M.bin,4194304,4.0M,1789014631,2026-09-10T04:30:31+00:00
file_10_10M.bin,/mnt/lustre/tree/d1_5/d2_1/d3_3,/mnt/lustre/tree/d1_5/d2_1/d3_3/file_10_10M.bin,10485760,10.0M,1789014631,2026-09-10T04:30:31+00:00
file_1_2M.bin,/mnt/lustre/tree/d1_5/d2_1/d3_3,/mnt/lustre/tree/d1_5/d2_1/d3_3/file_1_2M.bin,2097152,2.0M,1789014631,2026-09-10T04:30:31+00:00
file_4_7M.bin,/mnt/lustre/tree/d1_5/d2_1/d3_3,/mnt/lustre/tree/d1_5/d2_1/d3_3/file_4_7M.bin,7340032,7.0M,1789014631,2026-09-10T04:30:31+00:00
file_7_9M.bin,/mnt/lustre/tree/d1_5/d2_1/d3_3,/mnt/lustre/tree/d1_5/d2_1/d3_3/file_7_9M.bin,9437184,9.0M,1789014631,2026-09-10T04:30:31+00:00
file_2_6M.bin,/mnt/lustre/tree/d1_5/d2_1/d3_3,/mnt/lustre/tree/d1_5/d2_1/d3_3/file_2_6M.bin,6291456,6.0M,1789014631,2026-09-10T04:30:31+00:00
file_6_6M.bin,/mnt/lustre/tree/d1_5/d2_1/d3_3,/mnt/lustre/tree/d1_5/d2_1/d3_3/file_6_6M.bin,6291456,6.0M,1789014631,2026-09-10T04:30:31+00:00
file_8_8M.bin,/mnt/lustre/tree/d1_5/d2_1/d3_3,/mnt/lustre/tree/d1_5/d2_1/d3_3/file_8_8M.bin,8388608,8.0M,1789014631,2026-09-10T04:30:31+00:00
file_5_4M.bin,/mnt/lustre/tree/d1_5/d2_1/d3_3,/mnt/lustre/tree/d1_5/d2_1/d3_3/file_5_4M.bin,4194304,4.0M,1789014631,2026-09-10T04:30:31+00:00
file_2_4M.bin,/mnt/lustre/tree/d1_5/d2_1/d3_4,/mnt/lustre/tree/d1_5/d2_1/d3_4/file_2_4M.bin,4194304,4.0M,1789014632,2026-09-10T04:30:32+00:00
file_5_3M.bin,/mnt/lustre/tree/d1_5/d2_1/d3_4,/mnt/lustre/tree/d1_5/d2_1/d3_4/file_5_3M.bin,3145728,3.0M,1789014632,2026-09-10T04:30:32+00:00
file_4_9M.bin,/mnt/lustre/tree/d1_5/d2_1/d3_4,/mnt/lustre/tree/d1_5/d2_1/d3_4/file_4_9M.bin,9437184,9.0M,1789014632,2026-09-10T04:30:32+00:00
file_1_6M.bin,/mnt/lustre/tree/d1_5/d2_1/d3_4,/mnt/lustre/tree/d1_5/d2_1/d3_4/file_1_6M.bin,6291456,6.0M,1789014632,2026-09-10T04:30:32+00:00
file_8_2M.bin,/mnt/lustre/tree/d1_5/d2_1/d3_4,/mnt/lustre/tree/d1_5/d2_1/d3_4/file_8_2M.bin,2097152,2.0M,1789014632,2026-09-10T04:30:32+00:00
file_3_1M.bin,/mnt/lustre/tree/d1_5/d2_1/d3_4,/mnt/lustre/tree/d1_5/d2_1/d3_4/file_3_1M.bin,1048576,1.0M,1789014632,2026-09-10T04:30:32+00:00
file_9_7M.bin,/mnt/lustre/tree/d1_5/d2_1/d3_4,/mnt/lustre/tree/d1_5/d2_1/d3_4/file_9_7M.bin,7340032,7.0M,1789014632,2026-09-10T04:30:32+00:00
file_10_4M.bin,/mnt/lustre/tree/d1_5/d2_1/d3_4,/mnt/lustre/tree/d1_5/d2_1/d3_4/file_10_4M.bin,4194304,4.0M,1789014632,2026-09-10T04:30:32+00:00
file_7_10M.bin,/mnt/lustre/tree/d1_5/d2_1/d3_4,/mnt/lustre/tree/d1_5/d2_1/d3_4/file_7_10M.bin,10485760,10.0M,1789014632,2026-09-10T04:30:32+00:00
file_6_7M.bin,/mnt/lustre/tree/d1_5/d2_1/d3_4,/mnt/lustre/tree/d1_5/d2_1/d3_4/file_6_7M.bin,7340032,7.0M,1789014632,2026-09-10T04:30:32+00:00
file_8_2M.bin,/mnt/lustre/tree/d1_5/d2_1/d3_5,/mnt/lustre/tree/d1_5/d2_1/d3_5/file_8_2M.bin,2097152,2.0M,1789014632,2026-09-10T04:30:32+00:00
file_9_8M.bin,/mnt/lustre/tree/d1_5/d2_1/d3_5,/mnt/lustre/tree/d1_5/d2_1/d3_5/file_9_8M.bin,8388608,8.0M,1789014632,2026-09-10T04:30:32+00:00
file_3_6M.bin,/mnt/lustre/tree/d1_5/d2_1/d3_5,/mnt/lustre/tree/d1_5/d2_1/d3_5/file_3_6M.bin,6291456,6.0M,1789014632,2026-09-10T04:30:32+00:00
file_2_4M.bin,/mnt/lustre/tree/d1_5/d2_1/d3_5,/mnt/lustre/tree/d1_5/d2_1/d3_5/file_2_4M.bin,4194304,4.0M,1789014632,2026-09-10T04:30:32+00:00
file_6_7M.bin,/mnt/lustre/tree/d1_5/d2_1/d3_5,/mnt/lustre/tree/d1_5/d2_1/d3_5/file_6_7M.bin,7340032,7.0M,1789014632,2026-09-10T04:30:32+00:00
file_5_5M.bin,/mnt/lustre/tree/d1_5/d2_1/d3_5,/mnt/lustre/tree/d1_5/d2_1/d3_5/file_5_5M.bin,5242880,5.0M,1789014632,2026-09-10T04:30:32+00:00
file_7_9M.bin,/mnt/lustre/tree/d1_5/d2_1/d3_5,/mnt/lustre/tree/d1_5/d2_1/d3_5/file_7_9M.bin,9437184,9.0M,1789014632,2026-09-10T04:30:32+00:00
file_4_6M.bin,/mnt/lustre/tree/d1_5/d2_1/d3_5,/mnt/lustre/tree/d1_5/d2_1/d3_5/file_4_6M.bin,6291456,6.0M,1789014632,2026-09-10T04:30:32+00:00
file_10_9M.bin,/mnt/lustre/tree/d1_5/d2_1/d3_5,/mnt/lustre/tree/d1_5/d2_1/d3_5/file_10_9M.bin,9437184,9.0M,1789014632,2026-09-10T04:30:32+00:00
file_1_1M.bin,/mnt/lustre/tree/d1_5/d2_1/d3_5,/mnt/lustre/tree/d1_5/d2_1/d3_5/file_1_1M.bin,1048576,1.0M,1789014632,2026-09-10T04:30:32+00:00
file_5_3M.bin,/mnt/lustre/tree/d1_5/d2_1/d3_2,/mnt/lustre/tree/d1_5/d2_1/d3_2/file_5_3M.bin,3145728,3.0M,1789014631,2026-09-10T04:30:31+00:00
file_3_6M.bin,/mnt/lustre/tree/d1_5/d2_1/d3_2,/mnt/lustre/tree/d1_5/d2_1/d3_2/file_3_6M.bin,6291456,6.0M,1789014631,2026-09-10T04:30:31+00:00
file_6_9M.bin,/mnt/lustre/tree/d1_5/d2_1/d3_2,/mnt/lustre/tree/d1_5/d2_1/d3_2/file_6_9M.bin,9437184,9.0M,1789014631,2026-09-10T04:30:31+00:00
file_4_10M.bin,/mnt/lustre/tree/d1_5/d2_1/d3_2,/mnt/lustre/tree/d1_5/d2_1/d3_2/file_4_10M.bin,10485760,10.0M,1789014631,2026-09-10T04:30:31+00:00
file_2_9M.bin,/mnt/lustre/tree/d1_5/d2_1/d3_2,/mnt/lustre/tree/d1_5/d2_1/d3_2/file_2_9M.bin,9437184,9.0M,1789014631,2026-09-10T04:30:31+00:00
file_8_2M.bin,/mnt/lustre/tree/d1_5/d2_1/d3_2,/mnt/lustre/tree/d1_5/d2_1/d3_2/file_8_2M.bin,2097152,2.0M,1789014631,2026-09-10T04:30:31+00:00
file_10_2M.bin,/mnt/lustre/tree/d1_5/d2_1/d3_2,/mnt/lustre/tree/d1_5/d2_1/d3_2/file_10_2M.bin,2097152,2.0M,1789014631,2026-09-10T04:30:31+00:00
file_1_5M.bin,/mnt/lustre/tree/d1_5/d2_1/d3_2,/mnt/lustre/tree/d1_5/d2_1/d3_2/file_1_5M.bin,5242880,5.0M,1789014631,2026-09-10T04:30:31+00:00
file_7_10M.bin,/mnt/lustre/tree/d1_5/d2_1/d3_2,/mnt/lustre/tree/d1_5/d2_1/d3_2/file_7_10M.bin,10485760,10.0M,1789014631,2026-09-10T04:30:31+00:00
file_9_7M.bin,/mnt/lustre/tree/d1_5/d2_1/d3_2,/mnt/lustre/tree/d1_5/d2_1/d3_2/file_9_7M.bin,7340032,7.0M,1789014631,2026-09-10T04:30:31+00:00
file_5_5M.bin,/mnt/lustre/tree/d1_5/d2_1/d3_1,/mnt/lustre/tree/d1_5/d2_1/d3_1/file_5_5M.bin,5242880,5.0M,1789014630,2026-09-10T04:30:30+00:00
file_6_7M.bin,/mnt/lustre/tree/d1_5/d2_1/d3_1,/mnt/lustre/tree/d1_5/d2_1/d3_1/file_6_7M.bin,7340032,7.0M,1789014630,2026-09-10T04:30:30+00:00
file_1_4M.bin,/mnt/lustre/tree/d1_5/d2_1/d3_1,/mnt/lustre/tree/d1_5/d2_1/d3_1/file_1_4M.bin,4194304,4.0M,1789014630,2026-09-10T04:30:30+00:00
file_3_1M.bin,/mnt/lustre/tree/d1_5/d2_1/d3_1,/mnt/lustre/tree/d1_5/d2_1/d3_1/file_3_1M.bin,1048576,1.0M,1789014630,2026-09-10T04:30:30+00:00
file_4_6M.bin,/mnt/lustre/tree/d1_5/d2_1/d3_1,/mnt/lustre/tree/d1_5/d2_1/d3_1/file_4_6M.bin,6291456,6.0M,1789014630,2026-09-10T04:30:30+00:00
file_2_3M.bin,/mnt/lustre/tree/d1_5/d2_1/d3_1,/mnt/lustre/tree/d1_5/d2_1/d3_1/file_2_3M.bin,3145728,3.0M,1789014630,2026-09-10T04:30:30+00:00
file_10_10M.bin,/mnt/lustre/tree/d1_5/d2_1/d3_1,/mnt/lustre/tree/d1_5/d2_1/d3_1/file_10_10M.bin,10485760,10.0M,1789014631,2026-09-10T04:30:31+00:00
file_7_2M.bin,/mnt/lustre/tree/d1_5/d2_1/d3_1,/mnt/lustre/tree/d1_5/d2_1/d3_1/file_7_2M.bin,2097152,2.0M,1789014630,2026-09-10T04:30:30+00:00
file_8_10M.bin,/mnt/lustre/tree/d1_5/d2_1/d3_1,/mnt/lustre/tree/d1_5/d2_1/d3_1/file_8_10M.bin,10485760,10.0M,1789014631,2026-09-10T04:30:31+00:00
file_9_9M.bin,/mnt/lustre/tree/d1_5/d2_1/d3_1,/mnt/lustre/tree/d1_5/d2_1/d3_1/file_9_9M.bin,9437184,9.0M,1789014631,2026-09-10T04:30:31+00:00
file_2_1M.bin,/mnt/lustre/tree/d1_2,/mnt/lustre/tree/d1_2/file_2_1M.bin,1048576,1.0M,1789014603,2026-09-10T04:30:03+00:00
file_1_6M.bin,/mnt/lustre/tree/d1_2,/mnt/lustre/tree/d1_2/file_1_6M.bin,6291456,6.0M,1789014603,2026-09-10T04:30:03+00:00
file_6_1M.bin,/mnt/lustre/tree/d1_2,/mnt/lustre/tree/d1_2/file_6_1M.bin,1048576,1.0M,1789014603,2026-09-10T04:30:03+00:00
file_4_9M.bin,/mnt/lustre/tree/d1_2,/mnt/lustre/tree/d1_2/file_4_9M.bin,9437184,9.0M,1789014603,2026-09-10T04:30:03+00:00
file_10_1M.bin,/mnt/lustre/tree/d1_2,/mnt/lustre/tree/d1_2/file_10_1M.bin,1048576,1.0M,1789014603,2026-09-10T04:30:03+00:00
file_3_4M.bin,/mnt/lustre/tree/d1_2,/mnt/lustre/tree/d1_2/file_3_4M.bin,4194304,4.0M,1789014603,2026-09-10T04:30:03+00:00
file_7_9M.bin,/mnt/lustre/tree/d1_2,/mnt/lustre/tree/d1_2/file_7_9M.bin,9437184,9.0M,1789014603,2026-09-10T04:30:03+00:00
file_9_7M.bin,/mnt/lustre/tree/d1_2,/mnt/lustre/tree/d1_2/file_9_7M.bin,7340032,7.0M,1789014603,2026-09-10T04:30:03+00:00
file_8_4M.bin,/mnt/lustre/tree/d1_2,/mnt/lustre/tree/d1_2/file_8_4M.bin,4194304,4.0M,1789014603,2026-09-10T04:30:03+00:00
file_5_8M.bin,/mnt/lustre/tree/d1_2,/mnt/lustre/tree/d1_2/file_5_8M.bin,8388608,8.0M,1789014603,2026-09-10T04:30:03+00:00
file_1_8M.bin,/mnt/lustre/tree/d1_2/d2_4,/mnt/lustre/tree/d1_2/d2_4/file_1_8M.bin,8388608,8.0M,1789014607,2026-09-10T04:30:07+00:00
file_7_5M.bin,/mnt/lustre/tree/d1_2/d2_4,/mnt/lustre/tree/d1_2/d2_4/file_7_5M.bin,5242880,5.0M,1789014608,2026-09-10T04:30:08+00:00
file_5_8M.bin,/mnt/lustre/tree/d1_2/d2_4,/mnt/lustre/tree/d1_2/d2_4/file_5_8M.bin,8388608,8.0M,1789014608,2026-09-10T04:30:08+00:00
file_3_1M.bin,/mnt/lustre/tree/d1_2/d2_4,/mnt/lustre/tree/d1_2/d2_4/file_3_1M.bin,1048576,1.0M,1789014608,2026-09-10T04:30:08+00:00
file_2_10M.bin,/mnt/lustre/tree/d1_2/d2_4,/mnt/lustre/tree/d1_2/d2_4/file_2_10M.bin,10485760,10.0M,1789014608,2026-09-10T04:30:08+00:00
file_6_8M.bin,/mnt/lustre/tree/d1_2/d2_4,/mnt/lustre/tree/d1_2/d2_4/file_6_8M.bin,8388608,8.0M,1789014608,2026-09-10T04:30:08+00:00
file_10_2M.bin,/mnt/lustre/tree/d1_2/d2_4,/mnt/lustre/tree/d1_2/d2_4/file_10_2M.bin,2097152,2.0M,1789014608,2026-09-10T04:30:08+00:00
file_8_7M.bin,/mnt/lustre/tree/d1_2/d2_4,/mnt/lustre/tree/d1_2/d2_4/file_8_7M.bin,7340032,7.0M,1789014608,2026-09-10T04:30:08+00:00
file_9_9M.bin,/mnt/lustre/tree/d1_2/d2_4,/mnt/lustre/tree/d1_2/d2_4/file_9_9M.bin,9437184,9.0M,1789014608,2026-09-10T04:30:08+00:00
file_4_9M.bin,/mnt/lustre/tree/d1_2/d2_4,/mnt/lustre/tree/d1_2/d2_4/file_4_9M.bin,9437184,9.0M,1789014608,2026-09-10T04:30:08+00:00
file_7_9M.bin,/mnt/lustre/tree/d1_2/d2_4/d3_4,/mnt/lustre/tree/d1_2/d2_4/d3_4/file_7_9M.bin,9437184,9.0M,1789014609,2026-09-10T04:30:09+00:00
file_1_1M.bin,/mnt/lustre/tree/d1_2/d2_4/d3_4,/mnt/lustre/tree/d1_2/d2_4/d3_4/file_1_1M.bin,1048576,1.0M,1789014609,2026-09-10T04:30:09+00:00
file_10_4M.bin,/mnt/lustre/tree/d1_2/d2_4/d3_4,/mnt/lustre/tree/d1_2/d2_4/d3_4/file_10_4M.bin,4194304,4.0M,1789014609,2026-09-10T04:30:09+00:00
file_6_2M.bin,/mnt/lustre/tree/d1_2/d2_4/d3_4,/mnt/lustre/tree/d1_2/d2_4/d3_4/file_6_2M.bin,2097152,2.0M,1789014609,2026-09-10T04:30:09+00:00
file_9_2M.bin,/mnt/lustre/tree/d1_2/d2_4/d3_4,/mnt/lustre/tree/d1_2/d2_4/d3_4/file_9_2M.bin,2097152,2.0M,1789014609,2026-09-10T04:30:09+00:00
file_3_5M.bin,/mnt/lustre/tree/d1_2/d2_4/d3_4,/mnt/lustre/tree/d1_2/d2_4/d3_4/file_3_5M.bin,5242880,5.0M,1789014609,2026-09-10T04:30:09+00:00
file_2_9M.bin,/mnt/lustre/tree/d1_2/d2_4/d3_4,/mnt/lustre/tree/d1_2/d2_4/d3_4/file_2_9M.bin,9437184,9.0M,1789014609,2026-09-10T04:30:09+00:00
file_5_3M.bin,/mnt/lustre/tree/d1_2/d2_4/d3_4,/mnt/lustre/tree/d1_2/d2_4/d3_4/file_5_3M.bin,3145728,3.0M,1789014609,2026-09-10T04:30:09+00:00
file_4_5M.bin,/mnt/lustre/tree/d1_2/d2_4/d3_4,/mnt/lustre/tree/d1_2/d2_4/d3_4/file_4_5M.bin,5242880,5.0M,1789014609,2026-09-10T04:30:09+00:00
file_8_7M.bin,/mnt/lustre/tree/d1_2/d2_4/d3_4,/mnt/lustre/tree/d1_2/d2_4/d3_4/file_8_7M.bin,7340032,7.0M,1789014609,2026-09-10T04:30:09+00:00
file_3_2M.bin,/mnt/lustre/tree/d1_2/d2_4/d3_3,/mnt/lustre/tree/d1_2/d2_4/d3_3/file_3_2M.bin,2097152,2.0M,1789014608,2026-09-10T04:30:08+00:00
file_5_10M.bin,/mnt/lustre/tree/d1_2/d2_4/d3_3,/mnt/lustre/tree/d1_2/d2_4/d3_3/file_5_10M.bin,10485760,10.0M,1789014608,2026-09-10T04:30:08+00:00
file_9_9M.bin,/mnt/lustre/tree/d1_2/d2_4/d3_3,/mnt/lustre/tree/d1_2/d2_4/d3_3/file_9_9M.bin,9437184,9.0M,1789014609,2026-09-10T04:30:09+00:00
file_2_9M.bin,/mnt/lustre/tree/d1_2/d2_4/d3_3,/mnt/lustre/tree/d1_2/d2_4/d3_3/file_2_9M.bin,9437184,9.0M,1789014608,2026-09-10T04:30:08+00:00
file_10_7M.bin,/mnt/lustre/tree/d1_2/d2_4/d3_3,/mnt/lustre/tree/d1_2/d2_4/d3_3/file_10_7M.bin,7340032,7.0M,1789014609,2026-09-10T04:30:09+00:00
file_8_10M.bin,/mnt/lustre/tree/d1_2/d2_4/d3_3,/mnt/lustre/tree/d1_2/d2_4/d3_3/file_8_10M.bin,10485760,10.0M,1789014608,2026-09-10T04:30:08+00:00
file_6_6M.bin,/mnt/lustre/tree/d1_2/d2_4/d3_3,/mnt/lustre/tree/d1_2/d2_4/d3_3/file_6_6M.bin,6291456,6.0M,1789014608,2026-09-10T04:30:08+00:00
file_4_2M.bin,/mnt/lustre/tree/d1_2/d2_4/d3_3,/mnt/lustre/tree/d1_2/d2_4/d3_3/file_4_2M.bin,2097152,2.0M,1789014608,2026-09-10T04:30:08+00:00
file_1_4M.bin,/mnt/lustre/tree/d1_2/d2_4/d3_3,/mnt/lustre/tree/d1_2/d2_4/d3_3/file_1_4M.bin,4194304,4.0M,1789014608,2026-09-10T04:30:08+00:00
file_7_5M.bin,/mnt/lustre/tree/d1_2/d2_4/d3_3,/mnt/lustre/tree/d1_2/d2_4/d3_3/file_7_5M.bin,5242880,5.0M,1789014608,2026-09-10T04:30:08+00:00
file_5_5M.bin,/mnt/lustre/tree/d1_2/d2_4/d3_1,/mnt/lustre/tree/d1_2/d2_4/d3_1/file_5_5M.bin,5242880,5.0M,1789014608,2026-09-10T04:30:08+00:00
file_6_7M.bin,/mnt/lustre/tree/d1_2/d2_4/d3_1,/mnt/lustre/tree/d1_2/d2_4/d3_1/file_6_7M.bin,7340032,7.0M,1789014608,2026-09-10T04:30:08+00:00
file_8_8M.bin,/mnt/lustre/tree/d1_2/d2_4/d3_1,/mnt/lustre/tree/d1_2/d2_4/d3_1/file_8_8M.bin,8388608,8.0M,1789014608,2026-09-10T04:30:08+00:00
file_9_6M.bin,/mnt/lustre/tree/d1_2/d2_4/d3_1,/mnt/lustre/tree/d1_2/d2_4/d3_1/file_9_6M.bin,6291456,6.0M,1789014608,2026-09-10T04:30:08+00:00
file_7_2M.bin,/mnt/lustre/tree/d1_2/d2_4/d3_1,/mnt/lustre/tree/d1_2/d2_4/d3_1/file_7_2M.bin,2097152,2.0M,1789014608,2026-09-10T04:30:08+00:00
file_2_10M.bin,/mnt/lustre/tree/d1_2/d2_4/d3_1,/mnt/lustre/tree/d1_2/d2_4/d3_1/file_2_10M.bin,10485760,10.0M,1789014608,2026-09-10T04:30:08+00:00
file_3_7M.bin,/mnt/lustre/tree/d1_2/d2_4/d3_1,/mnt/lustre/tree/d1_2/d2_4/d3_1/file_3_7M.bin,7340032,7.0M,1789014608,2026-09-10T04:30:08+00:00
file_4_1M.bin,/mnt/lustre/tree/d1_2/d2_4/d3_1,/mnt/lustre/tree/d1_2/d2_4/d3_1/file_4_1M.bin,1048576,1.0M,1789014608,2026-09-10T04:30:08+00:00
file_10_4M.bin,/mnt/lustre/tree/d1_2/d2_4/d3_1,/mnt/lustre/tree/d1_2/d2_4/d3_1/file_10_4M.bin,4194304,4.0M,1789014608,2026-09-10T04:30:08+00:00
file_1_6M.bin,/mnt/lustre/tree/d1_2/d2_4/d3_1,/mnt/lustre/tree/d1_2/d2_4/d3_1/file_1_6M.bin,6291456,6.0M,1789014608,2026-09-10T04:30:08+00:00
file_2_9M.bin,/mnt/lustre/tree/d1_2/d2_4/d3_2,/mnt/lustre/tree/d1_2/d2_4/d3_2/file_2_9M.bin,9437184,9.0M,1789014608,2026-09-10T04:30:08+00:00
file_10_10M.bin,/mnt/lustre/tree/d1_2/d2_4/d3_2,/mnt/lustre/tree/d1_2/d2_4/d3_2/file_10_10M.bin,10485760,10.0M,1789014608,2026-09-10T04:30:08+00:00
file_4_9M.bin,/mnt/lustre/tree/d1_2/d2_4/d3_2,/mnt/lustre/tree/d1_2/d2_4/d3_2/file_4_9M.bin,9437184,9.0M,1789014608,2026-09-10T04:30:08+00:00
file_7_7M.bin,/mnt/lustre/tree/d1_2/d2_4/d3_2,/mnt/lustre/tree/d1_2/d2_4/d3_2/file_7_7M.bin,7340032,7.0M,1789014608,2026-09-10T04:30:08+00:00
file_3_6M.bin,/mnt/lustre/tree/d1_2/d2_4/d3_2,/mnt/lustre/tree/d1_2/d2_4/d3_2/file_3_6M.bin,6291456,6.0M,1789014608,2026-09-10T04:30:08+00:00
file_8_10M.bin,/mnt/lustre/tree/d1_2/d2_4/d3_2,/mnt/lustre/tree/d1_2/d2_4/d3_2/file_8_10M.bin,10485760,10.0M,1789014608,2026-09-10T04:30:08+00:00
file_9_3M.bin,/mnt/lustre/tree/d1_2/d2_4/d3_2,/mnt/lustre/tree/d1_2/d2_4/d3_2/file_9_3M.bin,3145728,3.0M,1789014608,2026-09-10T04:30:08+00:00
file_5_4M.bin,/mnt/lustre/tree/d1_2/d2_4/d3_2,/mnt/lustre/tree/d1_2/d2_4/d3_2/file_5_4M.bin,4194304,4.0M,1789014608,2026-09-10T04:30:08+00:00
file_6_6M.bin,/mnt/lustre/tree/d1_2/d2_4/d3_2,/mnt/lustre/tree/d1_2/d2_4/d3_2/file_6_6M.bin,6291456,6.0M,1789014608,2026-09-10T04:30:08+00:00
file_1_1M.bin,/mnt/lustre/tree/d1_2/d2_4/d3_2,/mnt/lustre/tree/d1_2/d2_4/d3_2/file_1_1M.bin,1048576,1.0M,1789014608,2026-09-10T04:30:08+00:00
file_6_7M.bin,/mnt/lustre/tree/d1_2/d2_4/d3_5,/mnt/lustre/tree/d1_2/d2_4/d3_5/file_6_7M.bin,7340032,7.0M,1789014609,2026-09-10T04:30:09+00:00
file_4_10M.bin,/mnt/lustre/tree/d1_2/d2_4/d3_5,/mnt/lustre/tree/d1_2/d2_4/d3_5/file_4_10M.bin,10485760,10.0M,1789014609,2026-09-10T04:30:09+00:00
file_2_2M.bin,/mnt/lustre/tree/d1_2/d2_4/d3_5,/mnt/lustre/tree/d1_2/d2_4/d3_5/file_2_2M.bin,2097152,2.0M,1789014609,2026-09-10T04:30:09+00:00
file_3_1M.bin,/mnt/lustre/tree/d1_2/d2_4/d3_5,/mnt/lustre/tree/d1_2/d2_4/d3_5/file_3_1M.bin,1048576,1.0M,1789014609,2026-09-10T04:30:09+00:00
file_5_6M.bin,/mnt/lustre/tree/d1_2/d2_4/d3_5,/mnt/lustre/tree/d1_2/d2_4/d3_5/file_5_6M.bin,6291456,6.0M,1789014609,2026-09-10T04:30:09+00:00
file_10_4M.bin,/mnt/lustre/tree/d1_2/d2_4/d3_5,/mnt/lustre/tree/d1_2/d2_4/d3_5/file_10_4M.bin,4194304,4.0M,1789014609,2026-09-10T04:30:09+00:00
file_9_4M.bin,/mnt/lustre/tree/d1_2/d2_4/d3_5,/mnt/lustre/tree/d1_2/d2_4/d3_5/file_9_4M.bin,4194304,4.0M,1789014609,2026-09-10T04:30:09+00:00
file_7_2M.bin,/mnt/lustre/tree/d1_2/d2_4/d3_5,/mnt/lustre/tree/d1_2/d2_4/d3_5/file_7_2M.bin,2097152,2.0M,1789014609,2026-09-10T04:30:09+00:00
file_1_2M.bin,/mnt/lustre/tree/d1_2/d2_4/d3_5,/mnt/lustre/tree/d1_2/d2_4/d3_5/file_1_2M.bin,2097152,2.0M,1789014609,2026-09-10T04:30:09+00:00
file_8_3M.bin,/mnt/lustre/tree/d1_2/d2_4/d3_5,/mnt/lustre/tree/d1_2/d2_4/d3_5/file_8_3M.bin,3145728,3.0M,1789014609,2026-09-10T04:30:09+00:00
file_8_2M.bin,/mnt/lustre/tree/d1_2/d2_3,/mnt/lustre/tree/d1_2/d2_3/file_8_2M.bin,2097152,2.0M,1789014606,2026-09-10T04:30:06+00:00
file_4_4M.bin,/mnt/lustre/tree/d1_2/d2_3,/mnt/lustre/tree/d1_2/d2_3/file_4_4M.bin,4194304,4.0M,1789014606,2026-09-10T04:30:06+00:00
file_9_5M.bin,/mnt/lustre/tree/d1_2/d2_3,/mnt/lustre/tree/d1_2/d2_3/file_9_5M.bin,5242880,5.0M,1789014606,2026-09-10T04:30:06+00:00
file_10_6M.bin,/mnt/lustre/tree/d1_2/d2_3,/mnt/lustre/tree/d1_2/d2_3/file_10_6M.bin,6291456,6.0M,1789014606,2026-09-10T04:30:06+00:00
file_2_8M.bin,/mnt/lustre/tree/d1_2/d2_3,/mnt/lustre/tree/d1_2/d2_3/file_2_8M.bin,8388608,8.0M,1789014606,2026-09-10T04:30:06+00:00
file_1_6M.bin,/mnt/lustre/tree/d1_2/d2_3,/mnt/lustre/tree/d1_2/d2_3/file_1_6M.bin,6291456,6.0M,1789014606,2026-09-10T04:30:06+00:00
file_6_7M.bin,/mnt/lustre/tree/d1_2/d2_3,/mnt/lustre/tree/d1_2/d2_3/file_6_7M.bin,7340032,7.0M,1789014606,2026-09-10T04:30:06+00:00
file_5_9M.bin,/mnt/lustre/tree/d1_2/d2_3,/mnt/lustre/tree/d1_2/d2_3/file_5_9M.bin,9437184,9.0M,1789014606,2026-09-10T04:30:06+00:00
file_3_9M.bin,/mnt/lustre/tree/d1_2/d2_3,/mnt/lustre/tree/d1_2/d2_3/file_3_9M.bin,9437184,9.0M,1789014606,2026-09-10T04:30:06+00:00
file_7_8M.bin,/mnt/lustre/tree/d1_2/d2_3,/mnt/lustre/tree/d1_2/d2_3/file_7_8M.bin,8388608,8.0M,1789014606,2026-09-10T04:30:06+00:00
file_5_4M.bin,/mnt/lustre/tree/d1_2/d2_3/d3_1,/mnt/lustre/tree/d1_2/d2_3/d3_1/file_5_4M.bin,4194304,4.0M,1789014606,2026-09-10T04:30:06+00:00
file_7_9M.bin,/mnt/lustre/tree/d1_2/d2_3/d3_1,/mnt/lustre/tree/d1_2/d2_3/d3_1/file_7_9M.bin,9437184,9.0M,1789014606,2026-09-10T04:30:06+00:00
file_9_7M.bin,/mnt/lustre/tree/d1_2/d2_3/d3_1,/mnt/lustre/tree/d1_2/d2_3/d3_1/file_9_7M.bin,7340032,7.0M,1789014606,2026-09-10T04:30:06+00:00
file_2_6M.bin,/mnt/lustre/tree/d1_2/d2_3/d3_1,/mnt/lustre/tree/d1_2/d2_3/d3_1/file_2_6M.bin,6291456,6.0M,1789014606,2026-09-10T04:30:06+00:00
file_3_4M.bin,/mnt/lustre/tree/d1_2/d2_3/d3_1,/mnt/lustre/tree/d1_2/d2_3/d3_1/file_3_4M.bin,4194304,4.0M,1789014606,2026-09-10T04:30:06+00:00
file_4_3M.bin,/mnt/lustre/tree/d1_2/d2_3/d3_1,/mnt/lustre/tree/d1_2/d2_3/d3_1/file_4_3M.bin,3145728,3.0M,1789014606,2026-09-10T04:30:06+00:00
file_1_2M.bin,/mnt/lustre/tree/d1_2/d2_3/d3_1,/mnt/lustre/tree/d1_2/d2_3/d3_1/file_1_2M.bin,2097152,2.0M,1789014606,2026-09-10T04:30:06+00:00
file_8_7M.bin,/mnt/lustre/tree/d1_2/d2_3/d3_1,/mnt/lustre/tree/d1_2/d2_3/d3_1/file_8_7M.bin,7340032,7.0M,1789014606,2026-09-10T04:30:06+00:00
file_6_8M.bin,/mnt/lustre/tree/d1_2/d2_3/d3_1,/mnt/lustre/tree/d1_2/d2_3/d3_1/file_6_8M.bin,8388608,8.0M,1789014606,2026-09-10T04:30:06+00:00
file_10_8M.bin,/mnt/lustre/tree/d1_2/d2_3/d3_1,/mnt/lustre/tree/d1_2/d2_3/d3_1/file_10_8M.bin,8388608,8.0M,1789014607,2026-09-10T04:30:07+00:00
file_5_6M.bin,/mnt/lustre/tree/d1_2/d2_3/d3_5,/mnt/lustre/tree/d1_2/d2_3/d3_5/file_5_6M.bin,6291456,6.0M,1789014607,2026-09-10T04:30:07+00:00
file_2_9M.bin,/mnt/lustre/tree/d1_2/d2_3/d3_5,/mnt/lustre/tree/d1_2/d2_3/d3_5/file_2_9M.bin,9437184,9.0M,1789014607,2026-09-10T04:30:07+00:00
file_10_9M.bin,/mnt/lustre/tree/d1_2/d2_3/d3_5,/mnt/lustre/tree/d1_2/d2_3/d3_5/file_10_9M.bin,9437184,9.0M,1789014607,2026-09-10T04:30:07+00:00
file_4_1M.bin,/mnt/lustre/tree/d1_2/d2_3/d3_5,/mnt/lustre/tree/d1_2/d2_3/d3_5/file_4_1M.bin,1048576,1.0M,1789014607,2026-09-10T04:30:07+00:00
file_1_4M.bin,/mnt/lustre/tree/d1_2/d2_3/d3_5,/mnt/lustre/tree/d1_2/d2_3/d3_5/file_1_4M.bin,4194304,4.0M,1789014607,2026-09-10T04:30:07+00:00
file_6_3M.bin,/mnt/lustre/tree/d1_2/d2_3/d3_5,/mnt/lustre/tree/d1_2/d2_3/d3_5/file_6_3M.bin,3145728,3.0M,1789014607,2026-09-10T04:30:07+00:00
file_7_1M.bin,/mnt/lustre/tree/d1_2/d2_3/d3_5,/mnt/lustre/tree/d1_2/d2_3/d3_5/file_7_1M.bin,1048576,1.0M,1789014607,2026-09-10T04:30:07+00:00
file_9_3M.bin,/mnt/lustre/tree/d1_2/d2_3/d3_5,/mnt/lustre/tree/d1_2/d2_3/d3_5/file_9_3M.bin,3145728,3.0M,1789014607,2026-09-10T04:30:07+00:00
file_3_4M.bin,/mnt/lustre/tree/d1_2/d2_3/d3_5,/mnt/lustre/tree/d1_2/d2_3/d3_5/file_3_4M.bin,4194304,4.0M,1789014607,2026-09-10T04:30:07+00:00
file_8_8M.bin,/mnt/lustre/tree/d1_2/d2_3/d3_5,/mnt/lustre/tree/d1_2/d2_3/d3_5/file_8_8M.bin,8388608,8.0M,1789014607,2026-09-10T04:30:07+00:00
file_8_4M.bin,/mnt/lustre/tree/d1_2/d2_3/d3_2,/mnt/lustre/tree/d1_2/d2_3/d3_2/file_8_4M.bin,4194304,4.0M,1789014607,2026-09-10T04:30:07+00:00
file_5_4M.bin,/mnt/lustre/tree/d1_2/d2_3/d3_2,/mnt/lustre/tree/d1_2/d2_3/d3_2/file_5_4M.bin,4194304,4.0M,1789014607,2026-09-10T04:30:07+00:00
file_6_3M.bin,/mnt/lustre/tree/d1_2/d2_3/d3_2,/mnt/lustre/tree/d1_2/d2_3/d3_2/file_6_3M.bin,3145728,3.0M,1789014607,2026-09-10T04:30:07+00:00
file_7_9M.bin,/mnt/lustre/tree/d1_2/d2_3/d3_2,/mnt/lustre/tree/d1_2/d2_3/d3_2/file_7_9M.bin,9437184,9.0M,1789014607,2026-09-10T04:30:07+00:00
file_2_8M.bin,/mnt/lustre/tree/d1_2/d2_3/d3_2,/mnt/lustre/tree/d1_2/d2_3/d3_2/file_2_8M.bin,8388608,8.0M,1789014607,2026-09-10T04:30:07+00:00
file_4_1M.bin,/mnt/lustre/tree/d1_2/d2_3/d3_2,/mnt/lustre/tree/d1_2/d2_3/d3_2/file_4_1M.bin,1048576,1.0M,1789014607,2026-09-10T04:30:07+00:00
file_9_1M.bin,/mnt/lustre/tree/d1_2/d2_3/d3_2,/mnt/lustre/tree/d1_2/d2_3/d3_2/file_9_1M.bin,1048576,1.0M,1789014607,2026-09-10T04:30:07+00:00
file_3_3M.bin,/mnt/lustre/tree/d1_2/d2_3/d3_2,/mnt/lustre/tree/d1_2/d2_3/d3_2/file_3_3M.bin,3145728,3.0M,1789014607,2026-09-10T04:30:07+00:00
file_10_8M.bin,/mnt/lustre/tree/d1_2/d2_3/d3_2,/mnt/lustre/tree/d1_2/d2_3/d3_2/file_10_8M.bin,8388608,8.0M,1789014607,2026-09-10T04:30:07+00:00
file_1_3M.bin,/mnt/lustre/tree/d1_2/d2_3/d3_2,/mnt/lustre/tree/d1_2/d2_3/d3_2/file_1_3M.bin,3145728,3.0M,1789014607,2026-09-10T04:30:07+00:00
file_2_8M.bin,/mnt/lustre/tree/d1_2/d2_3/d3_3,/mnt/lustre/tree/d1_2/d2_3/d3_3/file_2_8M.bin,8388608,8.0M,1789014607,2026-09-10T04:30:07+00:00
file_7_3M.bin,/mnt/lustre/tree/d1_2/d2_3/d3_3,/mnt/lustre/tree/d1_2/d2_3/d3_3/file_7_3M.bin,3145728,3.0M,1789014607,2026-09-10T04:30:07+00:00
file_8_3M.bin,/mnt/lustre/tree/d1_2/d2_3/d3_3,/mnt/lustre/tree/d1_2/d2_3/d3_3/file_8_3M.bin,3145728,3.0M,1789014607,2026-09-10T04:30:07+00:00
file_3_3M.bin,/mnt/lustre/tree/d1_2/d2_3/d3_3,/mnt/lustre/tree/d1_2/d2_3/d3_3/file_3_3M.bin,3145728,3.0M,1789014607,2026-09-10T04:30:07+00:00
file_5_2M.bin,/mnt/lustre/tree/d1_2/d2_3/d3_3,/mnt/lustre/tree/d1_2/d2_3/d3_3/file_5_2M.bin,2097152,2.0M,1789014607,2026-09-10T04:30:07+00:00
file_1_7M.bin,/mnt/lustre/tree/d1_2/d2_3/d3_3,/mnt/lustre/tree/d1_2/d2_3/d3_3/file_1_7M.bin,7340032,7.0M,1789014607,2026-09-10T04:30:07+00:00
file_10_8M.bin,/mnt/lustre/tree/d1_2/d2_3/d3_3,/mnt/lustre/tree/d1_2/d2_3/d3_3/file_10_8M.bin,8388608,8.0M,1789014607,2026-09-10T04:30:07+00:00
file_9_10M.bin,/mnt/lustre/tree/d1_2/d2_3/d3_3,/mnt/lustre/tree/d1_2/d2_3/d3_3/file_9_10M.bin,10485760,10.0M,1789014607,2026-09-10T04:30:07+00:00
file_6_7M.bin,/mnt/lustre/tree/d1_2/d2_3/d3_3,/mnt/lustre/tree/d1_2/d2_3/d3_3/file_6_7M.bin,7340032,7.0M,1789014607,2026-09-10T04:30:07+00:00
file_4_7M.bin,/mnt/lustre/tree/d1_2/d2_3/d3_3,/mnt/lustre/tree/d1_2/d2_3/d3_3/file_4_7M.bin,7340032,7.0M,1789014607,2026-09-10T04:30:07+00:00
file_10_3M.bin,/mnt/lustre/tree/d1_2/d2_3/d3_4,/mnt/lustre/tree/d1_2/d2_3/d3_4/file_10_3M.bin,3145728,3.0M,1789014607,2026-09-10T04:30:07+00:00
file_9_5M.bin,/mnt/lustre/tree/d1_2/d2_3/d3_4,/mnt/lustre/tree/d1_2/d2_3/d3_4/file_9_5M.bin,5242880,5.0M,1789014607,2026-09-10T04:30:07+00:00
file_5_7M.bin,/mnt/lustre/tree/d1_2/d2_3/d3_4,/mnt/lustre/tree/d1_2/d2_3/d3_4/file_5_7M.bin,7340032,7.0M,1789014607,2026-09-10T04:30:07+00:00
file_1_7M.bin,/mnt/lustre/tree/d1_2/d2_3/d3_4,/mnt/lustre/tree/d1_2/d2_3/d3_4/file_1_7M.bin,7340032,7.0M,1789014607,2026-09-10T04:30:07+00:00
file_2_7M.bin,/mnt/lustre/tree/d1_2/d2_3/d3_4,/mnt/lustre/tree/d1_2/d2_3/d3_4/file_2_7M.bin,7340032,7.0M,1789014607,2026-09-10T04:30:07+00:00
file_8_4M.bin,/mnt/lustre/tree/d1_2/d2_3/d3_4,/mnt/lustre/tree/d1_2/d2_3/d3_4/file_8_4M.bin,4194304,4.0M,1789014607,2026-09-10T04:30:07+00:00
file_4_2M.bin,/mnt/lustre/tree/d1_2/d2_3/d3_4,/mnt/lustre/tree/d1_2/d2_3/d3_4/file_4_2M.bin,2097152,2.0M,1789014607,2026-09-10T04:30:07+00:00
file_7_10M.bin,/mnt/lustre/tree/d1_2/d2_3/d3_4,/mnt/lustre/tree/d1_2/d2_3/d3_4/file_7_10M.bin,10485760,10.0M,1789014607,2026-09-10T04:30:07+00:00
file_3_9M.bin,/mnt/lustre/tree/d1_2/d2_3/d3_4,/mnt/lustre/tree/d1_2/d2_3/d3_4/file_3_9M.bin,9437184,9.0M,1789014607,2026-09-10T04:30:07+00:00
file_6_2M.bin,/mnt/lustre/tree/d1_2/d2_3/d3_4,/mnt/lustre/tree/d1_2/d2_3/d3_4/file_6_2M.bin,2097152,2.0M,1789014607,2026-09-10T04:30:07+00:00
file_7_7M.bin,/mnt/lustre/tree/d1_2/d2_2,/mnt/lustre/tree/d1_2/d2_2/file_7_7M.bin,7340032,7.0M,1789014605,2026-09-10T04:30:05+00:00
file_9_9M.bin,/mnt/lustre/tree/d1_2/d2_2,/mnt/lustre/tree/d1_2/d2_2/file_9_9M.bin,9437184,9.0M,1789014605,2026-09-10T04:30:05+00:00
file_4_1M.bin,/mnt/lustre/tree/d1_2/d2_2,/mnt/lustre/tree/d1_2/d2_2/file_4_1M.bin,1048576,1.0M,1789014605,2026-09-10T04:30:05+00:00
file_2_4M.bin,/mnt/lustre/tree/d1_2/d2_2,/mnt/lustre/tree/d1_2/d2_2/file_2_4M.bin,4194304,4.0M,1789014604,2026-09-10T04:30:04+00:00
file_6_10M.bin,/mnt/lustre/tree/d1_2/d2_2,/mnt/lustre/tree/d1_2/d2_2/file_6_10M.bin,10485760,10.0M,1789014605,2026-09-10T04:30:05+00:00
file_5_2M.bin,/mnt/lustre/tree/d1_2/d2_2,/mnt/lustre/tree/d1_2/d2_2/file_5_2M.bin,2097152,2.0M,1789014605,2026-09-10T04:30:05+00:00
file_10_10M.bin,/mnt/lustre/tree/d1_2/d2_2,/mnt/lustre/tree/d1_2/d2_2/file_10_10M.bin,10485760,10.0M,1789014605,2026-09-10T04:30:05+00:00
file_1_7M.bin,/mnt/lustre/tree/d1_2/d2_2,/mnt/lustre/tree/d1_2/d2_2/file_1_7M.bin,7340032,7.0M,1789014604,2026-09-10T04:30:04+00:00
file_3_8M.bin,/mnt/lustre/tree/d1_2/d2_2,/mnt/lustre/tree/d1_2/d2_2/file_3_8M.bin,8388608,8.0M,1789014605,2026-09-10T04:30:05+00:00
file_8_9M.bin,/mnt/lustre/tree/d1_2/d2_2,/mnt/lustre/tree/d1_2/d2_2/file_8_9M.bin,9437184,9.0M,1789014605,2026-09-10T04:30:05+00:00
file_9_8M.bin,/mnt/lustre/tree/d1_2/d2_2/d3_4,/mnt/lustre/tree/d1_2/d2_2/d3_4/file_9_8M.bin,8388608,8.0M,1789014606,2026-09-10T04:30:06+00:00
file_7_10M.bin,/mnt/lustre/tree/d1_2/d2_2/d3_4,/mnt/lustre/tree/d1_2/d2_2/d3_4/file_7_10M.bin,10485760,10.0M,1789014606,2026-09-10T04:30:06+00:00
file_4_4M.bin,/mnt/lustre/tree/d1_2/d2_2/d3_4,/mnt/lustre/tree/d1_2/d2_2/d3_4/file_4_4M.bin,4194304,4.0M,1789014606,2026-09-10T04:30:06+00:00
file_10_5M.bin,/mnt/lustre/tree/d1_2/d2_2/d3_4,/mnt/lustre/tree/d1_2/d2_2/d3_4/file_10_5M.bin,5242880,5.0M,1789014606,2026-09-10T04:30:06+00:00
file_5_1M.bin,/mnt/lustre/tree/d1_2/d2_2/d3_4,/mnt/lustre/tree/d1_2/d2_2/d3_4/file_5_1M.bin,1048576,1.0M,1789014606,2026-09-10T04:30:06+00:00
file_2_2M.bin,/mnt/lustre/tree/d1_2/d2_2/d3_4,/mnt/lustre/tree/d1_2/d2_2/d3_4/file_2_2M.bin,2097152,2.0M,1789014606,2026-09-10T04:30:06+00:00
file_3_9M.bin,/mnt/lustre/tree/d1_2/d2_2/d3_4,/mnt/lustre/tree/d1_2/d2_2/d3_4/file_3_9M.bin,9437184,9.0M,1789014606,2026-09-10T04:30:06+00:00
file_6_6M.bin,/mnt/lustre/tree/d1_2/d2_2/d3_4,/mnt/lustre/tree/d1_2/d2_2/d3_4/file_6_6M.bin,6291456,6.0M,1789014606,2026-09-10T04:30:06+00:00
file_1_9M.bin,/mnt/lustre/tree/d1_2/d2_2/d3_4,/mnt/lustre/tree/d1_2/d2_2/d3_4/file_1_9M.bin,9437184,9.0M,1789014606,2026-09-10T04:30:06+00:00
file_8_4M.bin,/mnt/lustre/tree/d1_2/d2_2/d3_4,/mnt/lustre/tree/d1_2/d2_2/d3_4/file_8_4M.bin,4194304,4.0M,1789014606,2026-09-10T04:30:06+00:00
file_5_6M.bin,/mnt/lustre/tree/d1_2/d2_2/d3_3,/mnt/lustre/tree/d1_2/d2_2/d3_3/file_5_6M.bin,6291456,6.0M,1789014605,2026-09-10T04:30:05+00:00
file_3_7M.bin,/mnt/lustre/tree/d1_2/d2_2/d3_3,/mnt/lustre/tree/d1_2/d2_2/d3_3/file_3_7M.bin,7340032,7.0M,1789014605,2026-09-10T04:30:05+00:00
file_1_3M.bin,/mnt/lustre/tree/d1_2/d2_2/d3_3,/mnt/lustre/tree/d1_2/d2_2/d3_3/file_1_3M.bin,3145728,3.0M,1789014605,2026-09-10T04:30:05+00:00
file_10_8M.bin,/mnt/lustre/tree/d1_2/d2_2/d3_3,/mnt/lustre/tree/d1_2/d2_2/d3_3/file_10_8M.bin,8388608,8.0M,1789014606,2026-09-10T04:30:06+00:00
file_2_6M.bin,/mnt/lustre/tree/d1_2/d2_2/d3_3,/mnt/lustre/tree/d1_2/d2_2/d3_3/file_2_6M.bin,6291456,6.0M,1789014605,2026-09-10T04:30:05+00:00
file_9_6M.bin,/mnt/lustre/tree/d1_2/d2_2/d3_3,/mnt/lustre/tree/d1_2/d2_2/d3_3/file_9_6M.bin,6291456,6.0M,1789014606,2026-09-10T04:30:06+00:00
file_7_8M.bin,/mnt/lustre/tree/d1_2/d2_2/d3_3,/mnt/lustre/tree/d1_2/d2_2/d3_3/file_7_8M.bin,8388608,8.0M,1789014605,2026-09-10T04:30:05+00:00
file_4_2M.bin,/mnt/lustre/tree/d1_2/d2_2/d3_3,/mnt/lustre/tree/d1_2/d2_2/d3_3/file_4_2M.bin,2097152,2.0M,1789014605,2026-09-10T04:30:05+00:00
file_8_8M.bin,/mnt/lustre/tree/d1_2/d2_2/d3_3,/mnt/lustre/tree/d1_2/d2_2/d3_3/file_8_8M.bin,8388608,8.0M,1789014605,2026-09-10T04:30:05+00:00
file_6_6M.bin,/mnt/lustre/tree/d1_2/d2_2/d3_3,/mnt/lustre/tree/d1_2/d2_2/d3_3/file_6_6M.bin,6291456,6.0M,1789014605,2026-09-10T04:30:05+00:00
file_2_8M.bin,/mnt/lustre/tree/d1_2/d2_2/d3_1,/mnt/lustre/tree/d1_2/d2_2/d3_1/file_2_8M.bin,8388608,8.0M,1789014605,2026-09-10T04:30:05+00:00
file_6_9M.bin,/mnt/lustre/tree/d1_2/d2_2/d3_1,/mnt/lustre/tree/d1_2/d2_2/d3_1/file_6_9M.bin,9437184,9.0M,1789014605,2026-09-10T04:30:05+00:00
file_3_2M.bin,/mnt/lustre/tree/d1_2/d2_2/d3_1,/mnt/lustre/tree/d1_2/d2_2/d3_1/file_3_2M.bin,2097152,2.0M,1789014605,2026-09-10T04:30:05+00:00
file_7_1M.bin,/mnt/lustre/tree/d1_2/d2_2/d3_1,/mnt/lustre/tree/d1_2/d2_2/d3_1/file_7_1M.bin,1048576,1.0M,1789014605,2026-09-10T04:30:05+00:00
file_5_5M.bin,/mnt/lustre/tree/d1_2/d2_2/d3_1,/mnt/lustre/tree/d1_2/d2_2/d3_1/file_5_5M.bin,5242880,5.0M,1789014605,2026-09-10T04:30:05+00:00
file_4_7M.bin,/mnt/lustre/tree/d1_2/d2_2/d3_1,/mnt/lustre/tree/d1_2/d2_2/d3_1/file_4_7M.bin,7340032,7.0M,1789014605,2026-09-10T04:30:05+00:00
file_1_8M.bin,/mnt/lustre/tree/d1_2/d2_2/d3_1,/mnt/lustre/tree/d1_2/d2_2/d3_1/file_1_8M.bin,8388608,8.0M,1789014605,2026-09-10T04:30:05+00:00
file_9_2M.bin,/mnt/lustre/tree/d1_2/d2_2/d3_1,/mnt/lustre/tree/d1_2/d2_2/d3_1/file_9_2M.bin,2097152,2.0M,1789014605,2026-09-10T04:30:05+00:00
file_8_8M.bin,/mnt/lustre/tree/d1_2/d2_2/d3_1,/mnt/lustre/tree/d1_2/d2_2/d3_1/file_8_8M.bin,8388608,8.0M,1789014605,2026-09-10T04:30:05+00:00
file_10_10M.bin,/mnt/lustre/tree/d1_2/d2_2/d3_1,/mnt/lustre/tree/d1_2/d2_2/d3_1/file_10_10M.bin,10485760,10.0M,1789014605,2026-09-10T04:30:05+00:00
file_5_9M.bin,/mnt/lustre/tree/d1_2/d2_2/d3_2,/mnt/lustre/tree/d1_2/d2_2/d3_2/file_5_9M.bin,9437184,9.0M,1789014605,2026-09-10T04:30:05+00:00
file_3_8M.bin,/mnt/lustre/tree/d1_2/d2_2/d3_2,/mnt/lustre/tree/d1_2/d2_2/d3_2/file_3_8M.bin,8388608,8.0M,1789014605,2026-09-10T04:30:05+00:00
file_2_2M.bin,/mnt/lustre/tree/d1_2/d2_2/d3_2,/mnt/lustre/tree/d1_2/d2_2/d3_2/file_2_2M.bin,2097152,2.0M,1789014605,2026-09-10T04:30:05+00:00
file_9_10M.bin,/mnt/lustre/tree/d1_2/d2_2/d3_2,/mnt/lustre/tree/d1_2/d2_2/d3_2/file_9_10M.bin,10485760,10.0M,1789014605,2026-09-10T04:30:05+00:00
file_10_6M.bin,/mnt/lustre/tree/d1_2/d2_2/d3_2,/mnt/lustre/tree/d1_2/d2_2/d3_2/file_10_6M.bin,6291456,6.0M,1789014605,2026-09-10T04:30:05+00:00
file_1_5M.bin,/mnt/lustre/tree/d1_2/d2_2/d3_2,/mnt/lustre/tree/d1_2/d2_2/d3_2/file_1_5M.bin,5242880,5.0M,1789014605,2026-09-10T04:30:05+00:00
file_7_10M.bin,/mnt/lustre/tree/d1_2/d2_2/d3_2,/mnt/lustre/tree/d1_2/d2_2/d3_2/file_7_10M.bin,10485760,10.0M,1789014605,2026-09-10T04:30:05+00:00
file_8_2M.bin,/mnt/lustre/tree/d1_2/d2_2/d3_2,/mnt/lustre/tree/d1_2/d2_2/d3_2/file_8_2M.bin,2097152,2.0M,1789014605,2026-09-10T04:30:05+00:00
file_6_4M.bin,/mnt/lustre/tree/d1_2/d2_2/d3_2,/mnt/lustre/tree/d1_2/d2_2/d3_2/file_6_4M.bin,4194304,4.0M,1789014605,2026-09-10T04:30:05+00:00
file_4_8M.bin,/mnt/lustre/tree/d1_2/d2_2/d3_2,/mnt/lustre/tree/d1_2/d2_2/d3_2/file_4_8M.bin,8388608,8.0M,1789014605,2026-09-10T04:30:05+00:00
file_1_3M.bin,/mnt/lustre/tree/d1_2/d2_2/d3_5,/mnt/lustre/tree/d1_2/d2_2/d3_5/file_1_3M.bin,3145728,3.0M,1789014606,2026-09-10T04:30:06+00:00
file_5_6M.bin,/mnt/lustre/tree/d1_2/d2_2/d3_5,/mnt/lustre/tree/d1_2/d2_2/d3_5/file_5_6M.bin,6291456,6.0M,1789014606,2026-09-10T04:30:06+00:00
file_3_3M.bin,/mnt/lustre/tree/d1_2/d2_2/d3_5,/mnt/lustre/tree/d1_2/d2_2/d3_5/file_3_3M.bin,3145728,3.0M,1789014606,2026-09-10T04:30:06+00:00
file_4_1M.bin,/mnt/lustre/tree/d1_2/d2_2/d3_5,/mnt/lustre/tree/d1_2/d2_2/d3_5/file_4_1M.bin,1048576,1.0M,1789014606,2026-09-10T04:30:06+00:00
file_8_3M.bin,/mnt/lustre/tree/d1_2/d2_2/d3_5,/mnt/lustre/tree/d1_2/d2_2/d3_5/file_8_3M.bin,3145728,3.0M,1789014606,2026-09-10T04:30:06+00:00
file_9_9M.bin,/mnt/lustre/tree/d1_2/d2_2/d3_5,/mnt/lustre/tree/d1_2/d2_2/d3_5/file_9_9M.bin,9437184,9.0M,1789014606,2026-09-10T04:30:06+00:00
file_6_5M.bin,/mnt/lustre/tree/d1_2/d2_2/d3_5,/mnt/lustre/tree/d1_2/d2_2/d3_5/file_6_5M.bin,5242880,5.0M,1789014606,2026-09-10T04:30:06+00:00
file_2_2M.bin,/mnt/lustre/tree/d1_2/d2_2/d3_5,/mnt/lustre/tree/d1_2/d2_2/d3_5/file_2_2M.bin,2097152,2.0M,1789014606,2026-09-10T04:30:06+00:00
file_10_4M.bin,/mnt/lustre/tree/d1_2/d2_2/d3_5,/mnt/lustre/tree/d1_2/d2_2/d3_5/file_10_4M.bin,4194304,4.0M,1789014606,2026-09-10T04:30:06+00:00
file_7_1M.bin,/mnt/lustre/tree/d1_2/d2_2/d3_5,/mnt/lustre/tree/d1_2/d2_2/d3_5/file_7_1M.bin,1048576,1.0M,1789014606,2026-09-10T04:30:06+00:00
file_8_10M.bin,/mnt/lustre/tree/d1_2/d2_5,/mnt/lustre/tree/d1_2/d2_5/file_8_10M.bin,10485760,10.0M,1789014609,2026-09-10T04:30:09+00:00
file_3_8M.bin,/mnt/lustre/tree/d1_2/d2_5,/mnt/lustre/tree/d1_2/d2_5/file_3_8M.bin,8388608,8.0M,1789014609,2026-09-10T04:30:09+00:00
file_4_2M.bin,/mnt/lustre/tree/d1_2/d2_5,/mnt/lustre/tree/d1_2/d2_5/file_4_2M.bin,2097152,2.0M,1789014609,2026-09-10T04:30:09+00:00
file_1_9M.bin,/mnt/lustre/tree/d1_2/d2_5,/mnt/lustre/tree/d1_2/d2_5/file_1_9M.bin,9437184,9.0M,1789014609,2026-09-10T04:30:09+00:00
file_9_8M.bin,/mnt/lustre/tree/d1_2/d2_5,/mnt/lustre/tree/d1_2/d2_5/file_9_8M.bin,8388608,8.0M,1789014609,2026-09-10T04:30:09+00:00
file_6_8M.bin,/mnt/lustre/tree/d1_2/d2_5,/mnt/lustre/tree/d1_2/d2_5/file_6_8M.bin,8388608,8.0M,1789014609,2026-09-10T04:30:09+00:00
file_2_5M.bin,/mnt/lustre/tree/d1_2/d2_5,/mnt/lustre/tree/d1_2/d2_5/file_2_5M.bin,5242880,5.0M,1789014609,2026-09-10T04:30:09+00:00
file_5_2M.bin,/mnt/lustre/tree/d1_2/d2_5,/mnt/lustre/tree/d1_2/d2_5/file_5_2M.bin,2097152,2.0M,1789014609,2026-09-10T04:30:09+00:00
file_10_8M.bin,/mnt/lustre/tree/d1_2/d2_5,/mnt/lustre/tree/d1_2/d2_5/file_10_8M.bin,8388608,8.0M,1789014609,2026-09-10T04:30:09+00:00
file_7_3M.bin,/mnt/lustre/tree/d1_2/d2_5,/mnt/lustre/tree/d1_2/d2_5/file_7_3M.bin,3145728,3.0M,1789014609,2026-09-10T04:30:09+00:00
file_5_4M.bin,/mnt/lustre/tree/d1_2/d2_5/d3_1,/mnt/lustre/tree/d1_2/d2_5/d3_1/file_5_4M.bin,4194304,4.0M,1789014609,2026-09-10T04:30:09+00:00
file_8_4M.bin,/mnt/lustre/tree/d1_2/d2_5/d3_1,/mnt/lustre/tree/d1_2/d2_5/d3_1/file_8_4M.bin,4194304,4.0M,1789014609,2026-09-10T04:30:09+00:00
file_10_5M.bin,/mnt/lustre/tree/d1_2/d2_5/d3_1,/mnt/lustre/tree/d1_2/d2_5/d3_1/file_10_5M.bin,5242880,5.0M,1789014610,2026-09-10T04:30:10+00:00
file_1_5M.bin,/mnt/lustre/tree/d1_2/d2_5/d3_1,/mnt/lustre/tree/d1_2/d2_5/d3_1/file_1_5M.bin,5242880,5.0M,1789014609,2026-09-10T04:30:09+00:00
file_6_5M.bin,/mnt/lustre/tree/d1_2/d2_5/d3_1,/mnt/lustre/tree/d1_2/d2_5/d3_1/file_6_5M.bin,5242880,5.0M,1789014609,2026-09-10T04:30:09+00:00
file_9_10M.bin,/mnt/lustre/tree/d1_2/d2_5/d3_1,/mnt/lustre/tree/d1_2/d2_5/d3_1/file_9_10M.bin,10485760,10.0M,1789014609,2026-09-10T04:30:09+00:00
file_3_6M.bin,/mnt/lustre/tree/d1_2/d2_5/d3_1,/mnt/lustre/tree/d1_2/d2_5/d3_1/file_3_6M.bin,6291456,6.0M,1789014609,2026-09-10T04:30:09+00:00
file_4_4M.bin,/mnt/lustre/tree/d1_2/d2_5/d3_1,/mnt/lustre/tree/d1_2/d2_5/d3_1/file_4_4M.bin,4194304,4.0M,1789014609,2026-09-10T04:30:09+00:00
file_2_1M.bin,/mnt/lustre/tree/d1_2/d2_5/d3_1,/mnt/lustre/tree/d1_2/d2_5/d3_1/file_2_1M.bin,1048576,1.0M,1789014609,2026-09-10T04:30:09+00:00
file_7_2M.bin,/mnt/lustre/tree/d1_2/d2_5/d3_1,/mnt/lustre/tree/d1_2/d2_5/d3_1/file_7_2M.bin,2097152,2.0M,1789014609,2026-09-10T04:30:09+00:00
file_8_6M.bin,/mnt/lustre/tree/d1_2/d2_5/d3_5,/mnt/lustre/tree/d1_2/d2_5/d3_5/file_8_6M.bin,6291456,6.0M,1789014610,2026-09-10T04:30:10+00:00
file_9_4M.bin,/mnt/lustre/tree/d1_2/d2_5/d3_5,/mnt/lustre/tree/d1_2/d2_5/d3_5/file_9_4M.bin,4194304,4.0M,1789014610,2026-09-10T04:30:10+00:00
file_5_2M.bin,/mnt/lustre/tree/d1_2/d2_5/d3_5,/mnt/lustre/tree/d1_2/d2_5/d3_5/file_5_2M.bin,2097152,2.0M,1789014610,2026-09-10T04:30:10+00:00
file_2_8M.bin,/mnt/lustre/tree/d1_2/d2_5/d3_5,/mnt/lustre/tree/d1_2/d2_5/d3_5/file_2_8M.bin,8388608,8.0M,1789014610,2026-09-10T04:30:10+00:00
file_1_2M.bin,/mnt/lustre/tree/d1_2/d2_5/d3_5,/mnt/lustre/tree/d1_2/d2_5/d3_5/file_1_2M.bin,2097152,2.0M,1789014610,2026-09-10T04:30:10+00:00
file_4_1M.bin,/mnt/lustre/tree/d1_2/d2_5/d3_5,/mnt/lustre/tree/d1_2/d2_5/d3_5/file_4_1M.bin,1048576,1.0M,1789014610,2026-09-10T04:30:10+00:00
file_6_9M.bin,/mnt/lustre/tree/d1_2/d2_5/d3_5,/mnt/lustre/tree/d1_2/d2_5/d3_5/file_6_9M.bin,9437184,9.0M,1789014610,2026-09-10T04:30:10+00:00
file_7_1M.bin,/mnt/lustre/tree/d1_2/d2_5/d3_5,/mnt/lustre/tree/d1_2/d2_5/d3_5/file_7_1M.bin,1048576,1.0M,1789014610,2026-09-10T04:30:10+00:00
file_10_7M.bin,/mnt/lustre/tree/d1_2/d2_5/d3_5,/mnt/lustre/tree/d1_2/d2_5/d3_5/file_10_7M.bin,7340032,7.0M,1789014610,2026-09-10T04:30:10+00:00
file_3_9M.bin,/mnt/lustre/tree/d1_2/d2_5/d3_5,/mnt/lustre/tree/d1_2/d2_5/d3_5/file_3_9M.bin,9437184,9.0M,1789014610,2026-09-10T04:30:10+00:00
file_4_3M.bin,/mnt/lustre/tree/d1_2/d2_5/d3_2,/mnt/lustre/tree/d1_2/d2_5/d3_2/file_4_3M.bin,3145728,3.0M,1789014610,2026-09-10T04:30:10+00:00
file_6_7M.bin,/mnt/lustre/tree/d1_2/d2_5/d3_2,/mnt/lustre/tree/d1_2/d2_5/d3_2/file_6_7M.bin,7340032,7.0M,1789014610,2026-09-10T04:30:10+00:00
file_10_5M.bin,/mnt/lustre/tree/d1_2/d2_5/d3_2,/mnt/lustre/tree/d1_2/d2_5/d3_2/file_10_5M.bin,5242880,5.0M,1789014610,2026-09-10T04:30:10+00:00
file_8_4M.bin,/mnt/lustre/tree/d1_2/d2_5/d3_2,/mnt/lustre/tree/d1_2/d2_5/d3_2/file_8_4M.bin,4194304,4.0M,1789014610,2026-09-10T04:30:10+00:00
file_7_6M.bin,/mnt/lustre/tree/d1_2/d2_5/d3_2,/mnt/lustre/tree/d1_2/d2_5/d3_2/file_7_6M.bin,6291456,6.0M,1789014610,2026-09-10T04:30:10+00:00
file_2_1M.bin,/mnt/lustre/tree/d1_2/d2_5/d3_2,/mnt/lustre/tree/d1_2/d2_5/d3_2/file_2_1M.bin,1048576,1.0M,1789014610,2026-09-10T04:30:10+00:00
file_3_3M.bin,/mnt/lustre/tree/d1_2/d2_5/d3_2,/mnt/lustre/tree/d1_2/d2_5/d3_2/file_3_3M.bin,3145728,3.0M,1789014610,2026-09-10T04:30:10+00:00
file_5_2M.bin,/mnt/lustre/tree/d1_2/d2_5/d3_2,/mnt/lustre/tree/d1_2/d2_5/d3_2/file_5_2M.bin,2097152,2.0M,1789014610,2026-09-10T04:30:10+00:00
file_9_5M.bin,/mnt/lustre/tree/d1_2/d2_5/d3_2,/mnt/lustre/tree/d1_2/d2_5/d3_2/file_9_5M.bin,5242880,5.0M,1789014610,2026-09-10T04:30:10+00:00
file_1_10M.bin,/mnt/lustre/tree/d1_2/d2_5/d3_2,/mnt/lustre/tree/d1_2/d2_5/d3_2/file_1_10M.bin,10485760,10.0M,1789014610,2026-09-10T04:30:10+00:00
file_2_4M.bin,/mnt/lustre/tree/d1_2/d2_5/d3_3,/mnt/lustre/tree/d1_2/d2_5/d3_3/file_2_4M.bin,4194304,4.0M,1789014610,2026-09-10T04:30:10+00:00
file_7_3M.bin,/mnt/lustre/tree/d1_2/d2_5/d3_3,/mnt/lustre/tree/d1_2/d2_5/d3_3/file_7_3M.bin,3145728,3.0M,1789014610,2026-09-10T04:30:10+00:00
file_1_6M.bin,/mnt/lustre/tree/d1_2/d2_5/d3_3,/mnt/lustre/tree/d1_2/d2_5/d3_3/file_1_6M.bin,6291456,6.0M,1789014610,2026-09-10T04:30:10+00:00
file_4_8M.bin,/mnt/lustre/tree/d1_2/d2_5/d3_3,/mnt/lustre/tree/d1_2/d2_5/d3_3/file_4_8M.bin,8388608,8.0M,1789014610,2026-09-10T04:30:10+00:00
file_5_6M.bin,/mnt/lustre/tree/d1_2/d2_5/d3_3,/mnt/lustre/tree/d1_2/d2_5/d3_3/file_5_6M.bin,6291456,6.0M,1789014610,2026-09-10T04:30:10+00:00
file_3_10M.bin,/mnt/lustre/tree/d1_2/d2_5/d3_3,/mnt/lustre/tree/d1_2/d2_5/d3_3/file_3_10M.bin,10485760,10.0M,1789014610,2026-09-10T04:30:10+00:00
file_10_2M.bin,/mnt/lustre/tree/d1_2/d2_5/d3_3,/mnt/lustre/tree/d1_2/d2_5/d3_3/file_10_2M.bin,2097152,2.0M,1789014610,2026-09-10T04:30:10+00:00
file_9_7M.bin,/mnt/lustre/tree/d1_2/d2_5/d3_3,/mnt/lustre/tree/d1_2/d2_5/d3_3/file_9_7M.bin,7340032,7.0M,1789014610,2026-09-10T04:30:10+00:00
file_8_1M.bin,/mnt/lustre/tree/d1_2/d2_5/d3_3,/mnt/lustre/tree/d1_2/d2_5/d3_3/file_8_1M.bin,1048576,1.0M,1789014610,2026-09-10T04:30:10+00:00
file_6_3M.bin,/mnt/lustre/tree/d1_2/d2_5/d3_3,/mnt/lustre/tree/d1_2/d2_5/d3_3/file_6_3M.bin,3145728,3.0M,1789014610,2026-09-10T04:30:10+00:00
file_6_9M.bin,/mnt/lustre/tree/d1_2/d2_5/d3_4,/mnt/lustre/tree/d1_2/d2_5/d3_4/file_6_9M.bin,9437184,9.0M,1789014610,2026-09-10T04:30:10+00:00
file_5_7M.bin,/mnt/lustre/tree/d1_2/d2_5/d3_4,/mnt/lustre/tree/d1_2/d2_5/d3_4/file_5_7M.bin,7340032,7.0M,1789014610,2026-09-10T04:30:10+00:00
file_9_10M.bin,/mnt/lustre/tree/d1_2/d2_5/d3_4,/mnt/lustre/tree/d1_2/d2_5/d3_4/file_9_10M.bin,10485760,10.0M,1789014610,2026-09-10T04:30:10+00:00
file_8_3M.bin,/mnt/lustre/tree/d1_2/d2_5/d3_4,/mnt/lustre/tree/d1_2/d2_5/d3_4/file_8_3M.bin,3145728,3.0M,1789014610,2026-09-10T04:30:10+00:00
file_3_2M.bin,/mnt/lustre/tree/d1_2/d2_5/d3_4,/mnt/lustre/tree/d1_2/d2_5/d3_4/file_3_2M.bin,2097152,2.0M,1789014610,2026-09-10T04:30:10+00:00
file_7_5M.bin,/mnt/lustre/tree/d1_2/d2_5/d3_4,/mnt/lustre/tree/d1_2/d2_5/d3_4/file_7_5M.bin,5242880,5.0M,1789014610,2026-09-10T04:30:10+00:00
file_1_5M.bin,/mnt/lustre/tree/d1_2/d2_5/d3_4,/mnt/lustre/tree/d1_2/d2_5/d3_4/file_1_5M.bin,5242880,5.0M,1789014610,2026-09-10T04:30:10+00:00
file_2_3M.bin,/mnt/lustre/tree/d1_2/d2_5/d3_4,/mnt/lustre/tree/d1_2/d2_5/d3_4/file_2_3M.bin,3145728,3.0M,1789014610,2026-09-10T04:30:10+00:00
file_10_5M.bin,/mnt/lustre/tree/d1_2/d2_5/d3_4,/mnt/lustre/tree/d1_2/d2_5/d3_4/file_10_5M.bin,5242880,5.0M,1789014610,2026-09-10T04:30:10+00:00
file_4_6M.bin,/mnt/lustre/tree/d1_2/d2_5/d3_4,/mnt/lustre/tree/d1_2/d2_5/d3_4/file_4_6M.bin,6291456,6.0M,1789014610,2026-09-10T04:30:10+00:00
file_10_8M.bin,/mnt/lustre/tree/d1_2/d2_1,/mnt/lustre/tree/d1_2/d2_1/file_10_8M.bin,8388608,8.0M,1789014603,2026-09-10T04:30:03+00:00
file_7_3M.bin,/mnt/lustre/tree/d1_2/d2_1,/mnt/lustre/tree/d1_2/d2_1/file_7_3M.bin,3145728,3.0M,1789014603,2026-09-10T04:30:03+00:00
file_6_8M.bin,/mnt/lustre/tree/d1_2/d2_1,/mnt/lustre/tree/d1_2/d2_1/file_6_8M.bin,8388608,8.0M,1789014603,2026-09-10T04:30:03+00:00
file_2_1M.bin,/mnt/lustre/tree/d1_2/d2_1,/mnt/lustre/tree/d1_2/d2_1/file_2_1M.bin,1048576,1.0M,1789014603,2026-09-10T04:30:03+00:00
file_1_5M.bin,/mnt/lustre/tree/d1_2/d2_1,/mnt/lustre/tree/d1_2/d2_1/file_1_5M.bin,5242880,5.0M,1789014603,2026-09-10T04:30:03+00:00
file_3_1M.bin,/mnt/lustre/tree/d1_2/d2_1,/mnt/lustre/tree/d1_2/d2_1/file_3_1M.bin,1048576,1.0M,1789014603,2026-09-10T04:30:03+00:00
file_8_5M.bin,/mnt/lustre/tree/d1_2/d2_1,/mnt/lustre/tree/d1_2/d2_1/file_8_5M.bin,5242880,5.0M,1789014603,2026-09-10T04:30:03+00:00
file_4_3M.bin,/mnt/lustre/tree/d1_2/d2_1,/mnt/lustre/tree/d1_2/d2_1/file_4_3M.bin,3145728,3.0M,1789014603,2026-09-10T04:30:03+00:00
file_9_3M.bin,/mnt/lustre/tree/d1_2/d2_1,/mnt/lustre/tree/d1_2/d2_1/file_9_3M.bin,3145728,3.0M,1789014603,2026-09-10T04:30:03+00:00
file_5_10M.bin,/mnt/lustre/tree/d1_2/d2_1,/mnt/lustre/tree/d1_2/d2_1/file_5_10M.bin,10485760,10.0M,1789014603,2026-09-10T04:30:03+00:00
file_3_4M.bin,/mnt/lustre/tree/d1_2/d2_1/d3_4,/mnt/lustre/tree/d1_2/d2_1/d3_4/file_3_4M.bin,4194304,4.0M,1789014604,2026-09-10T04:30:04+00:00
file_6_7M.bin,/mnt/lustre/tree/d1_2/d2_1/d3_4,/mnt/lustre/tree/d1_2/d2_1/d3_4/file_6_7M.bin,7340032,7.0M,1789014604,2026-09-10T04:30:04+00:00
file_5_8M.bin,/mnt/lustre/tree/d1_2/d2_1/d3_4,/mnt/lustre/tree/d1_2/d2_1/d3_4/file_5_8M.bin,8388608,8.0M,1789014604,2026-09-10T04:30:04+00:00
file_1_5M.bin,/mnt/lustre/tree/d1_2/d2_1/d3_4,/mnt/lustre/tree/d1_2/d2_1/d3_4/file_1_5M.bin,5242880,5.0M,1789014604,2026-09-10T04:30:04+00:00
file_4_6M.bin,/mnt/lustre/tree/d1_2/d2_1/d3_4,/mnt/lustre/tree/d1_2/d2_1/d3_4/file_4_6M.bin,6291456,6.0M,1789014604,2026-09-10T04:30:04+00:00
file_2_9M.bin,/mnt/lustre/tree/d1_2/d2_1/d3_4,/mnt/lustre/tree/d1_2/d2_1/d3_4/file_2_9M.bin,9437184,9.0M,1789014604,2026-09-10T04:30:04+00:00
file_8_10M.bin,/mnt/lustre/tree/d1_2/d2_1/d3_4,/mnt/lustre/tree/d1_2/d2_1/d3_4/file_8_10M.bin,10485760,10.0M,1789014604,2026-09-10T04:30:04+00:00
file_10_7M.bin,/mnt/lustre/tree/d1_2/d2_1/d3_4,/mnt/lustre/tree/d1_2/d2_1/d3_4/file_10_7M.bin,7340032,7.0M,1789014604,2026-09-10T04:30:04+00:00
file_7_3M.bin,/mnt/lustre/tree/d1_2/d2_1/d3_4,/mnt/lustre/tree/d1_2/d2_1/d3_4/file_7_3M.bin,3145728,3.0M,1789014604,2026-09-10T04:30:04+00:00
file_9_10M.bin,/mnt/lustre/tree/d1_2/d2_1/d3_4,/mnt/lustre/tree/d1_2/d2_1/d3_4/file_9_10M.bin,10485760,10.0M,1789014604,2026-09-10T04:30:04+00:00
file_9_6M.bin,/mnt/lustre/tree/d1_2/d2_1/d3_3,/mnt/lustre/tree/d1_2/d2_1/d3_3/file_9_6M.bin,6291456,6.0M,1789014604,2026-09-10T04:30:04+00:00
file_3_8M.bin,/mnt/lustre/tree/d1_2/d2_1/d3_3,/mnt/lustre/tree/d1_2/d2_1/d3_3/file_3_8M.bin,8388608,8.0M,1789014604,2026-09-10T04:30:04+00:00
file_5_5M.bin,/mnt/lustre/tree/d1_2/d2_1/d3_3,/mnt/lustre/tree/d1_2/d2_1/d3_3/file_5_5M.bin,5242880,5.0M,1789014604,2026-09-10T04:30:04+00:00
file_1_2M.bin,/mnt/lustre/tree/d1_2/d2_1/d3_3,/mnt/lustre/tree/d1_2/d2_1/d3_3/file_1_2M.bin,2097152,2.0M,1789014604,2026-09-10T04:30:04+00:00
file_8_7M.bin,/mnt/lustre/tree/d1_2/d2_1/d3_3,/mnt/lustre/tree/d1_2/d2_1/d3_3/file_8_7M.bin,7340032,7.0M,1789014604,2026-09-10T04:30:04+00:00
file_4_1M.bin,/mnt/lustre/tree/d1_2/d2_1/d3_3,/mnt/lustre/tree/d1_2/d2_1/d3_3/file_4_1M.bin,1048576,1.0M,1789014604,2026-09-10T04:30:04+00:00
file_6_10M.bin,/mnt/lustre/tree/d1_2/d2_1/d3_3,/mnt/lustre/tree/d1_2/d2_1/d3_3/file_6_10M.bin,10485760,10.0M,1789014604,2026-09-10T04:30:04+00:00
file_10_1M.bin,/mnt/lustre/tree/d1_2/d2_1/d3_3,/mnt/lustre/tree/d1_2/d2_1/d3_3/file_10_1M.bin,1048576,1.0M,1789014604,2026-09-10T04:30:04+00:00
file_2_1M.bin,/mnt/lustre/tree/d1_2/d2_1/d3_3,/mnt/lustre/tree/d1_2/d2_1/d3_3/file_2_1M.bin,1048576,1.0M,1789014604,2026-09-10T04:30:04+00:00
file_7_10M.bin,/mnt/lustre/tree/d1_2/d2_1/d3_3,/mnt/lustre/tree/d1_2/d2_1/d3_3/file_7_10M.bin,10485760,10.0M,1789014604,2026-09-10T04:30:04+00:00
file_2_7M.bin,/mnt/lustre/tree/d1_2/d2_1/d3_1,/mnt/lustre/tree/d1_2/d2_1/d3_1/file_2_7M.bin,7340032,7.0M,1789014603,2026-09-10T04:30:03+00:00
file_5_8M.bin,/mnt/lustre/tree/d1_2/d2_1/d3_1,/mnt/lustre/tree/d1_2/d2_1/d3_1/file_5_8M.bin,8388608,8.0M,1789014603,2026-09-10T04:30:03+00:00
file_10_10M.bin,/mnt/lustre/tree/d1_2/d2_1/d3_1,/mnt/lustre/tree/d1_2/d2_1/d3_1/file_10_10M.bin,10485760,10.0M,1789014603,2026-09-10T04:30:03+00:00
file_7_1M.bin,/mnt/lustre/tree/d1_2/d2_1/d3_1,/mnt/lustre/tree/d1_2/d2_1/d3_1/file_7_1M.bin,1048576,1.0M,1789014603,2026-09-10T04:30:03+00:00
file_3_8M.bin,/mnt/lustre/tree/d1_2/d2_1/d3_1,/mnt/lustre/tree/d1_2/d2_1/d3_1/file_3_8M.bin,8388608,8.0M,1789014603,2026-09-10T04:30:03+00:00
file_8_9M.bin,/mnt/lustre/tree/d1_2/d2_1/d3_1,/mnt/lustre/tree/d1_2/d2_1/d3_1/file_8_9M.bin,9437184,9.0M,1789014603,2026-09-10T04:30:03+00:00
file_9_7M.bin,/mnt/lustre/tree/d1_2/d2_1/d3_1,/mnt/lustre/tree/d1_2/d2_1/d3_1/file_9_7M.bin,7340032,7.0M,1789014603,2026-09-10T04:30:03+00:00
file_4_10M.bin,/mnt/lustre/tree/d1_2/d2_1/d3_1,/mnt/lustre/tree/d1_2/d2_1/d3_1/file_4_10M.bin,10485760,10.0M,1789014603,2026-09-10T04:30:03+00:00
file_6_8M.bin,/mnt/lustre/tree/d1_2/d2_1/d3_1,/mnt/lustre/tree/d1_2/d2_1/d3_1/file_6_8M.bin,8388608,8.0M,1789014603,2026-09-10T04:30:03+00:00
file_1_7M.bin,/mnt/lustre/tree/d1_2/d2_1/d3_1,/mnt/lustre/tree/d1_2/d2_1/d3_1/file_1_7M.bin,7340032,7.0M,1789014603,2026-09-10T04:30:03+00:00
file_1_3M.bin,/mnt/lustre/tree/d1_2/d2_1/d3_2,/mnt/lustre/tree/d1_2/d2_1/d3_2/file_1_3M.bin,3145728,3.0M,1789014603,2026-09-10T04:30:03+00:00
file_10_2M.bin,/mnt/lustre/tree/d1_2/d2_1/d3_2,/mnt/lustre/tree/d1_2/d2_1/d3_2/file_10_2M.bin,2097152,2.0M,1789014604,2026-09-10T04:30:04+00:00
file_2_9M.bin,/mnt/lustre/tree/d1_2/d2_1/d3_2,/mnt/lustre/tree/d1_2/d2_1/d3_2/file_2_9M.bin,9437184,9.0M,1789014603,2026-09-10T04:30:03+00:00
file_9_8M.bin,/mnt/lustre/tree/d1_2/d2_1/d3_2,/mnt/lustre/tree/d1_2/d2_1/d3_2/file_9_8M.bin,8388608,8.0M,1789014604,2026-09-10T04:30:04+00:00
file_7_3M.bin,/mnt/lustre/tree/d1_2/d2_1/d3_2,/mnt/lustre/tree/d1_2/d2_1/d3_2/file_7_3M.bin,3145728,3.0M,1789014603,2026-09-10T04:30:03+00:00
file_5_3M.bin,/mnt/lustre/tree/d1_2/d2_1/d3_2,/mnt/lustre/tree/d1_2/d2_1/d3_2/file_5_3M.bin,3145728,3.0M,1789014603,2026-09-10T04:30:03+00:00
file_6_3M.bin,/mnt/lustre/tree/d1_2/d2_1/d3_2,/mnt/lustre/tree/d1_2/d2_1/d3_2/file_6_3M.bin,3145728,3.0M,1789014603,2026-09-10T04:30:03+00:00
file_4_3M.bin,/mnt/lustre/tree/d1_2/d2_1/d3_2,/mnt/lustre/tree/d1_2/d2_1/d3_2/file_4_3M.bin,3145728,3.0M,1789014603,2026-09-10T04:30:03+00:00
file_8_5M.bin,/mnt/lustre/tree/d1_2/d2_1/d3_2,/mnt/lustre/tree/d1_2/d2_1/d3_2/file_8_5M.bin,5242880,5.0M,1789014603,2026-09-10T04:30:03+00:00
file_3_1M.bin,/mnt/lustre/tree/d1_2/d2_1/d3_2,/mnt/lustre/tree/d1_2/d2_1/d3_2/file_3_1M.bin,1048576,1.0M,1789014603,2026-09-10T04:30:03+00:00
file_4_8M.bin,/mnt/lustre/tree/d1_2/d2_1/d3_5,/mnt/lustre/tree/d1_2/d2_1/d3_5/file_4_8M.bin,8388608,8.0M,1789014604,2026-09-10T04:30:04+00:00
file_3_2M.bin,/mnt/lustre/tree/d1_2/d2_1/d3_5,/mnt/lustre/tree/d1_2/d2_1/d3_5/file_3_2M.bin,2097152,2.0M,1789014604,2026-09-10T04:30:04+00:00
file_9_1M.bin,/mnt/lustre/tree/d1_2/d2_1/d3_5,/mnt/lustre/tree/d1_2/d2_1/d3_5/file_9_1M.bin,1048576,1.0M,1789014604,2026-09-10T04:30:04+00:00
file_1_10M.bin,/mnt/lustre/tree/d1_2/d2_1/d3_5,/mnt/lustre/tree/d1_2/d2_1/d3_5/file_1_10M.bin,10485760,10.0M,1789014604,2026-09-10T04:30:04+00:00
file_10_2M.bin,/mnt/lustre/tree/d1_2/d2_1/d3_5,/mnt/lustre/tree/d1_2/d2_1/d3_5/file_10_2M.bin,2097152,2.0M,1789014604,2026-09-10T04:30:04+00:00
file_2_8M.bin,/mnt/lustre/tree/d1_2/d2_1/d3_5,/mnt/lustre/tree/d1_2/d2_1/d3_5/file_2_8M.bin,8388608,8.0M,1789014604,2026-09-10T04:30:04+00:00
file_8_9M.bin,/mnt/lustre/tree/d1_2/d2_1/d3_5,/mnt/lustre/tree/d1_2/d2_1/d3_5/file_8_9M.bin,9437184,9.0M,1789014604,2026-09-10T04:30:04+00:00
file_6_6M.bin,/mnt/lustre/tree/d1_2/d2_1/d3_5,/mnt/lustre/tree/d1_2/d2_1/d3_5/file_6_6M.bin,6291456,6.0M,1789014604,2026-09-10T04:30:04+00:00
file_7_4M.bin,/mnt/lustre/tree/d1_2/d2_1/d3_5,/mnt/lustre/tree/d1_2/d2_1/d3_5/file_7_4M.bin,4194304,4.0M,1789014604,2026-09-10T04:30:04+00:00
file_5_4M.bin,/mnt/lustre/tree/d1_2/d2_1/d3_5,/mnt/lustre/tree/d1_2/d2_1/d3_5/file_5_4M.bin,4194304,4.0M,1789014604,2026-09-10T04:30:04+00:00
file_2_4M.bin,/mnt/lustre/tree/d1_1,/mnt/lustre/tree/d1_1/file_2_4M.bin,4194304,4.0M,1789014595,2026-09-10T04:29:55+00:00
file_8_7M.bin,/mnt/lustre/tree/d1_1,/mnt/lustre/tree/d1_1/file_8_7M.bin,7340032,7.0M,1789014595,2026-09-10T04:29:55+00:00
file_6_9M.bin,/mnt/lustre/tree/d1_1,/mnt/lustre/tree/d1_1/file_6_9M.bin,9437184,9.0M,1789014595,2026-09-10T04:29:55+00:00
file_7_2M.bin,/mnt/lustre/tree/d1_1,/mnt/lustre/tree/d1_1/file_7_2M.bin,2097152,2.0M,1789014595,2026-09-10T04:29:55+00:00
file_1_5M.bin,/mnt/lustre/tree/d1_1,/mnt/lustre/tree/d1_1/file_1_5M.bin,5242880,5.0M,1789014595,2026-09-10T04:29:55+00:00
file_4_6M.bin,/mnt/lustre/tree/d1_1,/mnt/lustre/tree/d1_1/file_4_6M.bin,6291456,6.0M,1789014595,2026-09-10T04:29:55+00:00
file_5_1M.bin,/mnt/lustre/tree/d1_1,/mnt/lustre/tree/d1_1/file_5_1M.bin,1048576,1.0M,1789014595,2026-09-10T04:29:55+00:00
file_9_7M.bin,/mnt/lustre/tree/d1_1,/mnt/lustre/tree/d1_1/file_9_7M.bin,7340032,7.0M,1789014595,2026-09-10T04:29:55+00:00
file_3_4M.bin,/mnt/lustre/tree/d1_1,/mnt/lustre/tree/d1_1/file_3_4M.bin,4194304,4.0M,1789014595,2026-09-10T04:29:55+00:00
file_10_7M.bin,/mnt/lustre/tree/d1_1,/mnt/lustre/tree/d1_1/file_10_7M.bin,7340032,7.0M,1789014595,2026-09-10T04:29:55+00:00
file_2_8M.bin,/mnt/lustre/tree/d1_1/d2_3,/mnt/lustre/tree/d1_1/d2_3/file_2_8M.bin,8388608,8.0M,1789014598,2026-09-10T04:29:58+00:00
file_6_1M.bin,/mnt/lustre/tree/d1_1/d2_3,/mnt/lustre/tree/d1_1/d2_3/file_6_1M.bin,1048576,1.0M,1789014598,2026-09-10T04:29:58+00:00
file_1_10M.bin,/mnt/lustre/tree/d1_1/d2_3,/mnt/lustre/tree/d1_1/d2_3/file_1_10M.bin,10485760,10.0M,1789014598,2026-09-10T04:29:58+00:00
file_3_3M.bin,/mnt/lustre/tree/d1_1/d2_3,/mnt/lustre/tree/d1_1/d2_3/file_3_3M.bin,3145728,3.0M,1789014598,2026-09-10T04:29:58+00:00
file_4_4M.bin,/mnt/lustre/tree/d1_1/d2_3,/mnt/lustre/tree/d1_1/d2_3/file_4_4M.bin,4194304,4.0M,1789014598,2026-09-10T04:29:58+00:00
file_7_10M.bin,/mnt/lustre/tree/d1_1/d2_3,/mnt/lustre/tree/d1_1/d2_3/file_7_10M.bin,10485760,10.0M,1789014598,2026-09-10T04:29:58+00:00
file_5_8M.bin,/mnt/lustre/tree/d1_1/d2_3,/mnt/lustre/tree/d1_1/d2_3/file_5_8M.bin,8388608,8.0M,1789014598,2026-09-10T04:29:58+00:00
file_9_6M.bin,/mnt/lustre/tree/d1_1/d2_3,/mnt/lustre/tree/d1_1/d2_3/file_9_6M.bin,6291456,6.0M,1789014598,2026-09-10T04:29:58+00:00
file_8_5M.bin,/mnt/lustre/tree/d1_1/d2_3,/mnt/lustre/tree/d1_1/d2_3/file_8_5M.bin,5242880,5.0M,1789014598,2026-09-10T04:29:58+00:00
file_10_10M.bin,/mnt/lustre/tree/d1_1/d2_3,/mnt/lustre/tree/d1_1/d2_3/file_10_10M.bin,10485760,10.0M,1789014598,2026-09-10T04:29:58+00:00
file_10_6M.bin,/mnt/lustre/tree/d1_1/d2_3/d3_1,/mnt/lustre/tree/d1_1/d2_3/d3_1/file_10_6M.bin,6291456,6.0M,1789014599,2026-09-10T04:29:59+00:00
file_1_3M.bin,/mnt/lustre/tree/d1_1/d2_3/d3_1,/mnt/lustre/tree/d1_1/d2_3/d3_1/file_1_3M.bin,3145728,3.0M,1789014598,2026-09-10T04:29:58+00:00
file_3_7M.bin,/mnt/lustre/tree/d1_1/d2_3/d3_1,/mnt/lustre/tree/d1_1/d2_3/d3_1/file_3_7M.bin,7340032,7.0M,1789014598,2026-09-10T04:29:58+00:00
file_9_4M.bin,/mnt/lustre/tree/d1_1/d2_3/d3_1,/mnt/lustre/tree/d1_1/d2_3/d3_1/file_9_4M.bin,4194304,4.0M,1789014599,2026-09-10T04:29:59+00:00
file_6_10M.bin,/mnt/lustre/tree/d1_1/d2_3/d3_1,/mnt/lustre/tree/d1_1/d2_3/d3_1/file_6_10M.bin,10485760,10.0M,1789014599,2026-09-10T04:29:59+00:00
file_7_8M.bin,/mnt/lustre/tree/d1_1/d2_3/d3_1,/mnt/lustre/tree/d1_1/d2_3/d3_1/file_7_8M.bin,8388608,8.0M,1789014599,2026-09-10T04:29:59+00:00
file_5_5M.bin,/mnt/lustre/tree/d1_1/d2_3/d3_1,/mnt/lustre/tree/d1_1/d2_3/d3_1/file_5_5M.bin,5242880,5.0M,1789014598,2026-09-10T04:29:58+00:00
file_2_2M.bin,/mnt/lustre/tree/d1_1/d2_3/d3_1,/mnt/lustre/tree/d1_1/d2_3/d3_1/file_2_2M.bin,2097152,2.0M,1789014598,2026-09-10T04:29:58+00:00
file_8_5M.bin,/mnt/lustre/tree/d1_1/d2_3/d3_1,/mnt/lustre/tree/d1_1/d2_3/d3_1/file_8_5M.bin,5242880,5.0M,1789014599,2026-09-10T04:29:59+00:00
file_4_3M.bin,/mnt/lustre/tree/d1_1/d2_3/d3_1,/mnt/lustre/tree/d1_1/d2_3/d3_1/file_4_3M.bin,3145728,3.0M,1789014598,2026-09-10T04:29:58+00:00
file_10_9M.bin,/mnt/lustre/tree/d1_1/d2_3/d3_2,/mnt/lustre/tree/d1_1/d2_3/d3_2/file_10_9M.bin,9437184,9.0M,1789014599,2026-09-10T04:29:59+00:00
file_2_8M.bin,/mnt/lustre/tree/d1_1/d2_3/d3_2,/mnt/lustre/tree/d1_1/d2_3/d3_2/file_2_8M.bin,8388608,8.0M,1789014599,2026-09-10T04:29:59+00:00
file_8_5M.bin,/mnt/lustre/tree/d1_1/d2_3/d3_2,/mnt/lustre/tree/d1_1/d2_3/d3_2/file_8_5M.bin,5242880,5.0M,1789014599,2026-09-10T04:29:59+00:00
file_5_1M.bin,/mnt/lustre/tree/d1_1/d2_3/d3_2,/mnt/lustre/tree/d1_1/d2_3/d3_2/file_5_1M.bin,1048576,1.0M,1789014599,2026-09-10T04:29:59+00:00
file_7_9M.bin,/mnt/lustre/tree/d1_1/d2_3/d3_2,/mnt/lustre/tree/d1_1/d2_3/d3_2/file_7_9M.bin,9437184,9.0M,1789014599,2026-09-10T04:29:59+00:00
file_1_10M.bin,/mnt/lustre/tree/d1_1/d2_3/d3_2,/mnt/lustre/tree/d1_1/d2_3/d3_2/file_1_10M.bin,10485760,10.0M,1789014599,2026-09-10T04:29:59+00:00
file_6_6M.bin,/mnt/lustre/tree/d1_1/d2_3/d3_2,/mnt/lustre/tree/d1_1/d2_3/d3_2/file_6_6M.bin,6291456,6.0M,1789014599,2026-09-10T04:29:59+00:00
file_9_2M.bin,/mnt/lustre/tree/d1_1/d2_3/d3_2,/mnt/lustre/tree/d1_1/d2_3/d3_2/file_9_2M.bin,2097152,2.0M,1789014599,2026-09-10T04:29:59+00:00
file_3_5M.bin,/mnt/lustre/tree/d1_1/d2_3/d3_2,/mnt/lustre/tree/d1_1/d2_3/d3_2/file_3_5M.bin,5242880,5.0M,1789014599,2026-09-10T04:29:59+00:00
file_4_2M.bin,/mnt/lustre/tree/d1_1/d2_3/d3_2,/mnt/lustre/tree/d1_1/d2_3/d3_2/file_4_2M.bin,2097152,2.0M,1789014599,2026-09-10T04:29:59+00:00
file_6_1M.bin,/mnt/lustre/tree/d1_1/d2_3/d3_5,/mnt/lustre/tree/d1_1/d2_3/d3_5/file_6_1M.bin,1048576,1.0M,1789014599,2026-09-10T04:29:59+00:00
file_8_3M.bin,/mnt/lustre/tree/d1_1/d2_3/d3_5,/mnt/lustre/tree/d1_1/d2_3/d3_5/file_8_3M.bin,3145728,3.0M,1789014599,2026-09-10T04:29:59+00:00
file_3_7M.bin,/mnt/lustre/tree/d1_1/d2_3/d3_5,/mnt/lustre/tree/d1_1/d2_3/d3_5/file_3_7M.bin,7340032,7.0M,1789014599,2026-09-10T04:29:59+00:00
file_2_5M.bin,/mnt/lustre/tree/d1_1/d2_3/d3_5,/mnt/lustre/tree/d1_1/d2_3/d3_5/file_2_5M.bin,5242880,5.0M,1789014599,2026-09-10T04:29:59+00:00
file_5_2M.bin,/mnt/lustre/tree/d1_1/d2_3/d3_5,/mnt/lustre/tree/d1_1/d2_3/d3_5/file_5_2M.bin,2097152,2.0M,1789014599,2026-09-10T04:29:59+00:00
file_4_4M.bin,/mnt/lustre/tree/d1_1/d2_3/d3_5,/mnt/lustre/tree/d1_1/d2_3/d3_5/file_4_4M.bin,4194304,4.0M,1789014599,2026-09-10T04:29:59+00:00
file_10_5M.bin,/mnt/lustre/tree/d1_1/d2_3/d3_5,/mnt/lustre/tree/d1_1/d2_3/d3_5/file_10_5M.bin,5242880,5.0M,1789014600,2026-09-10T04:30:00+00:00
file_1_9M.bin,/mnt/lustre/tree/d1_1/d2_3/d3_5,/mnt/lustre/tree/d1_1/d2_3/d3_5/file_1_9M.bin,9437184,9.0M,1789014599,2026-09-10T04:29:59+00:00
file_9_7M.bin,/mnt/lustre/tree/d1_1/d2_3/d3_5,/mnt/lustre/tree/d1_1/d2_3/d3_5/file_9_7M.bin,7340032,7.0M,1789014599,2026-09-10T04:29:59+00:00
file_7_9M.bin,/mnt/lustre/tree/d1_1/d2_3/d3_5,/mnt/lustre/tree/d1_1/d2_3/d3_5/file_7_9M.bin,9437184,9.0M,1789014599,2026-09-10T04:29:59+00:00
file_8_10M.bin,/mnt/lustre/tree/d1_1/d2_3/d3_4,/mnt/lustre/tree/d1_1/d2_3/d3_4/file_8_10M.bin,10485760,10.0M,1789014599,2026-09-10T04:29:59+00:00
file_2_4M.bin,/mnt/lustre/tree/d1_1/d2_3/d3_4,/mnt/lustre/tree/d1_1/d2_3/d3_4/file_2_4M.bin,4194304,4.0M,1789014599,2026-09-10T04:29:59+00:00
file_1_6M.bin,/mnt/lustre/tree/d1_1/d2_3/d3_4,/mnt/lustre/tree/d1_1/d2_3/d3_4/file_1_6M.bin,6291456,6.0M,1789014599,2026-09-10T04:29:59+00:00
file_9_8M.bin,/mnt/lustre/tree/d1_1/d2_3/d3_4,/mnt/lustre/tree/d1_1/d2_3/d3_4/file_9_8M.bin,8388608,8.0M,1789014599,2026-09-10T04:29:59+00:00
file_7_6M.bin,/mnt/lustre/tree/d1_1/d2_3/d3_4,/mnt/lustre/tree/d1_1/d2_3/d3_4/file_7_6M.bin,6291456,6.0M,1789014599,2026-09-10T04:29:59+00:00
file_4_4M.bin,/mnt/lustre/tree/d1_1/d2_3/d3_4,/mnt/lustre/tree/d1_1/d2_3/d3_4/file_4_4M.bin,4194304,4.0M,1789014599,2026-09-10T04:29:59+00:00
file_5_2M.bin,/mnt/lustre/tree/d1_1/d2_3/d3_4,/mnt/lustre/tree/d1_1/d2_3/d3_4/file_5_2M.bin,2097152,2.0M,1789014599,2026-09-10T04:29:59+00:00
file_10_2M.bin,/mnt/lustre/tree/d1_1/d2_3/d3_4,/mnt/lustre/tree/d1_1/d2_3/d3_4/file_10_2M.bin,2097152,2.0M,1789014599,2026-09-10T04:29:59+00:00
file_6_8M.bin,/mnt/lustre/tree/d1_1/d2_3/d3_4,/mnt/lustre/tree/d1_1/d2_3/d3_4/file_6_8M.bin,8388608,8.0M,1789014599,2026-09-10T04:29:59+00:00
file_3_1M.bin,/mnt/lustre/tree/d1_1/d2_3/d3_4,/mnt/lustre/tree/d1_1/d2_3/d3_4/file_3_1M.bin,1048576,1.0M,1789014599,2026-09-10T04:29:59+00:00
file_2_3M.bin,/mnt/lustre/tree/d1_1/d2_3/d3_3,/mnt/lustre/tree/d1_1/d2_3/d3_3/file_2_3M.bin,3145728,3.0M,1789014599,2026-09-10T04:29:59+00:00
file_1_5M.bin,/mnt/lustre/tree/d1_1/d2_3/d3_3,/mnt/lustre/tree/d1_1/d2_3/d3_3/file_1_5M.bin,5242880,5.0M,1789014599,2026-09-10T04:29:59+00:00
file_10_2M.bin,/mnt/lustre/tree/d1_1/d2_3/d3_3,/mnt/lustre/tree/d1_1/d2_3/d3_3/file_10_2M.bin,2097152,2.0M,1789014599,2026-09-10T04:29:59+00:00
file_7_5M.bin,/mnt/lustre/tree/d1_1/d2_3/d3_3,/mnt/lustre/tree/d1_1/d2_3/d3_3/file_7_5M.bin,5242880,5.0M,1789014599,2026-09-10T04:29:59+00:00
file_3_8M.bin,/mnt/lustre/tree/d1_1/d2_3/d3_3,/mnt/lustre/tree/d1_1/d2_3/d3_3/file_3_8M.bin,8388608,8.0M,1789014599,2026-09-10T04:29:59+00:00
file_4_7M.bin,/mnt/lustre/tree/d1_1/d2_3/d3_3,/mnt/lustre/tree/d1_1/d2_3/d3_3/file_4_7M.bin,7340032,7.0M,1789014599,2026-09-10T04:29:59+00:00
file_9_1M.bin,/mnt/lustre/tree/d1_1/d2_3/d3_3,/mnt/lustre/tree/d1_1/d2_3/d3_3/file_9_1M.bin,1048576,1.0M,1789014599,2026-09-10T04:29:59+00:00
file_6_9M.bin,/mnt/lustre/tree/d1_1/d2_3/d3_3,/mnt/lustre/tree/d1_1/d2_3/d3_3/file_6_9M.bin,9437184,9.0M,1789014599,2026-09-10T04:29:59+00:00
file_8_7M.bin,/mnt/lustre/tree/d1_1/d2_3/d3_3,/mnt/lustre/tree/d1_1/d2_3/d3_3/file_8_7M.bin,7340032,7.0M,1789014599,2026-09-10T04:29:59+00:00
file_5_6M.bin,/mnt/lustre/tree/d1_1/d2_3/d3_3,/mnt/lustre/tree/d1_1/d2_3/d3_3/file_5_6M.bin,6291456,6.0M,1789014599,2026-09-10T04:29:59+00:00
file_6_9M.bin,/mnt/lustre/tree/d1_1/d2_4,/mnt/lustre/tree/d1_1/d2_4/file_6_9M.bin,9437184,9.0M,1789014600,2026-09-10T04:30:00+00:00
file_1_3M.bin,/mnt/lustre/tree/d1_1/d2_4,/mnt/lustre/tree/d1_1/d2_4/file_1_3M.bin,3145728,3.0M,1789014600,2026-09-10T04:30:00+00:00
file_7_2M.bin,/mnt/lustre/tree/d1_1/d2_4,/mnt/lustre/tree/d1_1/d2_4/file_7_2M.bin,2097152,2.0M,1789014600,2026-09-10T04:30:00+00:00
file_10_6M.bin,/mnt/lustre/tree/d1_1/d2_4,/mnt/lustre/tree/d1_1/d2_4/file_10_6M.bin,6291456,6.0M,1789014600,2026-09-10T04:30:00+00:00
file_4_8M.bin,/mnt/lustre/tree/d1_1/d2_4,/mnt/lustre/tree/d1_1/d2_4/file_4_8M.bin,8388608,8.0M,1789014600,2026-09-10T04:30:00+00:00
file_5_6M.bin,/mnt/lustre/tree/d1_1/d2_4,/mnt/lustre/tree/d1_1/d2_4/file_5_6M.bin,6291456,6.0M,1789014600,2026-09-10T04:30:00+00:00
file_8_1M.bin,/mnt/lustre/tree/d1_1/d2_4,/mnt/lustre/tree/d1_1/d2_4/file_8_1M.bin,1048576,1.0M,1789014600,2026-09-10T04:30:00+00:00
file_9_7M.bin,/mnt/lustre/tree/d1_1/d2_4,/mnt/lustre/tree/d1_1/d2_4/file_9_7M.bin,7340032,7.0M,1789014600,2026-09-10T04:30:00+00:00
file_2_10M.bin,/mnt/lustre/tree/d1_1/d2_4,/mnt/lustre/tree/d1_1/d2_4/file_2_10M.bin,10485760,10.0M,1789014600,2026-09-10T04:30:00+00:00
file_3_8M.bin,/mnt/lustre/tree/d1_1/d2_4,/mnt/lustre/tree/d1_1/d2_4/file_3_8M.bin,8388608,8.0M,1789014600,2026-09-10T04:30:00+00:00
file_9_2M.bin,/mnt/lustre/tree/d1_1/d2_4/d3_1,/mnt/lustre/tree/d1_1/d2_4/d3_1/file_9_2M.bin,2097152,2.0M,1789014600,2026-09-10T04:30:00+00:00
file_6_10M.bin,/mnt/lustre/tree/d1_1/d2_4/d3_1,/mnt/lustre/tree/d1_1/d2_4/d3_1/file_6_10M.bin,10485760,10.0M,1789014600,2026-09-10T04:30:00+00:00
file_5_5M.bin,/mnt/lustre/tree/d1_1/d2_4/d3_1,/mnt/lustre/tree/d1_1/d2_4/d3_1/file_5_5M.bin,5242880,5.0M,1789014600,2026-09-10T04:30:00+00:00
file_8_1M.bin,/mnt/lustre/tree/d1_1/d2_4/d3_1,/mnt/lustre/tree/d1_1/d2_4/d3_1/file_8_1M.bin,1048576,1.0M,1789014600,2026-09-10T04:30:00+00:00
file_1_8M.bin,/mnt/lustre/tree/d1_1/d2_4/d3_1,/mnt/lustre/tree/d1_1/d2_4/d3_1/file_1_8M.bin,8388608,8.0M,1789014600,2026-09-10T04:30:00+00:00
file_4_1M.bin,/mnt/lustre/tree/d1_1/d2_4/d3_1,/mnt/lustre/tree/d1_1/d2_4/d3_1/file_4_1M.bin,1048576,1.0M,1789014600,2026-09-10T04:30:00+00:00
file_3_2M.bin,/mnt/lustre/tree/d1_1/d2_4/d3_1,/mnt/lustre/tree/d1_1/d2_4/d3_1/file_3_2M.bin,2097152,2.0M,1789014600,2026-09-10T04:30:00+00:00
file_2_9M.bin,/mnt/lustre/tree/d1_1/d2_4/d3_1,/mnt/lustre/tree/d1_1/d2_4/d3_1/file_2_9M.bin,9437184,9.0M,1789014600,2026-09-10T04:30:00+00:00
file_10_2M.bin,/mnt/lustre/tree/d1_1/d2_4/d3_1,/mnt/lustre/tree/d1_1/d2_4/d3_1/file_10_2M.bin,2097152,2.0M,1789014600,2026-09-10T04:30:00+00:00
file_7_6M.bin,/mnt/lustre/tree/d1_1/d2_4/d3_1,/mnt/lustre/tree/d1_1/d2_4/d3_1/file_7_6M.bin,6291456,6.0M,1789014600,2026-09-10T04:30:00+00:00
file_3_10M.bin,/mnt/lustre/tree/d1_1/d2_4/d3_5,/mnt/lustre/tree/d1_1/d2_4/d3_5/file_3_10M.bin,10485760,10.0M,1789014601,2026-09-10T04:30:01+00:00
file_7_5M.bin,/mnt/lustre/tree/d1_1/d2_4/d3_5,/mnt/lustre/tree/d1_1/d2_4/d3_5/file_7_5M.bin,5242880,5.0M,1789014601,2026-09-10T04:30:01+00:00
file_6_7M.bin,/mnt/lustre/tree/d1_1/d2_4/d3_5,/mnt/lustre/tree/d1_1/d2_4/d3_5/file_6_7M.bin,7340032,7.0M,1789014601,2026-09-10T04:30:01+00:00
file_1_8M.bin,/mnt/lustre/tree/d1_1/d2_4/d3_5,/mnt/lustre/tree/d1_1/d2_4/d3_5/file_1_8M.bin,8388608,8.0M,1789014601,2026-09-10T04:30:01+00:00
file_9_1M.bin,/mnt/lustre/tree/d1_1/d2_4/d3_5,/mnt/lustre/tree/d1_1/d2_4/d3_5/file_9_1M.bin,1048576,1.0M,1789014601,2026-09-10T04:30:01+00:00
file_4_1M.bin,/mnt/lustre/tree/d1_1/d2_4/d3_5,/mnt/lustre/tree/d1_1/d2_4/d3_5/file_4_1M.bin,1048576,1.0M,1789014601,2026-09-10T04:30:01+00:00
file_2_1M.bin,/mnt/lustre/tree/d1_1/d2_4/d3_5,/mnt/lustre/tree/d1_1/d2_4/d3_5/file_2_1M.bin,1048576,1.0M,1789014601,2026-09-10T04:30:01+00:00
file_8_2M.bin,/mnt/lustre/tree/d1_1/d2_4/d3_5,/mnt/lustre/tree/d1_1/d2_4/d3_5/file_8_2M.bin,2097152,2.0M,1789014601,2026-09-10T04:30:01+00:00
file_5_10M.bin,/mnt/lustre/tree/d1_1/d2_4/d3_5,/mnt/lustre/tree/d1_1/d2_4/d3_5/file_5_10M.bin,10485760,10.0M,1789014601,2026-09-10T04:30:01+00:00
file_10_6M.bin,/mnt/lustre/tree/d1_1/d2_4/d3_5,/mnt/lustre/tree/d1_1/d2_4/d3_5/file_10_6M.bin,6291456,6.0M,1789014601,2026-09-10T04:30:01+00:00
file_10_3M.bin,/mnt/lustre/tree/d1_1/d2_4/d3_2,/mnt/lustre/tree/d1_1/d2_4/d3_2/file_10_3M.bin,3145728,3.0M,1789014600,2026-09-10T04:30:00+00:00
file_8_4M.bin,/mnt/lustre/tree/d1_1/d2_4/d3_2,/mnt/lustre/tree/d1_1/d2_4/d3_2/file_8_4M.bin,4194304,4.0M,1789014600,2026-09-10T04:30:00+00:00
file_4_3M.bin,/mnt/lustre/tree/d1_1/d2_4/d3_2,/mnt/lustre/tree/d1_1/d2_4/d3_2/file_4_3M.bin,3145728,3.0M,1789014600,2026-09-10T04:30:00+00:00
file_5_9M.bin,/mnt/lustre/tree/d1_1/d2_4/d3_2,/mnt/lustre/tree/d1_1/d2_4/d3_2/file_5_9M.bin,9437184,9.0M,1789014600,2026-09-10T04:30:00+00:00
file_1_4M.bin,/mnt/lustre/tree/d1_1/d2_4/d3_2,/mnt/lustre/tree/d1_1/d2_4/d3_2/file_1_4M.bin,4194304,4.0M,1789014600,2026-09-10T04:30:00+00:00
file_9_5M.bin,/mnt/lustre/tree/d1_1/d2_4/d3_2,/mnt/lustre/tree/d1_1/d2_4/d3_2/file_9_5M.bin,5242880,5.0M,1789014600,2026-09-10T04:30:00+00:00
file_3_10M.bin,/mnt/lustre/tree/d1_1/d2_4/d3_2,/mnt/lustre/tree/d1_1/d2_4/d3_2/file_3_10M.bin,10485760,10.0M,1789014600,2026-09-10T04:30:00+00:00
file_7_7M.bin,/mnt/lustre/tree/d1_1/d2_4/d3_2,/mnt/lustre/tree/d1_1/d2_4/d3_2/file_7_7M.bin,7340032,7.0M,1789014600,2026-09-10T04:30:00+00:00
file_6_8M.bin,/mnt/lustre/tree/d1_1/d2_4/d3_2,/mnt/lustre/tree/d1_1/d2_4/d3_2/file_6_8M.bin,8388608,8.0M,1789014600,2026-09-10T04:30:00+00:00
file_2_1M.bin,/mnt/lustre/tree/d1_1/d2_4/d3_2,/mnt/lustre/tree/d1_1/d2_4/d3_2/file_2_1M.bin,1048576,1.0M,1789014600,2026-09-10T04:30:00+00:00
file_9_8M.bin,/mnt/lustre/tree/d1_1/d2_4/d3_3,/mnt/lustre/tree/d1_1/d2_4/d3_3/file_9_8M.bin,8388608,8.0M,1789014600,2026-09-10T04:30:00+00:00
file_2_9M.bin,/mnt/lustre/tree/d1_1/d2_4/d3_3,/mnt/lustre/tree/d1_1/d2_4/d3_3/file_2_9M.bin,9437184,9.0M,1789014600,2026-09-10T04:30:00+00:00
file_4_3M.bin,/mnt/lustre/tree/d1_1/d2_4/d3_3,/mnt/lustre/tree/d1_1/d2_4/d3_3/file_4_3M.bin,3145728,3.0M,1789014600,2026-09-10T04:30:00+00:00
file_5_5M.bin,/mnt/lustre/tree/d1_1/d2_4/d3_3,/mnt/lustre/tree/d1_1/d2_4/d3_3/file_5_5M.bin,5242880,5.0M,1789014600,2026-09-10T04:30:00+00:00
file_3_8M.bin,/mnt/lustre/tree/d1_1/d2_4/d3_3,/mnt/lustre/tree/d1_1/d2_4/d3_3/file_3_8M.bin,8388608,8.0M,1789014600,2026-09-10T04:30:00+00:00
file_7_1M.bin,/mnt/lustre/tree/d1_1/d2_4/d3_3,/mnt/lustre/tree/d1_1/d2_4/d3_3/file_7_1M.bin,1048576,1.0M,1789014600,2026-09-10T04:30:00+00:00
file_6_6M.bin,/mnt/lustre/tree/d1_1/d2_4/d3_3,/mnt/lustre/tree/d1_1/d2_4/d3_3/file_6_6M.bin,6291456,6.0M,1789014600,2026-09-10T04:30:00+00:00
file_1_1M.bin,/mnt/lustre/tree/d1_1/d2_4/d3_3,/mnt/lustre/tree/d1_1/d2_4/d3_3/file_1_1M.bin,1048576,1.0M,1789014600,2026-09-10T04:30:00+00:00
file_8_8M.bin,/mnt/lustre/tree/d1_1/d2_4/d3_3,/mnt/lustre/tree/d1_1/d2_4/d3_3/file_8_8M.bin,8388608,8.0M,1789014600,2026-09-10T04:30:00+00:00
file_10_10M.bin,/mnt/lustre/tree/d1_1/d2_4/d3_3,/mnt/lustre/tree/d1_1/d2_4/d3_3/file_10_10M.bin,10485760,10.0M,1789014600,2026-09-10T04:30:00+00:00
file_8_6M.bin,/mnt/lustre/tree/d1_1/d2_4/d3_4,/mnt/lustre/tree/d1_1/d2_4/d3_4/file_8_6M.bin,6291456,6.0M,1789014601,2026-09-10T04:30:01+00:00
file_3_10M.bin,/mnt/lustre/tree/d1_1/d2_4/d3_4,/mnt/lustre/tree/d1_1/d2_4/d3_4/file_3_10M.bin,10485760,10.0M,1789014601,2026-09-10T04:30:01+00:00
file_7_2M.bin,/mnt/lustre/tree/d1_1/d2_4/d3_4,/mnt/lustre/tree/d1_1/d2_4/d3_4/file_7_2M.bin,2097152,2.0M,1789014601,2026-09-10T04:30:01+00:00
file_4_8M.bin,/mnt/lustre/tree/d1_1/d2_4/d3_4,/mnt/lustre/tree/d1_1/d2_4/d3_4/file_4_8M.bin,8388608,8.0M,1789014601,2026-09-10T04:30:01+00:00
file_2_8M.bin,/mnt/lustre/tree/d1_1/d2_4/d3_4,/mnt/lustre/tree/d1_1/d2_4/d3_4/file_2_8M.bin,8388608,8.0M,1789014601,2026-09-10T04:30:01+00:00
file_10_1M.bin,/mnt/lustre/tree/d1_1/d2_4/d3_4,/mnt/lustre/tree/d1_1/d2_4/d3_4/file_10_1M.bin,1048576,1.0M,1789014601,2026-09-10T04:30:01+00:00
file_9_1M.bin,/mnt/lustre/tree/d1_1/d2_4/d3_4,/mnt/lustre/tree/d1_1/d2_4/d3_4/file_9_1M.bin,1048576,1.0M,1789014601,2026-09-10T04:30:01+00:00
file_5_9M.bin,/mnt/lustre/tree/d1_1/d2_4/d3_4,/mnt/lustre/tree/d1_1/d2_4/d3_4/file_5_9M.bin,9437184,9.0M,1789014601,2026-09-10T04:30:01+00:00
file_1_4M.bin,/mnt/lustre/tree/d1_1/d2_4/d3_4,/mnt/lustre/tree/d1_1/d2_4/d3_4/file_1_4M.bin,4194304,4.0M,1789014600,2026-09-10T04:30:00+00:00
file_6_6M.bin,/mnt/lustre/tree/d1_1/d2_4/d3_4,/mnt/lustre/tree/d1_1/d2_4/d3_4/file_6_6M.bin,6291456,6.0M,1789014601,2026-09-10T04:30:01+00:00
file_3_10M.bin,/mnt/lustre/tree/d1_1/d2_5,/mnt/lustre/tree/d1_1/d2_5/file_3_10M.bin,10485760,10.0M,1789014601,2026-09-10T04:30:01+00:00
file_5_6M.bin,/mnt/lustre/tree/d1_1/d2_5,/mnt/lustre/tree/d1_1/d2_5/file_5_6M.bin,6291456,6.0M,1789014601,2026-09-10T04:30:01+00:00
file_4_9M.bin,/mnt/lustre/tree/d1_1/d2_5,/mnt/lustre/tree/d1_1/d2_5/file_4_9M.bin,9437184,9.0M,1789014601,2026-09-10T04:30:01+00:00
file_9_9M.bin,/mnt/lustre/tree/d1_1/d2_5,/mnt/lustre/tree/d1_1/d2_5/file_9_9M.bin,9437184,9.0M,1789014601,2026-09-10T04:30:01+00:00
file_2_8M.bin,/mnt/lustre/tree/d1_1/d2_5,/mnt/lustre/tree/d1_1/d2_5/file_2_8M.bin,8388608,8.0M,1789014601,2026-09-10T04:30:01+00:00
file_8_3M.bin,/mnt/lustre/tree/d1_1/d2_5,/mnt/lustre/tree/d1_1/d2_5/file_8_3M.bin,3145728,3.0M,1789014601,2026-09-10T04:30:01+00:00
file_6_9M.bin,/mnt/lustre/tree/d1_1/d2_5,/mnt/lustre/tree/d1_1/d2_5/file_6_9M.bin,9437184,9.0M,1789014601,2026-09-10T04:30:01+00:00
file_7_1M.bin,/mnt/lustre/tree/d1_1/d2_5,/mnt/lustre/tree/d1_1/d2_5/file_7_1M.bin,1048576,1.0M,1789014601,2026-09-10T04:30:01+00:00
file_10_10M.bin,/mnt/lustre/tree/d1_1/d2_5,/mnt/lustre/tree/d1_1/d2_5/file_10_10M.bin,10485760,10.0M,1789014601,2026-09-10T04:30:01+00:00
file_1_10M.bin,/mnt/lustre/tree/d1_1/d2_5,/mnt/lustre/tree/d1_1/d2_5/file_1_10M.bin,10485760,10.0M,1789014601,2026-09-10T04:30:01+00:00
file_2_9M.bin,/mnt/lustre/tree/d1_1/d2_5/d3_3,/mnt/lustre/tree/d1_1/d2_5/d3_3/file_2_9M.bin,9437184,9.0M,1789014602,2026-09-10T04:30:02+00:00
file_4_8M.bin,/mnt/lustre/tree/d1_1/d2_5/d3_3,/mnt/lustre/tree/d1_1/d2_5/d3_3/file_4_8M.bin,8388608,8.0M,1789014602,2026-09-10T04:30:02+00:00
file_6_8M.bin,/mnt/lustre/tree/d1_1/d2_5/d3_3,/mnt/lustre/tree/d1_1/d2_5/d3_3/file_6_8M.bin,8388608,8.0M,1789014602,2026-09-10T04:30:02+00:00
file_8_2M.bin,/mnt/lustre/tree/d1_1/d2_5/d3_3,/mnt/lustre/tree/d1_1/d2_5/d3_3/file_8_2M.bin,2097152,2.0M,1789014602,2026-09-10T04:30:02+00:00
file_5_5M.bin,/mnt/lustre/tree/d1_1/d2_5/d3_3,/mnt/lustre/tree/d1_1/d2_5/d3_3/file_5_5M.bin,5242880,5.0M,1789014602,2026-09-10T04:30:02+00:00
file_9_7M.bin,/mnt/lustre/tree/d1_1/d2_5/d3_3,/mnt/lustre/tree/d1_1/d2_5/d3_3/file_9_7M.bin,7340032,7.0M,1789014602,2026-09-10T04:30:02+00:00
file_7_4M.bin,/mnt/lustre/tree/d1_1/d2_5/d3_3,/mnt/lustre/tree/d1_1/d2_5/d3_3/file_7_4M.bin,4194304,4.0M,1789014602,2026-09-10T04:30:02+00:00
file_1_1M.bin,/mnt/lustre/tree/d1_1/d2_5/d3_3,/mnt/lustre/tree/d1_1/d2_5/d3_3/file_1_1M.bin,1048576,1.0M,1789014602,2026-09-10T04:30:02+00:00
file_3_1M.bin,/mnt/lustre/tree/d1_1/d2_5/d3_3,/mnt/lustre/tree/d1_1/d2_5/d3_3/file_3_1M.bin,1048576,1.0M,1789014602,2026-09-10T04:30:02+00:00
file_10_2M.bin,/mnt/lustre/tree/d1_1/d2_5/d3_3,/mnt/lustre/tree/d1_1/d2_5/d3_3/file_10_2M.bin,2097152,2.0M,1789014602,2026-09-10T04:30:02+00:00
file_4_6M.bin,/mnt/lustre/tree/d1_1/d2_5/d3_4,/mnt/lustre/tree/d1_1/d2_5/d3_4/file_4_6M.bin,6291456,6.0M,1789014602,2026-09-10T04:30:02+00:00
file_5_1M.bin,/mnt/lustre/tree/d1_1/d2_5/d3_4,/mnt/lustre/tree/d1_1/d2_5/d3_4/file_5_1M.bin,1048576,1.0M,1789014602,2026-09-10T04:30:02+00:00
file_1_10M.bin,/mnt/lustre/tree/d1_1/d2_5/d3_4,/mnt/lustre/tree/d1_1/d2_5/d3_4/file_1_10M.bin,10485760,10.0M,1789014602,2026-09-10T04:30:02+00:00
file_3_2M.bin,/mnt/lustre/tree/d1_1/d2_5/d3_4,/mnt/lustre/tree/d1_1/d2_5/d3_4/file_3_2M.bin,2097152,2.0M,1789014602,2026-09-10T04:30:02+00:00
file_7_10M.bin,/mnt/lustre/tree/d1_1/d2_5/d3_4,/mnt/lustre/tree/d1_1/d2_5/d3_4/file_7_10M.bin,10485760,10.0M,1789014602,2026-09-10T04:30:02+00:00
file_9_9M.bin,/mnt/lustre/tree/d1_1/d2_5/d3_4,/mnt/lustre/tree/d1_1/d2_5/d3_4/file_9_9M.bin,9437184,9.0M,1789014602,2026-09-10T04:30:02+00:00
file_10_4M.bin,/mnt/lustre/tree/d1_1/d2_5/d3_4,/mnt/lustre/tree/d1_1/d2_5/d3_4/file_10_4M.bin,4194304,4.0M,1789014602,2026-09-10T04:30:02+00:00
file_6_5M.bin,/mnt/lustre/tree/d1_1/d2_5/d3_4,/mnt/lustre/tree/d1_1/d2_5/d3_4/file_6_5M.bin,5242880,5.0M,1789014602,2026-09-10T04:30:02+00:00
file_2_9M.bin,/mnt/lustre/tree/d1_1/d2_5/d3_4,/mnt/lustre/tree/d1_1/d2_5/d3_4/file_2_9M.bin,9437184,9.0M,1789014602,2026-09-10T04:30:02+00:00
file_8_6M.bin,/mnt/lustre/tree/d1_1/d2_5/d3_4,/mnt/lustre/tree/d1_1/d2_5/d3_4/file_8_6M.bin,6291456,6.0M,1789014602,2026-09-10T04:30:02+00:00
file_9_5M.bin,/mnt/lustre/tree/d1_1/d2_5/d3_1,/mnt/lustre/tree/d1_1/d2_5/d3_1/file_9_5M.bin,5242880,5.0M,1789014601,2026-09-10T04:30:01+00:00
file_5_3M.bin,/mnt/lustre/tree/d1_1/d2_5/d3_1,/mnt/lustre/tree/d1_1/d2_5/d3_1/file_5_3M.bin,3145728,3.0M,1789014601,2026-09-10T04:30:01+00:00
file_7_7M.bin,/mnt/lustre/tree/d1_1/d2_5/d3_1,/mnt/lustre/tree/d1_1/d2_5/d3_1/file_7_7M.bin,7340032,7.0M,1789014601,2026-09-10T04:30:01+00:00
file_4_8M.bin,/mnt/lustre/tree/d1_1/d2_5/d3_1,/mnt/lustre/tree/d1_1/d2_5/d3_1/file_4_8M.bin,8388608,8.0M,1789014601,2026-09-10T04:30:01+00:00
file_10_3M.bin,/mnt/lustre/tree/d1_1/d2_5/d3_1,/mnt/lustre/tree/d1_1/d2_5/d3_1/file_10_3M.bin,3145728,3.0M,1789014601,2026-09-10T04:30:01+00:00
file_2_1M.bin,/mnt/lustre/tree/d1_1/d2_5/d3_1,/mnt/lustre/tree/d1_1/d2_5/d3_1/file_2_1M.bin,1048576,1.0M,1789014601,2026-09-10T04:30:01+00:00
file_6_2M.bin,/mnt/lustre/tree/d1_1/d2_5/d3_1,/mnt/lustre/tree/d1_1/d2_5/d3_1/file_6_2M.bin,2097152,2.0M,1789014601,2026-09-10T04:30:01+00:00
file_8_4M.bin,/mnt/lustre/tree/d1_1/d2_5/d3_1,/mnt/lustre/tree/d1_1/d2_5/d3_1/file_8_4M.bin,4194304,4.0M,1789014601,2026-09-10T04:30:01+00:00
file_3_8M.bin,/mnt/lustre/tree/d1_1/d2_5/d3_1,/mnt/lustre/tree/d1_1/d2_5/d3_1/file_3_8M.bin,8388608,8.0M,1789014601,2026-09-10T04:30:01+00:00
file_1_4M.bin,/mnt/lustre/tree/d1_1/d2_5/d3_1,/mnt/lustre/tree/d1_1/d2_5/d3_1/file_1_4M.bin,4194304,4.0M,1789014601,2026-09-10T04:30:01+00:00
file_1_1M.bin,/mnt/lustre/tree/d1_1/d2_5/d3_5,/mnt/lustre/tree/d1_1/d2_5/d3_5/file_1_1M.bin,1048576,1.0M,1789014602,2026-09-10T04:30:02+00:00
file_3_9M.bin,/mnt/lustre/tree/d1_1/d2_5/d3_5,/mnt/lustre/tree/d1_1/d2_5/d3_5/file_3_9M.bin,9437184,9.0M,1789014602,2026-09-10T04:30:02+00:00
file_4_2M.bin,/mnt/lustre/tree/d1_1/d2_5/d3_5,/mnt/lustre/tree/d1_1/d2_5/d3_5/file_4_2M.bin,2097152,2.0M,1789014602,2026-09-10T04:30:02+00:00
file_7_9M.bin,/mnt/lustre/tree/d1_1/d2_5/d3_5,/mnt/lustre/tree/d1_1/d2_5/d3_5/file_7_9M.bin,9437184,9.0M,1789014602,2026-09-10T04:30:02+00:00
file_9_7M.bin,/mnt/lustre/tree/d1_1/d2_5/d3_5,/mnt/lustre/tree/d1_1/d2_5/d3_5/file_9_7M.bin,7340032,7.0M,1789014603,2026-09-10T04:30:03+00:00
file_8_9M.bin,/mnt/lustre/tree/d1_1/d2_5/d3_5,/mnt/lustre/tree/d1_1/d2_5/d3_5/file_8_9M.bin,9437184,9.0M,1789014602,2026-09-10T04:30:02+00:00
file_5_7M.bin,/mnt/lustre/tree/d1_1/d2_5/d3_5,/mnt/lustre/tree/d1_1/d2_5/d3_5/file_5_7M.bin,7340032,7.0M,1789014602,2026-09-10T04:30:02+00:00
file_6_5M.bin,/mnt/lustre/tree/d1_1/d2_5/d3_5,/mnt/lustre/tree/d1_1/d2_5/d3_5/file_6_5M.bin,5242880,5.0M,1789014602,2026-09-10T04:30:02+00:00
file_2_1M.bin,/mnt/lustre/tree/d1_1/d2_5/d3_5,/mnt/lustre/tree/d1_1/d2_5/d3_5/file_2_1M.bin,1048576,1.0M,1789014602,2026-09-10T04:30:02+00:00
file_10_5M.bin,/mnt/lustre/tree/d1_1/d2_5/d3_5,/mnt/lustre/tree/d1_1/d2_5/d3_5/file_10_5M.bin,5242880,5.0M,1789014603,2026-09-10T04:30:03+00:00
file_5_1M.bin,/mnt/lustre/tree/d1_1/d2_5/d3_2,/mnt/lustre/tree/d1_1/d2_5/d3_2/file_5_1M.bin,1048576,1.0M,1789014602,2026-09-10T04:30:02+00:00
file_4_3M.bin,/mnt/lustre/tree/d1_1/d2_5/d3_2,/mnt/lustre/tree/d1_1/d2_5/d3_2/file_4_3M.bin,3145728,3.0M,1789014602,2026-09-10T04:30:02+00:00
file_9_3M.bin,/mnt/lustre/tree/d1_1/d2_5/d3_2,/mnt/lustre/tree/d1_1/d2_5/d3_2/file_9_3M.bin,3145728,3.0M,1789014602,2026-09-10T04:30:02+00:00
file_7_1M.bin,/mnt/lustre/tree/d1_1/d2_5/d3_2,/mnt/lustre/tree/d1_1/d2_5/d3_2/file_7_1M.bin,1048576,1.0M,1789014602,2026-09-10T04:30:02+00:00
file_8_9M.bin,/mnt/lustre/tree/d1_1/d2_5/d3_2,/mnt/lustre/tree/d1_1/d2_5/d3_2/file_8_9M.bin,9437184,9.0M,1789014602,2026-09-10T04:30:02+00:00
file_10_6M.bin,/mnt/lustre/tree/d1_1/d2_5/d3_2,/mnt/lustre/tree/d1_1/d2_5/d3_2/file_10_6M.bin,6291456,6.0M,1789014602,2026-09-10T04:30:02+00:00
file_3_5M.bin,/mnt/lustre/tree/d1_1/d2_5/d3_2,/mnt/lustre/tree/d1_1/d2_5/d3_2/file_3_5M.bin,5242880,5.0M,1789014602,2026-09-10T04:30:02+00:00
file_1_7M.bin,/mnt/lustre/tree/d1_1/d2_5/d3_2,/mnt/lustre/tree/d1_1/d2_5/d3_2/file_1_7M.bin,7340032,7.0M,1789014602,2026-09-10T04:30:02+00:00
file_2_8M.bin,/mnt/lustre/tree/d1_1/d2_5/d3_2,/mnt/lustre/tree/d1_1/d2_5/d3_2/file_2_8M.bin,8388608,8.0M,1789014602,2026-09-10T04:30:02+00:00
file_6_10M.bin,/mnt/lustre/tree/d1_1/d2_5/d3_2,/mnt/lustre/tree/d1_1/d2_5/d3_2/file_6_10M.bin,10485760,10.0M,1789014602,2026-09-10T04:30:02+00:00
file_7_5M.bin,/mnt/lustre/tree/d1_1/d2_2,/mnt/lustre/tree/d1_1/d2_2/file_7_5M.bin,5242880,5.0M,1789014597,2026-09-10T04:29:57+00:00
file_8_4M.bin,/mnt/lustre/tree/d1_1/d2_2,/mnt/lustre/tree/d1_1/d2_2/file_8_4M.bin,4194304,4.0M,1789014597,2026-09-10T04:29:57+00:00
file_3_5M.bin,/mnt/lustre/tree/d1_1/d2_2,/mnt/lustre/tree/d1_1/d2_2/file_3_5M.bin,5242880,5.0M,1789014597,2026-09-10T04:29:57+00:00
file_9_2M.bin,/mnt/lustre/tree/d1_1/d2_2,/mnt/lustre/tree/d1_1/d2_2/file_9_2M.bin,2097152,2.0M,1789014597,2026-09-10T04:29:57+00:00
file_1_5M.bin,/mnt/lustre/tree/d1_1/d2_2,/mnt/lustre/tree/d1_1/d2_2/file_1_5M.bin,5242880,5.0M,1789014597,2026-09-10T04:29:57+00:00
file_10_10M.bin,/mnt/lustre/tree/d1_1/d2_2,/mnt/lustre/tree/d1_1/d2_2/file_10_10M.bin,10485760,10.0M,1789014597,2026-09-10T04:29:57+00:00
file_5_8M.bin,/mnt/lustre/tree/d1_1/d2_2,/mnt/lustre/tree/d1_1/d2_2/file_5_8M.bin,8388608,8.0M,1789014597,2026-09-10T04:29:57+00:00
file_4_4M.bin,/mnt/lustre/tree/d1_1/d2_2,/mnt/lustre/tree/d1_1/d2_2/file_4_4M.bin,4194304,4.0M,1789014597,2026-09-10T04:29:57+00:00
file_2_8M.bin,/mnt/lustre/tree/d1_1/d2_2,/mnt/lustre/tree/d1_1/d2_2/file_2_8M.bin,8388608,8.0M,1789014597,2026-09-10T04:29:57+00:00
file_6_5M.bin,/mnt/lustre/tree/d1_1/d2_2,/mnt/lustre/tree/d1_1/d2_2/file_6_5M.bin,5242880,5.0M,1789014597,2026-09-10T04:29:57+00:00
file_9_2M.bin,/mnt/lustre/tree/d1_1/d2_2/d3_4,/mnt/lustre/tree/d1_1/d2_2/d3_4/file_9_2M.bin,2097152,2.0M,1789014598,2026-09-10T04:29:58+00:00
file_4_6M.bin,/mnt/lustre/tree/d1_1/d2_2/d3_4,/mnt/lustre/tree/d1_1/d2_2/d3_4/file_4_6M.bin,6291456,6.0M,1789014598,2026-09-10T04:29:58+00:00
file_2_2M.bin,/mnt/lustre/tree/d1_1/d2_2/d3_4,/mnt/lustre/tree/d1_1/d2_2/d3_4/file_2_2M.bin,2097152,2.0M,1789014598,2026-09-10T04:29:58+00:00
file_1_6M.bin,/mnt/lustre/tree/d1_1/d2_2/d3_4,/mnt/lustre/tree/d1_1/d2_2/d3_4/file_1_6M.bin,6291456,6.0M,1789014598,2026-09-10T04:29:58+00:00
file_6_1M.bin,/mnt/lustre/tree/d1_1/d2_2/d3_4,/mnt/lustre/tree/d1_1/d2_2/d3_4/file_6_1M.bin,1048576,1.0M,1789014598,2026-09-10T04:29:58+00:00
file_7_6M.bin,/mnt/lustre/tree/d1_1/d2_2/d3_4,/mnt/lustre/tree/d1_1/d2_2/d3_4/file_7_6M.bin,6291456,6.0M,1789014598,2026-09-10T04:29:58+00:00
file_8_10M.bin,/mnt/lustre/tree/d1_1/d2_2/d3_4,/mnt/lustre/tree/d1_1/d2_2/d3_4/file_8_10M.bin,10485760,10.0M,1789014598,2026-09-10T04:29:58+00:00
file_3_3M.bin,/mnt/lustre/tree/d1_1/d2_2/d3_4,/mnt/lustre/tree/d1_1/d2_2/d3_4/file_3_3M.bin,3145728,3.0M,1789014598,2026-09-10T04:29:58+00:00
file_10_3M.bin,/mnt/lustre/tree/d1_1/d2_2/d3_4,/mnt/lustre/tree/d1_1/d2_2/d3_4/file_10_3M.bin,3145728,3.0M,1789014598,2026-09-10T04:29:58+00:00
file_5_2M.bin,/mnt/lustre/tree/d1_1/d2_2/d3_4,/mnt/lustre/tree/d1_1/d2_2/d3_4/file_5_2M.bin,2097152,2.0M,1789014598,2026-09-10T04:29:58+00:00
file_9_4M.bin,/mnt/lustre/tree/d1_1/d2_2/d3_3,/mnt/lustre/tree/d1_1/d2_2/d3_3/file_9_4M.bin,4194304,4.0M,1789014598,2026-09-10T04:29:58+00:00
file_6_4M.bin,/mnt/lustre/tree/d1_1/d2_2/d3_3,/mnt/lustre/tree/d1_1/d2_2/d3_3/file_6_4M.bin,4194304,4.0M,1789014598,2026-09-10T04:29:58+00:00
file_10_10M.bin,/mnt/lustre/tree/d1_1/d2_2/d3_3,/mnt/lustre/tree/d1_1/d2_2/d3_3/file_10_10M.bin,10485760,10.0M,1789014598,2026-09-10T04:29:58+00:00
file_4_5M.bin,/mnt/lustre/tree/d1_1/d2_2/d3_3,/mnt/lustre/tree/d1_1/d2_2/d3_3/file_4_5M.bin,5242880,5.0M,1789014598,2026-09-10T04:29:58+00:00
file_2_10M.bin,/mnt/lustre/tree/d1_1/d2_2/d3_3,/mnt/lustre/tree/d1_1/d2_2/d3_3/file_2_10M.bin,10485760,10.0M,1789014598,2026-09-10T04:29:58+00:00
file_1_4M.bin,/mnt/lustre/tree/d1_1/d2_2/d3_3,/mnt/lustre/tree/d1_1/d2_2/d3_3/file_1_4M.bin,4194304,4.0M,1789014597,2026-09-10T04:29:57+00:00
file_5_9M.bin,/mnt/lustre/tree/d1_1/d2_2/d3_3,/mnt/lustre/tree/d1_1/d2_2/d3_3/file_5_9M.bin,9437184,9.0M,1789014598,2026-09-10T04:29:58+00:00
file_7_9M.bin,/mnt/lustre/tree/d1_1/d2_2/d3_3,/mnt/lustre/tree/d1_1/d2_2/d3_3/file_7_9M.bin,9437184,9.0M,1789014598,2026-09-10T04:29:58+00:00
file_8_1M.bin,/mnt/lustre/tree/d1_1/d2_2/d3_3,/mnt/lustre/tree/d1_1/d2_2/d3_3/file_8_1M.bin,1048576,1.0M,1789014598,2026-09-10T04:29:58+00:00
file_3_5M.bin,/mnt/lustre/tree/d1_1/d2_2/d3_3,/mnt/lustre/tree/d1_1/d2_2/d3_3/file_3_5M.bin,5242880,5.0M,1789014598,2026-09-10T04:29:58+00:00
file_4_2M.bin,/mnt/lustre/tree/d1_1/d2_2/d3_1,/mnt/lustre/tree/d1_1/d2_2/d3_1/file_4_2M.bin,2097152,2.0M,1789014597,2026-09-10T04:29:57+00:00
file_1_9M.bin,/mnt/lustre/tree/d1_1/d2_2/d3_1,/mnt/lustre/tree/d1_1/d2_2/d3_1/file_1_9M.bin,9437184,9.0M,1789014597,2026-09-10T04:29:57+00:00
file_6_6M.bin,/mnt/lustre/tree/d1_1/d2_2/d3_1,/mnt/lustre/tree/d1_1/d2_2/d3_1/file_6_6M.bin,6291456,6.0M,1789014597,2026-09-10T04:29:57+00:00
file_7_5M.bin,/mnt/lustre/tree/d1_1/d2_2/d3_1,/mnt/lustre/tree/d1_1/d2_2/d3_1/file_7_5M.bin,5242880,5.0M,1789014597,2026-09-10T04:29:57+00:00
file_10_9M.bin,/mnt/lustre/tree/d1_1/d2_2/d3_1,/mnt/lustre/tree/d1_1/d2_2/d3_1/file_10_9M.bin,9437184,9.0M,1789014597,2026-09-10T04:29:57+00:00
file_2_2M.bin,/mnt/lustre/tree/d1_1/d2_2/d3_1,/mnt/lustre/tree/d1_1/d2_2/d3_1/file_2_2M.bin,2097152,2.0M,1789014597,2026-09-10T04:29:57+00:00
file_8_1M.bin,/mnt/lustre/tree/d1_1/d2_2/d3_1,/mnt/lustre/tree/d1_1/d2_2/d3_1/file_8_1M.bin,1048576,1.0M,1789014597,2026-09-10T04:29:57+00:00
file_9_9M.bin,/mnt/lustre/tree/d1_1/d2_2/d3_1,/mnt/lustre/tree/d1_1/d2_2/d3_1/file_9_9M.bin,9437184,9.0M,1789014597,2026-09-10T04:29:57+00:00
file_3_6M.bin,/mnt/lustre/tree/d1_1/d2_2/d3_1,/mnt/lustre/tree/d1_1/d2_2/d3_1/file_3_6M.bin,6291456,6.0M,1789014597,2026-09-10T04:29:57+00:00
file_5_7M.bin,/mnt/lustre/tree/d1_1/d2_2/d3_1,/mnt/lustre/tree/d1_1/d2_2/d3_1/file_5_7M.bin,7340032,7.0M,1789014597,2026-09-10T04:29:57+00:00
file_10_7M.bin,/mnt/lustre/tree/d1_1/d2_2/d3_2,/mnt/lustre/tree/d1_1/d2_2/d3_2/file_10_7M.bin,7340032,7.0M,1789014597,2026-09-10T04:29:57+00:00
file_2_5M.bin,/mnt/lustre/tree/d1_1/d2_2/d3_2,/mnt/lustre/tree/d1_1/d2_2/d3_2/file_2_5M.bin,5242880,5.0M,1789014597,2026-09-10T04:29:57+00:00
file_8_6M.bin,/mnt/lustre/tree/d1_1/d2_2/d3_2,/mnt/lustre/tree/d1_1/d2_2/d3_2/file_8_6M.bin,6291456,6.0M,1789014597,2026-09-10T04:29:57+00:00
file_9_5M.bin,/mnt/lustre/tree/d1_1/d2_2/d3_2,/mnt/lustre/tree/d1_1/d2_2/d3_2/file_9_5M.bin,5242880,5.0M,1789014597,2026-09-10T04:29:57+00:00
file_4_5M.bin,/mnt/lustre/tree/d1_1/d2_2/d3_2,/mnt/lustre/tree/d1_1/d2_2/d3_2/file_4_5M.bin,5242880,5.0M,1789014597,2026-09-10T04:29:57+00:00
file_3_6M.bin,/mnt/lustre/tree/d1_1/d2_2/d3_2,/mnt/lustre/tree/d1_1/d2_2/d3_2/file_3_6M.bin,6291456,6.0M,1789014597,2026-09-10T04:29:57+00:00
file_5_5M.bin,/mnt/lustre/tree/d1_1/d2_2/d3_2,/mnt/lustre/tree/d1_1/d2_2/d3_2/file_5_5M.bin,5242880,5.0M,1789014597,2026-09-10T04:29:57+00:00
file_6_7M.bin,/mnt/lustre/tree/d1_1/d2_2/d3_2,/mnt/lustre/tree/d1_1/d2_2/d3_2/file_6_7M.bin,7340032,7.0M,1789014597,2026-09-10T04:29:57+00:00
file_1_4M.bin,/mnt/lustre/tree/d1_1/d2_2/d3_2,/mnt/lustre/tree/d1_1/d2_2/d3_2/file_1_4M.bin,4194304,4.0M,1789014597,2026-09-10T04:29:57+00:00
file_7_8M.bin,/mnt/lustre/tree/d1_1/d2_2/d3_2,/mnt/lustre/tree/d1_1/d2_2/d3_2/file_7_8M.bin,8388608,8.0M,1789014597,2026-09-10T04:29:57+00:00
file_5_5M.bin,/mnt/lustre/tree/d1_1/d2_2/d3_5,/mnt/lustre/tree/d1_1/d2_2/d3_5/file_5_5M.bin,5242880,5.0M,1789014598,2026-09-10T04:29:58+00:00
file_3_4M.bin,/mnt/lustre/tree/d1_1/d2_2/d3_5,/mnt/lustre/tree/d1_1/d2_2/d3_5/file_3_4M.bin,4194304,4.0M,1789014598,2026-09-10T04:29:58+00:00
file_4_3M.bin,/mnt/lustre/tree/d1_1/d2_2/d3_5,/mnt/lustre/tree/d1_1/d2_2/d3_5/file_4_3M.bin,3145728,3.0M,1789014598,2026-09-10T04:29:58+00:00
file_7_10M.bin,/mnt/lustre/tree/d1_1/d2_2/d3_5,/mnt/lustre/tree/d1_1/d2_2/d3_5/file_7_10M.bin,10485760,10.0M,1789014598,2026-09-10T04:29:58+00:00
file_1_1M.bin,/mnt/lustre/tree/d1_1/d2_2/d3_5,/mnt/lustre/tree/d1_1/d2_2/d3_5/file_1_1M.bin,1048576,1.0M,1789014598,2026-09-10T04:29:58+00:00
file_9_10M.bin,/mnt/lustre/tree/d1_1/d2_2/d3_5,/mnt/lustre/tree/d1_1/d2_2/d3_5/file_9_10M.bin,10485760,10.0M,1789014598,2026-09-10T04:29:58+00:00
file_10_2M.bin,/mnt/lustre/tree/d1_1/d2_2/d3_5,/mnt/lustre/tree/d1_1/d2_2/d3_5/file_10_2M.bin,2097152,2.0M,1789014598,2026-09-10T04:29:58+00:00
file_6_4M.bin,/mnt/lustre/tree/d1_1/d2_2/d3_5,/mnt/lustre/tree/d1_1/d2_2/d3_5/file_6_4M.bin,4194304,4.0M,1789014598,2026-09-10T04:29:58+00:00
file_2_9M.bin,/mnt/lustre/tree/d1_1/d2_2/d3_5,/mnt/lustre/tree/d1_1/d2_2/d3_5/file_2_9M.bin,9437184,9.0M,1789014598,2026-09-10T04:29:58+00:00
file_8_7M.bin,/mnt/lustre/tree/d1_1/d2_2/d3_5,/mnt/lustre/tree/d1_1/d2_2/d3_5/file_8_7M.bin,7340032,7.0M,1789014598,2026-09-10T04:29:58+00:00
file_7_4M.bin,/mnt/lustre/tree/d1_1/d2_1,/mnt/lustre/tree/d1_1/d2_1/file_7_4M.bin,4194304,4.0M,1789014595,2026-09-10T04:29:55+00:00
file_2_7M.bin,/mnt/lustre/tree/d1_1/d2_1,/mnt/lustre/tree/d1_1/d2_1/file_2_7M.bin,7340032,7.0M,1789014595,2026-09-10T04:29:55+00:00
file_5_4M.bin,/mnt/lustre/tree/d1_1/d2_1,/mnt/lustre/tree/d1_1/d2_1/file_5_4M.bin,4194304,4.0M,1789014595,2026-09-10T04:29:55+00:00
file_10_2M.bin,/mnt/lustre/tree/d1_1/d2_1,/mnt/lustre/tree/d1_1/d2_1/file_10_2M.bin,2097152,2.0M,1789014595,2026-09-10T04:29:55+00:00
file_9_10M.bin,/mnt/lustre/tree/d1_1/d2_1,/mnt/lustre/tree/d1_1/d2_1/file_9_10M.bin,10485760,10.0M,1789014595,2026-09-10T04:29:55+00:00
file_4_5M.bin,/mnt/lustre/tree/d1_1/d2_1,/mnt/lustre/tree/d1_1/d2_1/file_4_5M.bin,5242880,5.0M,1789014595,2026-09-10T04:29:55+00:00
file_8_7M.bin,/mnt/lustre/tree/d1_1/d2_1,/mnt/lustre/tree/d1_1/d2_1/file_8_7M.bin,7340032,7.0M,1789014595,2026-09-10T04:29:55+00:00
file_1_6M.bin,/mnt/lustre/tree/d1_1/d2_1,/mnt/lustre/tree/d1_1/d2_1/file_1_6M.bin,6291456,6.0M,1789014595,2026-09-10T04:29:55+00:00
file_3_3M.bin,/mnt/lustre/tree/d1_1/d2_1,/mnt/lustre/tree/d1_1/d2_1/file_3_3M.bin,3145728,3.0M,1789014595,2026-09-10T04:29:55+00:00
file_6_10M.bin,/mnt/lustre/tree/d1_1/d2_1,/mnt/lustre/tree/d1_1/d2_1/file_6_10M.bin,10485760,10.0M,1789014595,2026-09-10T04:29:55+00:00
file_1_7M.bin,/mnt/lustre/tree/d1_1/d2_1/d3_1,/mnt/lustre/tree/d1_1/d2_1/d3_1/file_1_7M.bin,7340032,7.0M,1789014595,2026-09-10T04:29:55+00:00
file_2_9M.bin,/mnt/lustre/tree/d1_1/d2_1/d3_1,/mnt/lustre/tree/d1_1/d2_1/d3_1/file_2_9M.bin,9437184,9.0M,1789014596,2026-09-10T04:29:56+00:00
file_4_1M.bin,/mnt/lustre/tree/d1_1/d2_1/d3_1,/mnt/lustre/tree/d1_1/d2_1/d3_1/file_4_1M.bin,1048576,1.0M,1789014596,2026-09-10T04:29:56+00:00
file_10_10M.bin,/mnt/lustre/tree/d1_1/d2_1/d3_1,/mnt/lustre/tree/d1_1/d2_1/d3_1/file_10_10M.bin,10485760,10.0M,1789014596,2026-09-10T04:29:56+00:00
file_6_7M.bin,/mnt/lustre/tree/d1_1/d2_1/d3_1,/mnt/lustre/tree/d1_1/d2_1/d3_1/file_6_7M.bin,7340032,7.0M,1789014596,2026-09-10T04:29:56+00:00
file_7_9M.bin,/mnt/lustre/tree/d1_1/d2_1/d3_1,/mnt/lustre/tree/d1_1/d2_1/d3_1/file_7_9M.bin,9437184,9.0M,1789014596,2026-09-10T04:29:56+00:00
file_9_3M.bin,/mnt/lustre/tree/d1_1/d2_1/d3_1,/mnt/lustre/tree/d1_1/d2_1/d3_1/file_9_3M.bin,3145728,3.0M,1789014596,2026-09-10T04:29:56+00:00
file_3_1M.bin,/mnt/lustre/tree/d1_1/d2_1/d3_1,/mnt/lustre/tree/d1_1/d2_1/d3_1/file_3_1M.bin,1048576,1.0M,1789014596,2026-09-10T04:29:56+00:00
file_8_8M.bin,/mnt/lustre/tree/d1_1/d2_1/d3_1,/mnt/lustre/tree/d1_1/d2_1/d3_1/file_8_8M.bin,8388608,8.0M,1789014596,2026-09-10T04:29:56+00:00
file_5_8M.bin,/mnt/lustre/tree/d1_1/d2_1/d3_1,/mnt/lustre/tree/d1_1/d2_1/d3_1/file_5_8M.bin,8388608,8.0M,1789014596,2026-09-10T04:29:56+00:00
file_1_7M.bin,/mnt/lustre/tree/d1_1/d2_1/d3_2,/mnt/lustre/tree/d1_1/d2_1/d3_2/file_1_7M.bin,7340032,7.0M,1789014596,2026-09-10T04:29:56+00:00
file_8_6M.bin,/mnt/lustre/tree/d1_1/d2_1/d3_2,/mnt/lustre/tree/d1_1/d2_1/d3_2/file_8_6M.bin,6291456,6.0M,1789014596,2026-09-10T04:29:56+00:00
file_4_1M.bin,/mnt/lustre/tree/d1_1/d2_1/d3_2,/mnt/lustre/tree/d1_1/d2_1/d3_2/file_4_1M.bin,1048576,1.0M,1789014596,2026-09-10T04:29:56+00:00
file_2_4M.bin,/mnt/lustre/tree/d1_1/d2_1/d3_2,/mnt/lustre/tree/d1_1/d2_1/d3_2/file_2_4M.bin,4194304,4.0M,1789014596,2026-09-10T04:29:56+00:00
file_3_2M.bin,/mnt/lustre/tree/d1_1/d2_1/d3_2,/mnt/lustre/tree/d1_1/d2_1/d3_2/file_3_2M.bin,2097152,2.0M,1789014596,2026-09-10T04:29:56+00:00
file_5_10M.bin,/mnt/lustre/tree/d1_1/d2_1/d3_2,/mnt/lustre/tree/d1_1/d2_1/d3_2/file_5_10M.bin,10485760,10.0M,1789014596,2026-09-10T04:29:56+00:00
file_7_1M.bin,/mnt/lustre/tree/d1_1/d2_1/d3_2,/mnt/lustre/tree/d1_1/d2_1/d3_2/file_7_1M.bin,1048576,1.0M,1789014596,2026-09-10T04:29:56+00:00
file_10_3M.bin,/mnt/lustre/tree/d1_1/d2_1/d3_2,/mnt/lustre/tree/d1_1/d2_1/d3_2/file_10_3M.bin,3145728,3.0M,1789014596,2026-09-10T04:29:56+00:00
file_6_6M.bin,/mnt/lustre/tree/d1_1/d2_1/d3_2,/mnt/lustre/tree/d1_1/d2_1/d3_2/file_6_6M.bin,6291456,6.0M,1789014596,2026-09-10T04:29:56+00:00
file_9_6M.bin,/mnt/lustre/tree/d1_1/d2_1/d3_2,/mnt/lustre/tree/d1_1/d2_1/d3_2/file_9_6M.bin,6291456,6.0M,1789014596,2026-09-10T04:29:56+00:00
file_1_2M.bin,/mnt/lustre/tree/d1_1/d2_1/d3_5,/mnt/lustre/tree/d1_1/d2_1/d3_5/file_1_2M.bin,2097152,2.0M,1789014596,2026-09-10T04:29:56+00:00
file_7_7M.bin,/mnt/lustre/tree/d1_1/d2_1/d3_5,/mnt/lustre/tree/d1_1/d2_1/d3_5/file_7_7M.bin,7340032,7.0M,1789014597,2026-09-10T04:29:57+00:00
file_8_10M.bin,/mnt/lustre/tree/d1_1/d2_1/d3_5,/mnt/lustre/tree/d1_1/d2_1/d3_5/file_8_10M.bin,10485760,10.0M,1789014597,2026-09-10T04:29:57+00:00
file_2_4M.bin,/mnt/lustre/tree/d1_1/d2_1/d3_5,/mnt/lustre/tree/d1_1/d2_1/d3_5/file_2_4M.bin,4194304,4.0M,1789014596,2026-09-10T04:29:56+00:00
file_4_10M.bin,/mnt/lustre/tree/d1_1/d2_1/d3_5,/mnt/lustre/tree/d1_1/d2_1/d3_5/file_4_10M.bin,10485760,10.0M,1789014597,2026-09-10T04:29:57+00:00
file_5_10M.bin,/mnt/lustre/tree/d1_1/d2_1/d3_5,/mnt/lustre/tree/d1_1/d2_1/d3_5/file_5_10M.bin,10485760,10.0M,1789014597,2026-09-10T04:29:57+00:00
file_3_7M.bin,/mnt/lustre/tree/d1_1/d2_1/d3_5,/mnt/lustre/tree/d1_1/d2_1/d3_5/file_3_7M.bin,7340032,7.0M,1789014597,2026-09-10T04:29:57+00:00
file_10_8M.bin,/mnt/lustre/tree/d1_1/d2_1/d3_5,/mnt/lustre/tree/d1_1/d2_1/d3_5/file_10_8M.bin,8388608,8.0M,1789014597,2026-09-10T04:29:57+00:00
file_6_7M.bin,/mnt/lustre/tree/d1_1/d2_1/d3_5,/mnt/lustre/tree/d1_1/d2_1/d3_5/file_6_7M.bin,7340032,7.0M,1789014597,2026-09-10T04:29:57+00:00
file_9_3M.bin,/mnt/lustre/tree/d1_1/d2_1/d3_5,/mnt/lustre/tree/d1_1/d2_1/d3_5/file_9_3M.bin,3145728,3.0M,1789014597,2026-09-10T04:29:57+00:00
file_1_8M.bin,/mnt/lustre/tree/d1_1/d2_1/d3_4,/mnt/lustre/tree/d1_1/d2_1/d3_4/file_1_8M.bin,8388608,8.0M,1789014596,2026-09-10T04:29:56+00:00
file_7_9M.bin,/mnt/lustre/tree/d1_1/d2_1/d3_4,/mnt/lustre/tree/d1_1/d2_1/d3_4/file_7_9M.bin,9437184,9.0M,1789014596,2026-09-10T04:29:56+00:00
file_10_1M.bin,/mnt/lustre/tree/d1_1/d2_1/d3_4,/mnt/lustre/tree/d1_1/d2_1/d3_4/file_10_1M.bin,1048576,1.0M,1789014596,2026-09-10T04:29:56+00:00
file_2_10M.bin,/mnt/lustre/tree/d1_1/d2_1/d3_4,/mnt/lustre/tree/d1_1/d2_1/d3_4/file_2_10M.bin,10485760,10.0M,1789014596,2026-09-10T04:29:56+00:00
file_9_3M.bin,/mnt/lustre/tree/d1_1/d2_1/d3_4,/mnt/lustre/tree/d1_1/d2_1/d3_4/file_9_3M.bin,3145728,3.0M,1789014596,2026-09-10T04:29:56+00:00
file_8_9M.bin,/mnt/lustre/tree/d1_1/d2_1/d3_4,/mnt/lustre/tree/d1_1/d2_1/d3_4/file_8_9M.bin,9437184,9.0M,1789014596,2026-09-10T04:29:56+00:00
file_3_8M.bin,/mnt/lustre/tree/d1_1/d2_1/d3_4,/mnt/lustre/tree/d1_1/d2_1/d3_4/file_3_8M.bin,8388608,8.0M,1789014596,2026-09-10T04:29:56+00:00
file_6_6M.bin,/mnt/lustre/tree/d1_1/d2_1/d3_4,/mnt/lustre/tree/d1_1/d2_1/d3_4/file_6_6M.bin,6291456,6.0M,1789014596,2026-09-10T04:29:56+00:00
file_4_2M.bin,/mnt/lustre/tree/d1_1/d2_1/d3_4,/mnt/lustre/tree/d1_1/d2_1/d3_4/file_4_2M.bin,2097152,2.0M,1789014596,2026-09-10T04:29:56+00:00
file_5_2M.bin,/mnt/lustre/tree/d1_1/d2_1/d3_4,/mnt/lustre/tree/d1_1/d2_1/d3_4/file_5_2M.bin,2097152,2.0M,1789014596,2026-09-10T04:29:56+00:00
file_2_10M.bin,/mnt/lustre/tree/d1_1/d2_1/d3_3,/mnt/lustre/tree/d1_1/d2_1/d3_3/file_2_10M.bin,10485760,10.0M,1789014596,2026-09-10T04:29:56+00:00
file_6_2M.bin,/mnt/lustre/tree/d1_1/d2_1/d3_3,/mnt/lustre/tree/d1_1/d2_1/d3_3/file_6_2M.bin,2097152,2.0M,1789014596,2026-09-10T04:29:56+00:00
file_7_9M.bin,/mnt/lustre/tree/d1_1/d2_1/d3_3,/mnt/lustre/tree/d1_1/d2_1/d3_3/file_7_9M.bin,9437184,9.0M,1789014596,2026-09-10T04:29:56+00:00
file_8_3M.bin,/mnt/lustre/tree/d1_1/d2_1/d3_3,/mnt/lustre/tree/d1_1/d2_1/d3_3/file_8_3M.bin,3145728,3.0M,1789014596,2026-09-10T04:29:56+00:00
file_5_10M.bin,/mnt/lustre/tree/d1_1/d2_1/d3_3,/mnt/lustre/tree/d1_1/d2_1/d3_3/file_5_10M.bin,10485760,10.0M,1789014596,2026-09-10T04:29:56+00:00
file_9_9M.bin,/mnt/lustre/tree/d1_1/d2_1/d3_3,/mnt/lustre/tree/d1_1/d2_1/d3_3/file_9_9M.bin,9437184,9.0M,1789014596,2026-09-10T04:29:56+00:00
file_1_6M.bin,/mnt/lustre/tree/d1_1/d2_1/d3_3,/mnt/lustre/tree/d1_1/d2_1/d3_3/file_1_6M.bin,6291456,6.0M,1789014596,2026-09-10T04:29:56+00:00
file_10_7M.bin,/mnt/lustre/tree/d1_1/d2_1/d3_3,/mnt/lustre/tree/d1_1/d2_1/d3_3/file_10_7M.bin,7340032,7.0M,1789014596,2026-09-10T04:29:56+00:00
file_4_8M.bin,/mnt/lustre/tree/d1_1/d2_1/d3_3,/mnt/lustre/tree/d1_1/d2_1/d3_3/file_4_8M.bin,8388608,8.0M,1789014596,2026-09-10T04:29:56+00:00
file_3_3M.bin,/mnt/lustre/tree/d1_1/d2_1/d3_3,/mnt/lustre/tree/d1_1/d2_1/d3_3/file_3_3M.bin,3145728,3.0M,1789014596,2026-09-10T04:29:56+00:00
