randrw_4k: (g=0): rw=randrw, bs=(R) 4096B-4096B, (W) 4096B-4096B, (T) 4096B-4096B, ioengine=libaio, iodepth=32
...
seqrw_1m: (g=0): rw=rw, bs=(R) 1024KiB-1024KiB, (W) 1024KiB-1024KiB, (T) 1024KiB-1024KiB, ioengine=libaio, iodepth=16
...
fio-3.32
Starting 6 processes
randrw_4k: Laying out IO file (1 file / 4096MiB)
randrw_4k: Laying out IO file (1 file / 4096MiB)
randrw_4k: Laying out IO file (1 file / 4096MiB)
randrw_4k: Laying out IO file (1 file / 4096MiB)
seqrw_1m: Laying out IO file (1 file / 16384MiB)


Run status group 0 (all jobs):
seqrw_1m: Laying out IO file (1 file / 16384MiB)

randrw_4k: (groupid=0, jobs=6): err= 0: pid=28486: Sat Aug 29 01:20:19 2026
  read: IOPS=1621, BW=200MiB/s (210MB/s)(4292MiB/21462msec)
    slat (nsec): min=1244, max=226221, avg=18185.88, stdev=34563.51
    clat (usec): min=388, max=1361.1k, avg=85763.32, stdev=144871.24
     lat (usec): min=447, max=1361.3k, avg=85781.50, stdev=144875.91
    clat percentiles (usec):
     |  1.00th=[    486],  5.00th=[    515], 10.00th=[    537],
     | 20.00th=[    603], 30.00th=[    881], 40.00th=[   1369],
     | 50.00th=[   4015], 60.00th=[  11600], 70.00th=[  63701],
     | 80.00th=[ 187696], 90.00th=[ 337642], 95.00th=[ 413139],
     | 99.00th=[ 534774], 99.50th=[ 608175], 99.90th=[ 843056],
     | 99.95th=[ 884999], 99.99th=[1019216]
   bw (  KiB/s): min=64304, max=435664, per=98.84%, avg=202403.43, stdev=37592.02, samples=252
   iops        : min=  776, max= 2836, avg=1592.29, stdev=94.26, samples=252
  write: IOPS=810, BW=197MiB/s (206MB/s)(4227MiB/21462msec); 0 zone resets
    slat (nsec): min=1573, max=431450, avg=43421.56, stdev=68198.11
    clat (usec): min=323, max=643377, avg=24839.87, stdev=70667.20
     lat (usec): min=328, max=643382, avg=24883.23, stdev=70667.87
    clat percentiles (usec):
     |  1.00th=[   347],  5.00th=[   359], 10.00th=[   367], 20.00th=[   388],
     | 30.00th=[   545], 40.00th=[   791], 50.00th=[  1582], 60.00th=[  2507],
     | 70.00th=[  4883], 80.00th=[ 11994], 90.00th=[ 60556], 95.00th=[189793],
     | 99.00th=[371196], 99.50th=[417334], 99.90th=[509608], 99.95th=[534774],
     | 99.99th=[608175]
   bw (  KiB/s): min=41976, max=459160, per=98.99%, avg=199615.43, stdev=38574.48, samples=252
   iops        : min=  294, max= 1570, avg=798.14, stdev=57.62, samples=252
  lat (usec)   : 500=11.52%, 750=18.17%, 1000=8.47%
  lat (msec)   : 2=9.28%, 4=8.08%, 10=9.48%, 20=5.35%, 50=4.66%
  lat (msec)   : 100=4.52%, 250=8.80%, 500=10.34%, 750=0.91%, 1000=0.10%
  lat (msec)   : 2000=0.01%
  cpu          : usr=0.19%, sys=1.07%, ctx=48959, majf=0, minf=73
  IO depths    : 1=0.1%, 2=0.1%, 4=0.1%, 8=0.1%, 16=16.1%, 32=83.7%, >=64=0.0%
     submit    : 0=0.0%, 4=100.0%, 8=0.0%, 16=0.0%, 32=0.0%, 64=0.0%, >=64=0.0%
     complete  : 0=0.0%, 4=100.0%, 8=0.0%, 16=0.0%, 32=0.0%, 64=0.0%, >=64=0.0%
     issued rwts: total=34798,17393,0,0 short=0,0,0,0 dropped=0,0,0,0
     latency   : target=0, window=0, percentile=100.00%, depth=16

Run status group 0 (all jobs):
   READ: bw=200MiB/s (210MB/s), 200MiB/s-200MiB/s (210MB/s-210MB/s), io=4292MiB (4500MB), run=21462-21462msec
  WRITE: bw=197MiB/s (206MB/s), 197MiB/s-197MiB/s (206MB/s-206MB/s), io=4227MiB (4432MB), run=21462-21462msec

randrw_4k: (groupid=0, jobs=6): err= 0: pid=28486: Sat Aug 29 01:21:19 2026
  read: IOPS=1966, BW=157MiB/s (164MB/s)(12.5GiB/81462msec)
    slat (nsec): min=1244, max=245684, avg=13268.35, stdev=27942.01
    clat (usec): min=183, max=1361.1k, avg=76306.79, stdev=123685.10
     lat (usec): min=188, max=1361.3k, avg=76320.04, stdev=123692.57
    clat percentiles (usec):
     |  1.00th=[   478],  5.00th=[   502], 10.00th=[   523], 20.00th=[   553],
     | 30.00th=[   611], 40.00th=[   971], 50.00th=[  3720], 60.00th=[ 22938],
     | 70.00th=[ 80217], 80.00th=[160433], 90.00th=[265290], 95.00th=[354419],
     | 99.00th=[492831], 99.50th=[549454], 99.90th=[750781], 99.95th=[834667],
     | 99.99th=[977273]
   bw (  KiB/s): min=52016, max=438080, per=100.00%, avg=160599.31, stdev=30902.71, samples=972
   iops        : min=  764, max= 3440, avg=1965.94, stdev=97.57, samples=972
  write: IOPS=932, BW=149MiB/s (157MB/s)(11.9GiB/81462msec); 0 zone resets
    slat (nsec): min=1481, max=431450, avg=30019.98, stdev=57689.65
    clat (usec): min=313, max=643377, avg=10627.66, stdev=46297.97
     lat (usec): min=316, max=643382, avg=10657.68, stdev=46303.21
    clat percentiles (usec):
     |  1.00th=[   343],  5.00th=[   355], 10.00th=[   359], 20.00th=[   367],
     | 30.00th=[   379], 40.00th=[   400], 50.00th=[   482], 60.00th=[   775],
     | 70.00th=[  1663], 80.00th=[  2737], 90.00th=[  9896], 95.00th=[ 31589],
     | 99.00th=[283116], 99.50th=[350225], 99.90th=[459277], 99.95th=[505414],
     | 99.99th=[566232]
   bw (  KiB/s): min=35832, max=460224, per=100.00%, avg=153283.41, stdev=31448.61, samples=972
   iops        : min=  288, max= 1836, avg=933.44, stdev=54.73, samples=972
  lat (usec)   : 250=0.01%, 500=19.44%, 750=23.78%, 1000=4.65%
  lat (msec)   : 2=7.41%, 4=5.87%, 10=5.41%, 20=3.61%, 50=4.96%
  lat (msec)   : 100=5.63%, 250=11.22%, 500=7.31%, 750=0.56%, 1000=0.06%
  lat (msec)   : 2000=0.01%
  cpu          : usr=0.18%, sys=0.92%, ctx=226704, majf=0, minf=79
  IO depths    : 1=0.1%, 2=0.1%, 4=0.1%, 8=0.1%, 16=10.2%, 32=89.7%, >=64=0.0%
     submit    : 0=0.0%, 4=100.0%, 8=0.0%, 16=0.0%, 32=0.0%, 64=0.0%, >=64=0.0%
     complete  : 0=0.0%, 4=100.0%, 8=0.0%, 16=0.0%, 32=0.0%, 64=0.0%, >=64=0.0%
     issued rwts: total=160199,75971,0,0 short=0,0,0,0 dropped=0,0,0,0
     latency   : target=0, window=0, percentile=100.00%, depth=16

Run status group 0 (all jobs):
   READ: bw=157MiB/s (164MB/s), 157MiB/s-157MiB/s (164MB/s-164MB/s), io=12.5GiB (13.4GB), run=81462-81462msec
  WRITE: bw=149MiB/s (157MB/s), 149MiB/s-149MiB/s (157MB/s-157MB/s), io=11.9GiB (12.8GB), run=81462-81462msec

randrw_4k: (groupid=0, jobs=6): err= 0: pid=28486: Sat Aug 29 01:22:19 2026
  read: IOPS=2002, BW=144MiB/s (151MB/s)(19.9GiB/141462msec)
    slat (nsec): min=1152, max=245684, avg=12484.63, stdev=26792.37
    clat (usec): min=183, max=3290.2k, avg=76297.01, stdev=117724.26
     lat (usec): min=188, max=3290.3k, avg=76309.48, stdev=117732.85
    clat percentiles (usec):
     |  1.00th=[    478],  5.00th=[    502], 10.00th=[    523],
     | 20.00th=[    553], 30.00th=[    619], 40.00th=[   1123],
     | 50.00th=[   6587], 60.00th=[  38536], 70.00th=[  90702],
     | 80.00th=[ 156238], 90.00th=[ 246416], 95.00th=[ 329253],
     | 99.00th=[ 471860], 99.50th=[ 526386], 99.90th=[ 708838],
     | 99.95th=[ 809501], 99.99th=[1019216]
   bw (  KiB/s): min=47920, max=452920, per=100.00%, avg=147717.70, stdev=27556.53, samples=1692
   iops        : min=  760, max= 3580, avg=2001.66, stdev=88.01, samples=1692
  write: IOPS=938, BW=138MiB/s (144MB/s)(19.0GiB/141462msec); 0 zone resets
    slat (nsec): min=1481, max=470376, avg=28226.14, stdev=56370.54
    clat (usec): min=313, max=1198.0k, avg=7633.54, stdev=37920.84
     lat (usec): min=316, max=1198.2k, avg=7661.77, stdev=37926.14
    clat percentiles (usec):
     |  1.00th=[   343],  5.00th=[   355], 10.00th=[   359], 20.00th=[   367],
     | 30.00th=[   375], 40.00th=[   392], 50.00th=[   437], 60.00th=[   627],
     | 70.00th=[  1303], 80.00th=[  2147], 90.00th=[  6128], 95.00th=[ 19006],
     | 99.00th=[229639], 99.50th=[299893], 99.90th=[421528], 99.95th=[467665],
     | 99.99th=[534774]
   bw (  KiB/s): min=23544, max=460288, per=99.99%, avg=141099.29, stdev=28336.79, samples=1692
   iops        : min=  276, max= 1852, avg=938.44, stdev=50.18, samples=1692
  lat (usec)   : 250=0.01%, 500=20.49%, 750=23.43%, 1000=4.01%
  lat (msec)   : 2=6.94%, 4=5.33%, 10=4.67%, 20=3.39%, 50=5.09%
  lat (msec)   : 100=6.70%, 250=13.01%, 500=6.41%, 750=0.45%, 1000=0.05%
  lat (msec)   : 2000=0.01%, >=2000=0.01%
  cpu          : usr=0.17%, sys=0.88%, ctx=401510, majf=0, minf=82
  IO depths    : 1=0.1%, 2=0.1%, 4=0.1%, 8=0.1%, 16=9.2%, 32=90.7%, >=64=0.0%
     submit    : 0=0.0%, 4=100.0%, 8=0.0%, 16=0.0%, 32=0.0%, 64=0.0%, >=64=0.0%
     complete  : 0=0.0%, 4=100.0%, 8=0.0%, 16=0.0%, 32=0.0%, 64=0.0%, >=64=0.0%
     issued rwts: total=283294,132738,0,0 short=0,0,0,0 dropped=0,0,0,0
     latency   : target=0, window=0, percentile=100.00%, depth=16

Run status group 0 (all jobs):
   READ: bw=144MiB/s (151MB/s), 144MiB/s-144MiB/s (151MB/s-151MB/s), io=19.9GiB (21.4GB), run=141462-141462msec
  WRITE: bw=138MiB/s (144MB/s), 138MiB/s-138MiB/s (144MB/s-144MB/s), io=19.0GiB (20.4GB), run=141462-141462msec

randrw_4k: (groupid=0, jobs=6): err= 0: pid=28486: Sat Aug 29 01:23:19 2026
  read: IOPS=2058, BW=133MiB/s (139MB/s)(26.1GiB/201462msec)
    slat (nsec): min=1152, max=245684, avg=11668.74, stdev=25479.19
    clat (usec): min=178, max=18206k, avg=75009.43, stdev=124840.84
     lat (usec): min=182, max=18207k, avg=75021.09, stdev=124849.36
    clat percentiles (usec):
     |  1.00th=[   478],  5.00th=[   502], 10.00th=[   519], 20.00th=[   545],
     | 30.00th=[   594], 40.00th=[   914], 50.00th=[  4817], 60.00th=[ 37487],
     | 70.00th=[ 90702], 80.00th=[156238], 90.00th=[244319], 95.00th=[316670],
     | 99.00th=[459277], 99.50th=[517997], 99.90th=[692061], 99.95th=[784335],
     | 99.99th=[977273]
   bw (  KiB/s): min=41776, max=453296, per=100.00%, avg=135844.34, stdev=24333.75, samples=2412
   iops        : min=  754, max= 3674, avg=2058.17, stdev=86.99, samples=2412
  write: IOPS=955, BW=126MiB/s (132MB/s)(24.7GiB/201462msec); 0 zone resets
    slat (nsec): min=1481, max=470376, avg=25871.20, stdev=54010.70
    clat (usec): min=313, max=12518k, avg=5773.99, stdev=58681.26
     lat (usec): min=316, max=12518k, avg=5799.86, stdev=58684.50
    clat percentiles (usec):
     |  1.00th=[   343],  5.00th=[   351], 10.00th=[   359], 20.00th=[   367],
     | 30.00th=[   375], 40.00th=[   383], 50.00th=[   412], 60.00th=[   515],
     | 70.00th=[   898], 80.00th=[  1844], 90.00th=[  3720], 95.00th=[ 11207],
     | 99.00th=[181404], 99.50th=[267387], 99.90th=[400557], 99.95th=[446694],
     | 99.99th=[534774]
   bw (  KiB/s): min=23544, max=460416, per=100.00%, avg=128850.47, stdev=25380.69, samples=2412
   iops        : min=  276, max= 1884, avg=955.45, stdev=48.57, samples=2412
  lat (usec)   : 250=0.01%, 500=21.80%, 750=25.01%, 1000=3.77%
  lat (msec)   : 2=6.83%, 4=4.85%, 10=3.84%, 20=2.79%, 50=4.75%
  lat (msec)   : 100=6.53%, 250=13.12%, 500=6.22%, 750=0.40%, 1000=0.04%
  lat (msec)   : 2000=0.01%, >=2000=0.01%
  cpu          : usr=0.16%, sys=0.85%, ctx=588678, majf=0, minf=83
  IO depths    : 1=0.1%, 2=0.1%, 4=0.1%, 8=0.1%, 16=8.2%, 32=91.8%, >=64=0.0%
     submit    : 0=0.0%, 4=100.0%, 8=0.0%, 16=0.0%, 32=0.0%, 64=0.0%, >=64=0.0%
     complete  : 0=0.0%, 4=100.0%, 8=0.0%, 16=0.0%, 32=0.0%, 64=0.0%, >=64=0.0%
     issued rwts: total=414756,192409,0,0 short=0,0,0,0 dropped=0,0,0,0
     latency   : target=0, window=0, percentile=100.00%, depth=16

Run status group 0 (all jobs):
   READ: bw=133MiB/s (139MB/s), 133MiB/s-133MiB/s (139MB/s-139MB/s), io=26.1GiB (28.0GB), run=201462-201462msec
  WRITE: bw=126MiB/s (132MB/s), 126MiB/s-126MiB/s (132MB/s-132MB/s), io=24.7GiB (26.6GB), run=201462-201462msec

randrw_4k: (groupid=0, jobs=6): err= 0: pid=28486: Sat Aug 29 01:24:54 2026
  read: IOPS=1793, BW=114MiB/s (120MB/s)(29.1GiB/261462msec)
    slat (nsec): min=1152, max=245684, avg=11586.65, stdev=25355.80
    clat (usec): min=178, max=69649k, avg=84430.09, stdev=818536.00
     lat (usec): min=182, max=69650k, avg=84441.67, stdev=818537.42
    clat percentiles (usec):
     |  1.00th=[     482],  5.00th=[     502], 10.00th=[     519],
     | 20.00th=[     553], 30.00th=[     603], 40.00th=[     947],
     | 50.00th=[    5211], 60.00th=[   40633], 70.00th=[   92799],
     | 80.00th=[  156238], 90.00th=[  242222], 95.00th=[  312476],
     | 99.00th=[  455082], 99.50th=[  517997], 99.90th=[  700449],
     | 99.95th=[  817890], 99.99th=[17112761]
   bw (  KiB/s): min=41776, max=453296, per=100.00%, avg=134496.74, stdev=23153.09, samples=2724
   iops        : min=  754, max= 3674, avg=2064.85, stdev=85.05, samples=2724
  write: IOPS=831, BW=109MiB/s (114MB/s)(27.8GiB/261462msec); 0 zone resets
    slat (nsec): min=1467, max=470376, avg=25783.36, stdev=53999.82
    clat (usec): min=313, max=69248k, avg=5551.61, stdev=158479.59
     lat (usec): min=316, max=69248k, avg=5577.39, stdev=158480.92
    clat percentiles (usec):
     |  1.00th=[   343],  5.00th=[   351], 10.00th=[   359], 20.00th=[   367],
     | 30.00th=[   375], 40.00th=[   383], 50.00th=[   412], 60.00th=[   515],
     | 70.00th=[   889], 80.00th=[  1811], 90.00th=[  3458], 95.00th=[  9372],
     | 99.00th=[160433], 99.50th=[252707], 99.90th=[392168], 99.95th=[438305],
     | 99.99th=[530580]
   bw (  KiB/s): min=23544, max=478848, per=100.00%, avg=128219.58, stdev=24315.18, samples=2724
   iops        : min=  276, max= 1902, avg=957.25, stdev=47.71, samples=2724
  lat (usec)   : 250=0.01%, 500=21.80%, 750=24.79%, 1000=3.77%
  lat (msec)   : 2=6.96%, 4=4.93%, 10=3.75%, 20=2.65%, 50=4.68%
  lat (msec)   : 100=6.70%, 250=13.43%, 500=6.08%, 750=0.38%, 1000=0.04%
  lat (msec)   : 2000=0.01%, >=2000=0.01%
  cpu          : usr=0.14%, sys=0.73%, ctx=665541, majf=0, minf=84
  IO depths    : 1=0.1%, 2=0.1%, 4=0.1%, 8=0.1%, 16=8.1%, 32=91.8%, >=64=0.0%
     submit    : 0=0.0%, 4=100.0%, 8=0.0%, 16=0.0%, 32=0.0%, 64=0.0%, >=64=0.0%
     complete  : 0=0.0%, 4=100.0%, 8=0.0%, 16=0.0%, 32=0.0%, 64=0.0%, >=64=0.0%
     issued rwts: total=468920,217327,0,0 short=0,0,0,0 dropped=0,0,0,0
     latency   : target=0, window=0, percentile=100.00%, depth=16

Run status group 0 (all jobs):
   READ: bw=114MiB/s (120MB/s), 114MiB/s-114MiB/s (120MB/s-120MB/s), io=29.1GiB (31.3GB), run=261462-261462msec
  WRITE: bw=109MiB/s (114MB/s), 109MiB/s-109MiB/s (114MB/s-114MB/s), io=27.8GiB (29.8GB), run=261462-261462msec

randrw_4k: (groupid=0, jobs=6): err= 0: pid=28486: Sat Aug 29 01:25:19 2026
  read: IOPS=1559, BW=103MiB/s (108MB/s)(32.3GiB/321461msec)
    slat (nsec): min=1151, max=328317, avg=11936.24, stdev=26087.37
    clat (usec): min=178, max=69709k, avg=93646.20, stdev=1236422.51
     lat (usec): min=182, max=69709k, avg=93658.14, stdev=1236423.57
    clat percentiles (usec):
     |  1.00th=[     482],  5.00th=[     502], 10.00th=[     523],
     | 20.00th=[     553], 30.00th=[     619], 40.00th=[    1123],
     | 50.00th=[    4883], 60.00th=[   30802], 70.00th=[   84411],
     | 80.00th=[  147850], 90.00th=[  235930], 95.00th=[  308282],
     | 99.00th=[  450888], 99.50th=[  517997], 99.90th=[  759170],
     | 99.95th=[ 1082131], 99.99th=[17112761]
   bw (  KiB/s): min=  297, max=475824, per=100.00%, avg=135240.62, stdev=22649.68, samples=3006
   iops        : min=    0, max= 3696, avg=2000.11, stdev=94.48, samples=3006
  write: IOPS=725, BW=98.4MiB/s (103MB/s)(30.9GiB/321461msec); 0 zone resets
    slat (nsec): min=1467, max=470376, avg=26776.75, stdev=55339.69
    clat (usec): min=313, max=69273k, avg=19040.50, stdev=221776.45
     lat (usec): min=316, max=69273k, avg=19067.27, stdev=221778.00
    clat percentiles (usec):
     |  1.00th=[    343],  5.00th=[    351], 10.00th=[    359],
     | 20.00th=[    367], 30.00th=[    375], 40.00th=[    392],
     | 50.00th=[    437], 60.00th=[    627], 70.00th=[   1369],
     | 80.00th=[   2278], 90.00th=[  13566], 95.00th=[ 189793],
     | 99.00th=[ 258999], 99.50th=[ 320865], 99.90th=[ 425722],
     | 99.95th=[ 534774], 99.99th=[2701132]
   bw (  KiB/s): min=13077, max=478848, per=100.00%, avg=129611.94, stdev=23482.17, samples=2996
   iops        : min=  202, max= 1902, avg=933.23, stdev=49.07, samples=2996
  lat (usec)   : 250=0.01%, 500=20.40%, 750=23.49%, 1000=3.74%
  lat (msec)   : 2=7.14%, 4=5.56%, 10=4.75%, 20=2.97%, 50=4.68%
  lat (msec)   : 100=6.44%, 250=14.42%, 500=5.96%, 750=0.36%, 1000=0.04%
  lat (msec)   : 2000=0.01%, >=2000=0.05%
  cpu          : usr=0.13%, sys=0.66%, ctx=708028, majf=0, minf=87
  IO depths    : 1=0.1%, 2=0.1%, 4=0.1%, 8=0.1%, 16=8.5%, 32=91.5%, >=64=0.0%
     submit    : 0=0.0%, 4=100.0%, 8=0.0%, 16=0.0%, 32=0.0%, 64=0.0%, >=64=0.0%
     complete  : 0=0.0%, 4=100.0%, 8=0.0%, 16=0.0%, 32=0.0%, 64=0.0%, >=64=0.0%
     issued rwts: total=501399,233270,0,0 short=0,0,0,0 dropped=0,0,0,0
     latency   : target=0, window=0, percentile=100.00%, depth=16

Run status group 0 (all jobs):
   READ: bw=103MiB/s (108MB/s), 103MiB/s-103MiB/s (108MB/s-108MB/s), io=32.3GiB (34.7GB), run=321461-321461msec
  WRITE: bw=98.4MiB/s (103MB/s), 98.4MiB/s-98.4MiB/s (103MB/s-103MB/s), io=30.9GiB (33.2GB), run=321461-321461msec

randrw_4k: (groupid=0, jobs=6): err= 0: pid=28486: Sat Aug 29 01:26:19 2026
  read: IOPS=1635, BW=104MiB/s (109MB/s)(38.7GiB/381461msec)
    slat (nsec): min=1151, max=340962, avg=11693.58, stdev=25719.29
    clat (usec): min=128, max=69709k, avg=87199.15, stdev=1110060.74
     lat (usec): min=133, max=69709k, avg=87210.83, stdev=1110061.86
    clat percentiles (usec):
     |  1.00th=[     482],  5.00th=[     502], 10.00th=[     519],
     | 20.00th=[     553], 30.00th=[     603], 40.00th=[     938],
     | 50.00th=[    3130], 60.00th=[   16909], 70.00th=[   71828],
     | 80.00th=[  139461], 90.00th=[  242222], 95.00th=[  325059],
     | 99.00th=[  467665], 99.50th=[  541066], 99.90th=[  792724],
     | 99.95th=[  977273], 99.99th=[17112761]
   bw (  KiB/s): min=  297, max=487016, per=100.00%, avg=130510.29, stdev=21159.50, samples=3726
   iops        : min=    0, max= 6494, avg=2006.46, stdev=99.61, samples=3726
  write: IOPS=757, BW=99.7MiB/s (105MB/s)(37.1GiB/381461msec); 0 zone resets
    slat (nsec): min=1450, max=470376, avg=26172.99, stdev=54801.94
    clat (usec): min=197, max=69273k, avg=22794.00, stdev=202341.11
     lat (usec): min=202, max=69273k, avg=22820.18, stdev=202343.04
    clat percentiles (usec):
     |  1.00th=[    227],  5.00th=[    249], 10.00th=[    343],
     | 20.00th=[    359], 30.00th=[    371], 40.00th=[    383],
     | 50.00th=[    429], 60.00th=[    635], 70.00th=[   1467],
     | 80.00th=[   2606], 90.00th=[  61080], 95.00th=[ 198181],
     | 99.00th=[ 267387], 99.50th=[ 325059], 99.90th=[ 413139],
     | 99.95th=[ 492831], 99.99th=[2667578]
   bw (  KiB/s): min= 6933, max=482544, per=100.00%, avg=125618.00, stdev=21858.04, samples=3716
   iops        : min=  196, max= 2826, avg=932.46, stdev=49.67, samples=3716
  lat (usec)   : 250=1.68%, 500=18.91%, 750=24.42%, 1000=3.74%
  lat (msec)   : 2=7.22%, 4=5.72%, 10=5.03%, 20=2.91%, 50=4.19%
  lat (msec)   : 100=5.87%, 250=13.46%, 500=6.30%, 750=0.42%, 1000=0.05%
  lat (msec)   : 2000=0.01%, >=2000=0.04%
  cpu          : usr=0.14%, sys=0.67%, ctx=876067, majf=0, minf=88
  IO depths    : 1=0.1%, 2=0.1%, 4=0.1%, 8=0.1%, 16=8.2%, 32=91.8%, >=64=0.0%
     submit    : 0=0.0%, 4=100.0%, 8=0.0%, 16=0.0%, 32=0.0%, 64=0.0%, >=64=0.0%
     complete  : 0=0.0%, 4=100.0%, 8=0.0%, 16=0.0%, 32=0.0%, 64=0.0%, >=64=0.0%
     issued rwts: total=623944,289073,0,0 short=0,0,0,0 dropped=0,0,0,0
     latency   : target=0, window=0, percentile=100.00%, depth=16

Run status group 0 (all jobs):
   READ: bw=104MiB/s (109MB/s), 104MiB/s-104MiB/s (109MB/s-109MB/s), io=38.7GiB (41.5GB), run=381461-381461msec
  WRITE: bw=99.7MiB/s (105MB/s), 99.7MiB/s-99.7MiB/s (105MB/s-105MB/s), io=37.1GiB (39.9GB), run=381461-381461msec

randrw_4k: (groupid=0, jobs=6): err= 0: pid=28486: Sat Aug 29 01:27:19 2026
  read: IOPS=1650, BW=107MiB/s (113MB/s)(46.3GiB/441462msec)
    slat (nsec): min=1151, max=407540, avg=11992.11, stdev=26411.98
    clat (usec): min=122, max=69709k, avg=79745.80, stdev=1028015.09
     lat (usec): min=126, max=69709k, avg=79757.80, stdev=1028016.17
    clat percentiles (usec):
     |  1.00th=[     482],  5.00th=[     502], 10.00th=[     519],
     | 20.00th=[     553], 30.00th=[     603], 40.00th=[     971],
     | 50.00th=[    2802], 60.00th=[    8979], 70.00th=[   50594],
     | 80.00th=[  122160], 90.00th=[  233833], 95.00th=[  329253],
     | 99.00th=[  476054], 99.50th=[  541066], 99.90th=[  809501],
     | 99.95th=[  960496], 99.99th=[17112761]
   bw (  KiB/s): min=  297, max=491112, per=100.00%, avg=130805.32, stdev=20354.84, samples=4446
   iops        : min=    0, max= 6498, avg=1965.33, stdev=101.51, samples=4446
  write: IOPS=766, BW=104MiB/s (109MB/s)(44.8GiB/441462msec); 0 zone resets
    slat (nsec): min=1450, max=470376, avg=27091.82, stdev=56117.74
    clat (usec): min=189, max=69273k, avg=36916.65, stdev=193997.42
     lat (usec): min=194, max=69273k, avg=36943.74, stdev=194000.31
    clat percentiles (usec):
     |  1.00th=[    223],  5.00th=[    241], 10.00th=[    281],
     | 20.00th=[    359], 30.00th=[    371], 40.00th=[    392],
     | 50.00th=[    474], 60.00th=[    938], 70.00th=[   2040],
     | 80.00th=[  12518], 90.00th=[ 189793], 95.00th=[ 219153],
     | 99.00th=[ 295699], 99.50th=[ 337642], 99.90th=[ 408945],
     | 99.95th=[ 467665], 99.99th=[2667578]
   bw (  KiB/s): min= 6837, max=482544, per=100.00%, avg=126986.77, stdev=20794.11, samples=4436
   iops        : min=  172, max= 2826, avg=914.56, stdev=49.65, samples=4436
  lat (usec)   : 250=2.22%, 500=17.06%, 750=23.88%, 1000=3.63%
  lat (msec)   : 2=7.27%, 4=6.51%, 10=6.03%, 20=3.10%, 50=4.08%
  lat (msec)   : 100=5.37%, 250=14.17%, 500=6.13%, 750=0.44%, 1000=0.06%
  lat (msec)   : 2000=0.01%, >=2000=0.03%
  cpu          : usr=0.14%, sys=0.70%, ctx=1012460, majf=0, minf=88
  IO depths    : 1=0.1%, 2=0.1%, 4=0.1%, 8=0.1%, 16=8.4%, 32=91.6%, >=64=0.0%
     submit    : 0=0.0%, 4=100.0%, 8=0.0%, 16=0.0%, 32=0.0%, 64=0.0%, >=64=0.0%
     complete  : 0=0.0%, 4=100.0%, 8=0.0%, 16=0.0%, 32=0.0%, 64=0.0%, >=64=0.0%
     issued rwts: total=728797,338449,0,0 short=0,0,0,0 dropped=0,0,0,0
     latency   : target=0, window=0, percentile=100.00%, depth=16

Run status group 0 (all jobs):
   READ: bw=107MiB/s (113MB/s), 107MiB/s-107MiB/s (113MB/s-113MB/s), io=46.3GiB (49.7GB), run=441462-441462msec
  WRITE: bw=104MiB/s (109MB/s), 104MiB/s-104MiB/s (109MB/s-109MB/s), io=44.8GiB (48.1GB), run=441462-441462msec

randrw_4k: (groupid=0, jobs=6): err= 0: pid=28486: Sat Aug 29 01:28:19 2026
  read: IOPS=1635, BW=111MiB/s (117MB/s)(54.6GiB/501462msec)
    slat (nsec): min=1151, max=450200, avg=12496.27, stdev=27454.30
    clat (usec): min=122, max=69709k, avg=71616.81, stdev=969212.61
     lat (usec): min=126, max=69709k, avg=71629.31, stdev=969213.61
    clat percentiles (usec):
     |  1.00th=[     482],  5.00th=[     506], 10.00th=[     523],
     | 20.00th=[     562], 30.00th=[     644], 40.00th=[    1254],
     | 50.00th=[    3032], 60.00th=[    6980], 70.00th=[   29230],
     | 80.00th=[  103285], 90.00th=[  214959], 95.00th=[  312476],
     | 99.00th=[  463471], 99.50th=[  530580], 99.90th=[  775947],
     | 99.95th=[  926942], 99.99th=[17112761]
   bw (  KiB/s): min=  297, max=491112, per=100.00%, avg=132832.80, stdev=19496.46, samples=5166
   iops        : min=    0, max= 6498, avg=1904.64, stdev=101.54, samples=5166
  write: IOPS=762, BW=109MiB/s (114MB/s)(53.2GiB/501462msec); 0 zone resets
    slat (nsec): min=1450, max=556399, avg=28487.67, stdev=57923.27
    clat (usec): min=189, max=69273k, avg=56102.50, stdev=190961.21
     lat (usec): min=194, max=69273k, avg=56130.99, stdev=190965.06
    clat percentiles (usec):
     |  1.00th=[    225],  5.00th=[    243], 10.00th=[    322],
     | 20.00th=[    363], 30.00th=[    375], 40.00th=[    416],
     | 50.00th=[    693], 60.00th=[   1827], 70.00th=[   8586],
     | 80.00th=[ 168821], 90.00th=[ 214959], 95.00th=[ 235930],
     | 99.00th=[ 316670], 99.50th=[ 358613], 99.90th=[ 408945],
     | 99.95th=[ 446694], 99.99th=[2634023]
   bw (  KiB/s): min= 6837, max=482544, per=100.00%, avg=129598.49, stdev=19539.33, samples=5156
   iops        : min=  172, max= 2826, avg=889.16, stdev=48.63, samples=5156
  lat (usec)   : 250=1.97%, 500=15.17%, 750=21.96%, 1000=3.55%
  lat (msec)   : 2=7.55%, 4=7.73%, 10=7.51%, 20=3.57%, 50=4.04%
  lat (msec)   : 100=4.91%, 250=15.76%, 500=5.79%, 750=0.39%, 1000=0.05%
  lat (msec)   : 2000=0.01%, >=2000=0.03%
  cpu          : usr=0.14%, sys=0.72%, ctx=1125889, majf=0, minf=88
  IO depths    : 1=0.1%, 2=0.1%, 4=0.1%, 8=0.1%, 16=8.8%, 32=91.2%, >=64=0.0%
     submit    : 0=0.0%, 4=100.0%, 8=0.0%, 16=0.0%, 32=0.0%, 64=0.0%, >=64=0.0%
     complete  : 0=0.0%, 4=100.0%, 8=0.0%, 16=0.0%, 32=0.0%, 64=0.0%, >=64=0.0%
     issued rwts: total=820387,382381,0,0 short=0,0,0,0 dropped=0,0,0,0
     latency   : target=0, window=0, percentile=100.00%, depth=16

Run status group 0 (all jobs):
   READ: bw=111MiB/s (117MB/s), 111MiB/s-111MiB/s (117MB/s-117MB/s), io=54.6GiB (58.6GB), run=501462-501462msec
  WRITE: bw=109MiB/s (114MB/s), 109MiB/s-109MiB/s (114MB/s-114MB/s), io=53.2GiB (57.1GB), run=501462-501462msec

randrw_4k: (groupid=0, jobs=6): err= 0: pid=28486: Sat Aug 29 01:29:19 2026
  read: IOPS=1623, BW=115MiB/s (120MB/s)(62.9GiB/561461msec)
    slat (nsec): min=1151, max=450200, avg=12910.21, stdev=28242.36
    clat (usec): min=122, max=69709k, avg=65210.06, stdev=919838.37
     lat (usec): min=126, max=69709k, avg=65222.97, stdev=919839.30
    clat percentiles (usec):
     |  1.00th=[     482],  5.00th=[     506], 10.00th=[     529],
     | 20.00th=[     570], 30.00th=[     693], 40.00th=[    1516],
     | 50.00th=[    3163], 60.00th=[    6325], 70.00th=[   19268],
     | 80.00th=[   85459], 90.00th=[  200279], 95.00th=[  299893],
     | 99.00th=[  455082], 99.50th=[  517997], 99.90th=[  750781],
     | 99.95th=[  901776], 99.99th=[17112761]
   bw (  KiB/s): min=  297, max=505448, per=100.00%, avg=134453.93, stdev=18845.15, samples=5886
   iops        : min=    0, max= 6512, avg=1856.70, stdev=100.89, samples=5886
  write: IOPS=759, BW=112MiB/s (118MB/s)(61.5GiB/561461msec); 0 zone resets
    slat (nsec): min=1450, max=556399, avg=29579.07, stdev=59264.76
    clat (usec): min=189, max=69273k, avg=71274.46, stdev=187101.49
     lat (usec): min=194, max=69273k, avg=71304.04, stdev=187105.94
    clat percentiles (usec):
     |  1.00th=[    225],  5.00th=[    247], 10.00th=[    343],
     | 20.00th=[    367], 30.00th=[    383], 40.00th=[    482],
     | 50.00th=[   1319], 60.00th=[   3556], 70.00th=[ 141558],
     | 80.00th=[ 196084], 90.00th=[ 223347], 95.00th=[ 242222],
     | 99.00th=[ 329253], 99.50th=[ 367002], 99.90th=[ 404751],
     | 99.95th=[ 438305], 99.99th=[2634023]
   bw (  KiB/s): min= 6837, max=482544, per=100.00%, avg=131564.29, stdev=18508.95, samples=5876
   iops        : min=  172, max= 2826, avg=869.96, stdev=47.36, samples=5876
  lat (usec)   : 250=1.77%, 500=13.69%, 750=20.48%, 1000=3.50%
  lat (msec)   : 2=7.70%, 4=8.57%, 10=8.72%, 20=3.93%, 50=4.07%
  lat (msec)   : 100=4.59%, 250=17.02%, 500=5.53%, 750=0.35%, 1000=0.04%
  lat (msec)   : 2000=0.01%, >=2000=0.03%
  cpu          : usr=0.15%, sys=0.74%, ctx=1238289, majf=0, minf=88
  IO depths    : 1=0.1%, 2=0.1%, 4=0.1%, 8=0.1%, 16=9.2%, 32=90.8%, >=64=0.0%
     submit    : 0=0.0%, 4=100.0%, 8=0.0%, 16=0.0%, 32=0.0%, 64=0.0%, >=64=0.0%
     complete  : 0=0.0%, 4=100.0%, 8=0.0%, 16=0.0%, 32=0.0%, 64=0.0%, >=64=0.0%
     issued rwts: total=911258,426355,0,0 short=0,0,0,0 dropped=0,0,0,0
     latency   : target=0, window=0, percentile=100.00%, depth=16

Run status group 0 (all jobs):
   READ: bw=115MiB/s (120MB/s), 115MiB/s-115MiB/s (120MB/s-120MB/s), io=62.9GiB (67.6GB), run=561461-561461msec
  WRITE: bw=112MiB/s (118MB/s), 112MiB/s-112MiB/s (118MB/s-118MB/s), io=61.5GiB (66.0GB), run=561461-561461msec

randrw_4k: (groupid=0, jobs=6): err= 0: pid=28486: Sat Aug 29 01:30:19 2026
  read: IOPS=1609, BW=118MiB/s (123MB/s)(71.4GiB/621461msec)
    slat (nsec): min=1151, max=454820, avg=13304.20, stdev=28993.51
    clat (usec): min=122, max=69709k, avg=60170.27, stdev=878105.57
     lat (usec): min=126, max=69709k, avg=60183.57, stdev=878106.44
    clat percentiles (usec):
     |  1.00th=[     482],  5.00th=[     510], 10.00th=[     529],
     | 20.00th=[     578], 30.00th=[     758], 40.00th=[    1696],
     | 50.00th=[    3261], 60.00th=[    5932], 70.00th=[   15401],
     | 80.00th=[   70779], 90.00th=[  187696], 95.00th=[  287310],
     | 99.00th=[  446694], 99.50th=[  509608], 99.90th=[  725615],
     | 99.95th=[  876610], 99.99th=[17112761]
   bw (  KiB/s): min=  297, max=505448, per=100.00%, avg=136010.79, stdev=18266.83, samples=6606
   iops        : min=    0, max= 6512, avg=1816.04, stdev=100.11, samples=6606
  write: IOPS=754, BW=115MiB/s (121MB/s)(69.8GiB/621461msec); 0 zone resets
    slat (nsec): min=1450, max=556399, avg=30600.13, stdev=60521.19
    clat (usec): min=189, max=69273k, avg=83620.29, stdev=183333.03
     lat (usec): min=194, max=69273k, avg=83650.89, stdev=183337.97
    clat percentiles (usec):
     |  1.00th=[    225],  5.00th=[    249], 10.00th=[    351],
     | 20.00th=[    367], 30.00th=[    396], 40.00th=[    644],
     | 50.00th=[   1975], 60.00th=[  66323], 70.00th=[ 175113],
     | 80.00th=[ 200279], 90.00th=[ 225444], 95.00th=[ 246416],
     | 99.00th=[ 341836], 99.50th=[ 371196], 99.90th=[ 408945],
     | 99.95th=[ 429917], 99.99th=[2634023]
   bw (  KiB/s): min= 6837, max=482544, per=100.00%, avg=133096.79, stdev=17644.80, samples=6596
   iops        : min=  172, max= 2826, avg=852.62, stdev=46.26, samples=6596
  lat (usec)   : 250=1.61%, 500=12.51%, 750=19.40%, 1000=3.45%
  lat (msec)   : 2=7.80%, 4=9.15%, 10=9.62%, 20=4.13%, 50=4.22%
  lat (msec)   : 100=4.34%, 250=18.03%, 500=5.35%, 750=0.32%, 1000=0.04%
  lat (msec)   : 2000=0.01%, >=2000=0.02%
  cpu          : usr=0.15%, sys=0.76%, ctx=1347681, majf=0, minf=88
  IO depths    : 1=0.1%, 2=0.1%, 4=0.1%, 8=0.1%, 16=9.5%, 32=90.5%, >=64=0.0%
     submit    : 0=0.0%, 4=100.0%, 8=0.0%, 16=0.0%, 32=0.0%, 64=0.0%, >=64=0.0%
     complete  : 0=0.0%, 4=100.0%, 8=0.0%, 16=0.0%, 32=0.0%, 64=0.0%, >=64=0.0%
     issued rwts: total=1000302,469011,0,0 short=0,0,0,0 dropped=0,0,0,0
     latency   : target=0, window=0, percentile=100.00%, depth=16

Run status group 0 (all jobs):
   READ: bw=118MiB/s (123MB/s), 118MiB/s-118MiB/s (123MB/s-123MB/s), io=71.4GiB (76.7GB), run=621461-621461msec
  WRITE: bw=115MiB/s (121MB/s), 115MiB/s-115MiB/s (121MB/s-121MB/s), io=69.8GiB (75.0GB), run=621461-621461msec

randrw_4k: (groupid=0, jobs=6): err= 0: pid=28486: Sat Aug 29 01:31:19 2026
  read: IOPS=1597, BW=120MiB/s (126MB/s)(79.9GiB/681462msec)
    slat (nsec): min=1151, max=454820, avg=13623.98, stdev=29566.18
    clat (usec): min=122, max=69709k, avg=55918.02, stdev=841905.12
     lat (usec): min=126, max=69709k, avg=55931.65, stdev=841905.94
    clat percentiles (usec):
     |  1.00th=[     486],  5.00th=[     510], 10.00th=[     529],
     | 20.00th=[     578], 30.00th=[     824], 40.00th=[    1827],
     | 50.00th=[    3294], 60.00th=[    5669], 70.00th=[   12911],
     | 80.00th=[   55837], 90.00th=[  175113], 95.00th=[  274727],
     | 99.00th=[  442500], 99.50th=[  501220], 99.90th=[  708838],
     | 99.95th=[  868221], 99.99th=[17112761]
   bw (  KiB/s): min=  297, max=505448, per=100.00%, avg=137221.35, stdev=17773.50, samples=7326
   iops        : min=    0, max= 6512, avg=1782.12, stdev=98.81, samples=7326
  write: IOPS=750, BW=117MiB/s (123MB/s)(78.1GiB/681462msec); 0 zone resets
    slat (nsec): min=1450, max=556399, avg=31429.48, stdev=61506.00
    clat (usec): min=189, max=69273k, avg=94082.51, stdev=179517.53
     lat (usec): min=194, max=69273k, avg=94113.93, stdev=179522.79
    clat percentiles (usec):
     |  1.00th=[    227],  5.00th=[    253], 10.00th=[    351],
     | 20.00th=[    371], 30.00th=[    416], 40.00th=[    988],
     | 50.00th=[   3556], 60.00th=[ 147850], 70.00th=[ 191890],
     | 80.00th=[ 212861], 90.00th=[ 233833], 95.00th=[ 248513],
     | 99.00th=[ 346031], 99.50th=[ 375391], 99.90th=[ 408945],
     | 99.95th=[ 425722], 99.99th=[2600469]
   bw (  KiB/s): min= 6837, max=482544, per=100.00%, avg=134336.68, stdev=16886.46, samples=7316
   iops        : min=  172, max= 2826, avg=838.56, stdev=45.11, samples=7316
  lat (usec)   : 250=1.48%, 500=11.53%, 750=18.60%, 1000=3.40%
  lat (msec)   : 2=7.86%, 4=9.69%, 10=10.37%, 20=4.25%, 50=4.29%
  lat (msec)   : 100=4.10%, 250=18.88%, 500=5.19%, 750=0.29%, 1000=0.04%
  lat (msec)   : 2000=0.01%, >=2000=0.02%
  cpu          : usr=0.15%, sys=0.77%, ctx=1456489, majf=0, minf=88
  IO depths    : 1=0.1%, 2=0.1%, 4=0.1%, 8=0.1%, 16=9.8%, 32=90.2%, >=64=0.0%
     submit    : 0=0.0%, 4=100.0%, 8=0.0%, 16=0.0%, 32=0.0%, 64=0.0%, >=64=0.0%
     complete  : 0=0.0%, 4=100.0%, 8=0.0%, 16=0.0%, 32=0.0%, 64=0.0%, >=64=0.0%
     issued rwts: total=1088520,511595,0,0 short=0,0,0,0 dropped=0,0,0,0
     latency   : target=0, window=0, percentile=100.00%, depth=16

Run status group 0 (all jobs):
   READ: bw=120MiB/s (126MB/s), 120MiB/s-120MiB/s (126MB/s-126MB/s), io=79.9GiB (85.8GB), run=681462-681462msec
  WRITE: bw=117MiB/s (123MB/s), 117MiB/s-117MiB/s (123MB/s-123MB/s), io=78.1GiB (83.9GB), run=681462-681462msec

randrw_4k: (groupid=0, jobs=6): err= 0: pid=28486: Sat Aug 29 01:32:19 2026
  read: IOPS=1586, BW=122MiB/s (128MB/s)(88.4GiB/741461msec)
    slat (nsec): min=1151, max=483036, avg=13898.03, stdev=30063.32
    clat (usec): min=122, max=69709k, avg=52393.26, stdev=809957.62
     lat (usec): min=126, max=69709k, avg=52407.16, stdev=809958.40
    clat percentiles (usec):
     |  1.00th=[     486],  5.00th=[     510], 10.00th=[     537],
     | 20.00th=[     586], 30.00th=[     889], 40.00th=[    1926],
     | 50.00th=[    3326], 60.00th=[    5538], 70.00th=[   11469],
     | 80.00th=[   44303], 90.00th=[  162530], 95.00th=[  263193],
     | 99.00th=[  438305], 99.50th=[  492831], 99.90th=[  692061],
     | 99.95th=[  851444], 99.99th=[17112761]
   bw (  KiB/s): min=  297, max=505448, per=100.00%, avg=138123.57, stdev=17386.69, samples=8046
   iops        : min=    0, max= 6512, avg=1753.67, stdev=97.56, samples=8046
  write: IOPS=747, BW=119MiB/s (125MB/s)(86.5GiB/741461msec); 0 zone resets
    slat (nsec): min=1450, max=586561, avg=32140.46, stdev=62338.41
    clat (usec): min=189, max=69273k, avg=102802.93, stdev=175681.33
     lat (usec): min=194, max=69273k, avg=102835.07, stdev=175686.80
    clat percentiles (usec):
     |  1.00th=[    227],  5.00th=[    260], 10.00th=[    355],
     | 20.00th=[    375], 30.00th=[    461], 40.00th=[   1614],
     | 50.00th=[  26608], 60.00th=[ 168821], 70.00th=[ 196084],
     | 80.00th=[ 214959], 90.00th=[ 238027], 95.00th=[ 250610],
     | 99.00th=[ 350225], 99.50th=[ 375391], 99.90th=[ 404751],
     | 99.95th=[ 421528], 99.99th=[2600469]
   bw (  KiB/s): min= 6837, max=482544, per=100.00%, avg=135348.30, stdev=16216.70, samples=8036
   iops        : min=  172, max= 2826, avg=826.92, stdev=43.99, samples=8036
  lat (usec)   : 250=1.37%, 500=10.70%, 750=17.87%, 1000=3.36%
  lat (msec)   : 2=7.94%, 4=10.14%, 10=10.91%, 20=4.34%, 50=4.42%
  lat (msec)   : 100=3.94%, 250=19.62%, 500=5.05%, 750=0.27%, 1000=0.03%
  lat (msec)   : 2000=0.01%, >=2000=0.02%
  cpu          : usr=0.15%, sys=0.79%, ctx=1565466, majf=0, minf=88
  IO depths    : 1=0.1%, 2=0.1%, 4=0.1%, 8=0.1%, 16=10.0%, 32=90.0%, >=64=0.0%
     submit    : 0=0.0%, 4=100.0%, 8=0.0%, 16=0.0%, 32=0.0%, 64=0.0%, >=64=0.0%
     complete  : 0=0.0%, 4=100.0%, 8=0.0%, 16=0.0%, 32=0.0%, 64=0.0%, >=64=0.0%
     issued rwts: total=1176393,554157,0,0 short=0,0,0,0 dropped=0,0,0,0
     latency   : target=0, window=0, percentile=100.00%, depth=16

Run status group 0 (all jobs):
   READ: bw=122MiB/s (128MB/s), 122MiB/s-122MiB/s (128MB/s-128MB/s), io=88.4GiB (94.9GB), run=741461-741461msec
  WRITE: bw=119MiB/s (125MB/s), 119MiB/s-119MiB/s (125MB/s-125MB/s), io=86.5GiB (92.9GB), run=741461-741461msec

randrw_4k: (groupid=0, jobs=6): err= 0: pid=28486: Sat Aug 29 01:33:19 2026
  read: IOPS=1580, BW=124MiB/s (130MB/s)(97.0GiB/801462msec)
    slat (nsec): min=1151, max=483036, avg=14130.44, stdev=30468.34
    clat (usec): min=122, max=69709k, avg=49264.96, stdev=780603.95
     lat (usec): min=126, max=69709k, avg=49279.09, stdev=780604.69
    clat percentiles (usec):
     |  1.00th=[     486],  5.00th=[     515], 10.00th=[     537],
     | 20.00th=[     594], 30.00th=[     963], 40.00th=[    2008],
     | 50.00th=[    3359], 60.00th=[    5407], 70.00th=[   10421],
     | 80.00th=[   35914], 90.00th=[  149947], 95.00th=[  252707],
     | 99.00th=[  434111], 99.50th=[  488637], 99.90th=[  675283],
     | 99.95th=[  834667], 99.99th=[17112761]
   bw (  KiB/s): min=  297, max=521832, per=100.00%, avg=139115.06, stdev=17088.29, samples=8766
   iops        : min=    0, max= 6528, avg=1733.45, stdev=96.40, samples=8766
  write: IOPS=745, BW=121MiB/s (127MB/s)(94.8GiB/801462msec); 0 zone resets
    slat (nsec): min=1438, max=586561, avg=32695.92, stdev=62959.49
    clat (usec): min=189, max=69273k, avg=110091.62, stdev=171772.23
     lat (usec): min=194, max=69273k, avg=110124.31, stdev=171777.83
    clat percentiles (usec):
     |  1.00th=[    227],  5.00th=[    265], 10.00th=[    355],
     | 20.00th=[    379], 30.00th=[    545], 40.00th=[   2114],
     | 50.00th=[ 115868], 60.00th=[ 179307], 70.00th=[ 196084],
     | 80.00th=[ 219153], 90.00th=[ 240124], 95.00th=[ 252707],
     | 99.00th=[ 350225], 99.50th=[ 375391], 99.90th=[ 404751],
     | 99.95th=[ 421528], 99.99th=[2600469]
   bw (  KiB/s): min= 6837, max=482544, per=100.00%, avg=136198.44, stdev=15648.18, samples=8756
   iops        : min=  172, max= 2826, avg=818.48, stdev=42.89, samples=8756
  lat (usec)   : 250=1.27%, 500=9.96%, 750=17.17%, 1000=3.34%
  lat (msec)   : 2=8.03%, 4=10.53%, 10=11.43%, 20=4.47%, 50=4.53%
  lat (msec)   : 100=3.80%, 250=20.25%, 500=4.91%, 750=0.25%, 1000=0.03%
  lat (msec)   : 2000=0.01%, >=2000=0.02%
  cpu          : usr=0.15%, sys=0.79%, ctx=1677153, majf=0, minf=88
  IO depths    : 1=0.1%, 2=0.1%, 4=0.1%, 8=0.1%, 16=10.2%, 32=89.8%, >=64=0.0%
     submit    : 0=0.0%, 4=100.0%, 8=0.0%, 16=0.0%, 32=0.0%, 64=0.0%, >=64=0.0%
     complete  : 0=0.0%, 4=100.0%, 8=0.0%, 16=0.0%, 32=0.0%, 64=0.0%, >=64=0.0%
     issued rwts: total=1266856,597585,0,0 short=0,0,0,0 dropped=0,0,0,0
     latency   : target=0, window=0, percentile=100.00%, depth=16

Run status group 0 (all jobs):
   READ: bw=124MiB/s (130MB/s), 124MiB/s-124MiB/s (130MB/s-130MB/s), io=97.0GiB (104GB), run=801462-801462msec
  WRITE: bw=121MiB/s (127MB/s), 121MiB/s-121MiB/s (127MB/s-127MB/s), io=94.8GiB (102GB), run=801462-801462msec

randrw_4k: (groupid=0, jobs=6): err= 0: pid=28486: Sat Aug 29 01:34:19 2026
  read: IOPS=1576, BW=126MiB/s (132MB/s)(106GiB/861461msec)
    slat (nsec): min=1151, max=483036, avg=14328.00, stdev=30791.18
    clat (usec): min=122, max=69709k, avg=46545.08, stdev=754031.96
     lat (usec): min=126, max=69709k, avg=46559.41, stdev=754032.68
    clat percentiles (usec):
     |  1.00th=[     486],  5.00th=[     515], 10.00th=[     537],
     | 20.00th=[     611], 30.00th=[    1029], 40.00th=[    2073],
     | 50.00th=[    3359], 60.00th=[    5342], 70.00th=[    9765],
     | 80.00th=[   30802], 90.00th=[  137364], 95.00th=[  244319],
     | 99.00th=[  429917], 99.50th=[  480248], 99.90th=[  666895],
     | 99.95th=[  817890], 99.99th=[17112761]
   bw (  KiB/s): min=  297, max=521832, per=100.00%, avg=140053.39, stdev=16816.02, samples=9486
   iops        : min=    0, max= 6528, avg=1717.38, stdev=95.15, samples=9486
  write: IOPS=744, BW=123MiB/s (129MB/s)(103GiB/861461msec); 0 zone resets
    slat (nsec): min=1429, max=586561, avg=33168.23, stdev=63499.03
    clat (usec): min=189, max=69273k, avg=116257.43, stdev=168019.74
     lat (usec): min=194, max=69273k, avg=116290.60, stdev=168025.44
    clat percentiles (usec):
     |  1.00th=[    229],  5.00th=[    273], 10.00th=[    359],
     | 20.00th=[    383], 30.00th=[    717], 40.00th=[   3720],
     | 50.00th=[ 145753], 60.00th=[ 187696], 70.00th=[ 198181],
     | 80.00th=[ 221250], 90.00th=[ 240124], 95.00th=[ 252707],
     | 99.00th=[ 354419], 99.50th=[ 379585], 99.90th=[ 404751],
     | 99.95th=[ 417334], 99.99th=[2600469]
   bw (  KiB/s): min= 6837, max=482544, per=100.00%, avg=136924.09, stdev=15142.35, samples=9476
   iops        : min=  172, max= 2826, avg=812.13, stdev=41.93, samples=9476
  lat (usec)   : 250=1.18%, 500=9.32%, 750=16.54%, 1000=3.32%
  lat (msec)   : 2=8.11%, 4=10.89%, 10=11.86%, 20=4.58%, 50=4.65%
  lat (msec)   : 100=3.72%, 250=20.75%, 500=4.79%, 750=0.24%, 1000=0.03%
  lat (msec)   : 2000=0.01%, >=2000=0.02%
  cpu          : usr=0.15%, sys=0.80%, ctx=1789778, majf=0, minf=88
  IO depths    : 1=0.1%, 2=0.1%, 4=0.1%, 8=0.1%, 16=10.3%, 32=89.7%, >=64=0.0%
     submit    : 0=0.0%, 4=100.0%, 8=0.0%, 16=0.0%, 32=0.0%, 64=0.0%, >=64=0.0%
     complete  : 0=0.0%, 4=100.0%, 8=0.0%, 16=0.0%, 32=0.0%, 64=0.0%, >=64=0.0%
     issued rwts: total=1357994,641610,0,0 short=0,0,0,0 dropped=0,0,0,0
     latency   : target=0, window=0, percentile=100.00%, depth=16

Run status group 0 (all jobs):
   READ: bw=126MiB/s (132MB/s), 126MiB/s-126MiB/s (132MB/s-132MB/s), io=106GiB (113GB), run=861461-861461msec
  WRITE: bw=123MiB/s (129MB/s), 123MiB/s-123MiB/s (129MB/s-129MB/s), io=103GiB (111GB), run=861461-861461msec

randrw_4k: (groupid=0, jobs=6): err= 0: pid=28486: Sat Aug 29 01:35:19 2026
  read: IOPS=1573, BW=127MiB/s (133MB/s)(114GiB/921461msec)
    slat (nsec): min=1151, max=629681, avg=14497.38, stdev=31082.63
    clat (usec): min=122, max=69709k, avg=44264.41, stdev=729892.12
     lat (usec): min=126, max=69709k, avg=44278.91, stdev=729892.81
    clat percentiles (usec):
     |  1.00th=[     486],  5.00th=[     515], 10.00th=[     537],
     | 20.00th=[     619], 30.00th=[    1106], 40.00th=[    2147],
     | 50.00th=[    3425], 60.00th=[    5342], 70.00th=[    9372],
     | 80.00th=[   27919], 90.00th=[  127402], 95.00th=[  233833],
     | 99.00th=[  425722], 99.50th=[  476054], 99.90th=[  658506],
     | 99.95th=[  809501], 99.99th=[17112761]
   bw (  KiB/s): min=  297, max=521832, per=100.00%, avg=140701.73, stdev=16680.19, samples=10206
   iops        : min=    0, max= 6528, avg=1704.06, stdev=93.95, samples=10206
  write: IOPS=743, BW=124MiB/s (130MB/s)(111GiB/921461msec); 0 zone resets
    slat (nsec): min=1429, max=586561, avg=33603.37, stdev=64001.37
    clat (usec): min=189, max=69273k, avg=121421.65, stdev=164438.36
     lat (usec): min=194, max=69273k, avg=121455.25, stdev=164444.13
    clat percentiles (usec):
     |  1.00th=[    229],  5.00th=[    285], 10.00th=[    359],
     | 20.00th=[    392], 30.00th=[   1029], 40.00th=[  16319],
     | 50.00th=[ 164627], 60.00th=[ 191890], 70.00th=[ 202376],
     | 80.00th=[ 221250], 90.00th=[ 240124], 95.00th=[ 252707],
     | 99.00th=[ 358613], 99.50th=[ 379585], 99.90th=[ 404751],
     | 99.95th=[ 417334], 99.99th=[2600469]
   bw (  KiB/s): min= 6837, max=482544, per=100.00%, avg=137538.91, stdev=14672.56, samples=10196
   iops        : min=  172, max= 2826, avg=806.39, stdev=40.95, samples=10196
  lat (usec)   : 250=1.11%, 500=8.75%, 750=15.96%, 1000=3.29%
  lat (msec)   : 2=8.14%, 4=11.16%, 10=12.22%, 20=4.69%, 50=4.80%
  lat (msec)   : 100=3.73%, 250=21.19%, 500=4.68%, 750=0.22%, 1000=0.03%
  lat (msec)   : 2000=0.01%, >=2000=0.02%
  cpu          : usr=0.15%, sys=0.81%, ctx=1902938, majf=0, minf=88
  IO depths    : 1=0.1%, 2=0.1%, 4=0.1%, 8=0.1%, 16=10.5%, 32=89.5%, >=64=0.0%
     submit    : 0=0.0%, 4=100.0%, 8=0.0%, 16=0.0%, 32=0.0%, 64=0.0%, >=64=0.0%
     complete  : 0=0.0%, 4=100.0%, 8=0.0%, 16=0.0%, 32=0.0%, 64=0.0%, >=64=0.0%
     issued rwts: total=1449644,685431,0,0 short=0,0,0,0 dropped=0,0,0,0
     latency   : target=0, window=0, percentile=100.00%, depth=16

Run status group 0 (all jobs):
   READ: bw=127MiB/s (133MB/s), 127MiB/s-127MiB/s (133MB/s-133MB/s), io=114GiB (123GB), run=921461-921461msec
  WRITE: bw=124MiB/s (130MB/s), 124MiB/s-124MiB/s (130MB/s-130MB/s), io=111GiB (120GB), run=921461-921461msec

randrw_4k: (groupid=0, jobs=6): err= 0: pid=28486: Sat Aug 29 01:36:19 2026
  read: IOPS=1565, BW=128MiB/s (134MB/s)(123GiB/981461msec)
    slat (nsec): min=1151, max=629681, avg=14671.98, stdev=31364.24
    clat (usec): min=122, max=69709k, avg=42272.29, stdev=708935.87
     lat (usec): min=126, max=69709k, avg=42286.96, stdev=708936.54
    clat percentiles (usec):
     |  1.00th=[     486],  5.00th=[     515], 10.00th=[     545],
     | 20.00th=[     627], 30.00th=[    1156], 40.00th=[    2180],
     | 50.00th=[    3425], 60.00th=[    5276], 70.00th=[    8979],
     | 80.00th=[   25560], 90.00th=[  117965], 95.00th=[  225444],
     | 99.00th=[  421528], 99.50th=[  467665], 99.90th=[  650118],
     | 99.95th=[  792724], 99.99th=[17112761]
   bw (  KiB/s): min=  297, max=521832, per=100.00%, avg=141237.65, stdev=16401.26, samples=10926
   iops        : min=    0, max= 6528, avg=1687.42, stdev=92.85, samples=10926
  write: IOPS=741, BW=125MiB/s (131MB/s)(120GiB/981461msec); 0 zone resets
    slat (nsec): min=1399, max=586561, avg=34012.55, stdev=64412.03
    clat (usec): min=189, max=69273k, avg=126403.85, stdev=161271.25
     lat (usec): min=194, max=69273k, avg=126437.87, stdev=161277.06
    clat percentiles (usec):
     |  1.00th=[    229],  5.00th=[    302], 10.00th=[    363],
     | 20.00th=[    404], 30.00th=[   1500], 40.00th=[  80217],
     | 50.00th=[ 168821], 60.00th=[ 193987], 70.00th=[ 206570],
     | 80.00th=[ 223347], 90.00th=[ 242222], 95.00th=[ 254804],
     | 99.00th=[ 358613], 99.50th=[ 379585], 99.90th=[ 404751],
     | 99.95th=[ 417334], 99.99th=[2566915]
   bw (  KiB/s): min= 6837, max=482544, per=100.00%, avg=138076.70, stdev=14240.37, samples=10916
   iops        : min=  172, max= 2826, avg=799.93, stdev=40.07, samples=10916
  lat (usec)   : 250=1.04%, 500=8.28%, 750=15.56%, 1000=3.27%
  lat (msec)   : 2=8.18%, 4=11.44%, 10=12.53%, 20=4.72%, 50=4.81%
  lat (msec)   : 100=3.67%, 250=21.64%, 500=4.59%, 750=0.21%, 1000=0.03%
  lat (msec)   : 2000=0.01%, >=2000=0.01%
  cpu          : usr=0.16%, sys=0.81%, ctx=2010487, majf=0, minf=88
  IO depths    : 1=0.1%, 2=0.1%, 4=0.1%, 8=0.1%, 16=10.6%, 32=89.4%, >=64=0.0%
     submit    : 0=0.0%, 4=100.0%, 8=0.0%, 16=0.0%, 32=0.0%, 64=0.0%, >=64=0.0%
     complete  : 0=0.0%, 4=100.0%, 8=0.0%, 16=0.0%, 32=0.0%, 64=0.0%, >=64=0.0%
     issued rwts: total=1536812,728022,0,0 short=0,0,0,0 dropped=0,0,0,0
     latency   : target=0, window=0, percentile=100.00%, depth=16

Run status group 0 (all jobs):
   READ: bw=128MiB/s (134MB/s), 128MiB/s-128MiB/s (134MB/s-134MB/s), io=123GiB (132GB), run=981461-981461msec
  WRITE: bw=125MiB/s (131MB/s), 125MiB/s-125MiB/s (131MB/s-131MB/s), io=120GiB (129GB), run=981461-981461msec

randrw_4k: (groupid=0, jobs=6): err= 0: pid=28486: Sat Aug 29 01:37:19 2026
  read: IOPS=1560, BW=129MiB/s (135MB/s)(131GiB/1041462msec)
    slat (nsec): min=1151, max=629681, avg=14807.82, stdev=31582.92
    clat (usec): min=122, max=69709k, avg=40446.82, stdev=689405.19
     lat (usec): min=126, max=69709k, avg=40461.63, stdev=689405.84
    clat percentiles (usec):
     |  1.00th=[    486],  5.00th=[    519], 10.00th=[    545],
     | 20.00th=[    635], 30.00th=[   1188], 40.00th=[   2212],
     | 50.00th=[   3425], 60.00th=[   5145], 70.00th=[   8586],
     | 80.00th=[  23987], 90.00th=[ 109577], 95.00th=[ 217056],
     | 99.00th=[ 417334], 99.50th=[ 463471], 99.90th=[ 641729],
     | 99.95th=[ 775947], 99.99th=[3036677]
   bw (  KiB/s): min=  297, max=521832, per=100.00%, avg=141642.20, stdev=16130.14, samples=11646
   iops        : min=    0, max= 6528, avg=1674.16, stdev=91.79, samples=11646
  write: IOPS=740, BW=126MiB/s (132MB/s)(128GiB/1041462msec); 0 zone resets
    slat (nsec): min=1399, max=586561, avg=34372.77, stdev=64778.64
    clat (usec): min=189, max=69273k, avg=130852.58, stdev=158311.84
     lat (usec): min=194, max=69273k, avg=130886.95, stdev=158317.69
    clat percentiles (usec):
     |  1.00th=[    229],  5.00th=[    326], 10.00th=[    363],
     | 20.00th=[    420], 30.00th=[   1876], 40.00th=[ 111674],
     | 50.00th=[ 168821], 60.00th=[ 196084], 70.00th=[ 210764],
     | 80.00th=[ 223347], 90.00th=[ 242222], 95.00th=[ 254804],
     | 99.00th=[ 358613], 99.50th=[ 379585], 99.90th=[ 404751],
     | 99.95th=[ 417334], 99.99th=[2566915]
   bw (  KiB/s): min= 6837, max=482544, per=100.00%, avg=138544.16, stdev=13864.83, samples=11636
   iops        : min=  172, max= 2826, avg=794.40, stdev=39.27, samples=11636
  lat (usec)   : 250=0.99%, 500=7.86%, 750=15.21%, 1000=3.26%
  lat (msec)   : 2=8.24%, 4=11.70%, 10=12.77%, 20=4.72%, 50=4.86%
  lat (msec)   : 100=3.62%, 250=22.00%, 500=4.52%, 750=0.20%, 1000=0.02%
  lat (msec)   : 2000=0.01%, >=2000=0.01%
  cpu          : usr=0.16%, sys=0.82%, ctx=2120141, majf=0, minf=88
  IO depths    : 1=0.1%, 2=0.1%, 4=0.1%, 8=0.1%, 16=10.7%, 32=89.3%, >=64=0.0%
     submit    : 0=0.0%, 4=100.0%, 8=0.0%, 16=0.0%, 32=0.0%, 64=0.0%, >=64=0.0%
     complete  : 0=0.0%, 4=100.0%, 8=0.0%, 16=0.0%, 32=0.0%, 64=0.0%, >=64=0.0%
     issued rwts: total=1625375,770702,0,0 short=0,0,0,0 dropped=0,0,0,0
     latency   : target=0, window=0, percentile=100.00%, depth=16

Run status group 0 (all jobs):
   READ: bw=129MiB/s (135MB/s), 129MiB/s-129MiB/s (135MB/s-135MB/s), io=131GiB (141GB), run=1041462-1041462msec
  WRITE: bw=126MiB/s (132MB/s), 126MiB/s-126MiB/s (132MB/s-132MB/s), io=128GiB (138GB), run=1041462-1041462msec

randrw_4k: (groupid=0, jobs=6): err= 0: pid=28486: Sat Aug 29 01:38:19 2026
  read: IOPS=1557, BW=130MiB/s (136MB/s)(140GiB/1101461msec)
    slat (nsec): min=1151, max=629681, avg=14931.92, stdev=31782.18
    clat (usec): min=122, max=69709k, avg=38823.97, stdev=671184.99
     lat (usec): min=126, max=69709k, avg=38838.90, stdev=671185.63
    clat percentiles (usec):
     |  1.00th=[    490],  5.00th=[    519], 10.00th=[    545],
     | 20.00th=[    652], 30.00th=[   1254], 40.00th=[   2245],
     | 50.00th=[   3425], 60.00th=[   5145], 70.00th=[   8455],
     | 80.00th=[  22414], 90.00th=[ 101188], 95.00th=[ 208667],
     | 99.00th=[ 413139], 99.50th=[ 459277], 99.90th=[ 633340],
     | 99.95th=[ 767558], 99.99th=[2768241]
   bw (  KiB/s): min=  297, max=521832, per=100.00%, avg=141974.48, stdev=15921.79, samples=12366
   iops        : min=    0, max= 6528, avg=1663.82, stdev=90.69, samples=12366
  write: IOPS=738, BW=127MiB/s (133MB/s)(136GiB/1101461msec); 0 zone resets
    slat (nsec): min=1399, max=586561, avg=34709.97, stdev=65161.21
    clat (usec): min=189, max=69273k, avg=134666.84, stdev=155409.07
     lat (usec): min=194, max=69273k, avg=134701.55, stdev=155414.94
    clat percentiles (usec):
     |  1.00th=[    231],  5.00th=[    338], 10.00th=[    363],
     | 20.00th=[    445], 30.00th=[   2343], 40.00th=[ 131597],
     | 50.00th=[ 175113], 60.00th=[ 196084], 70.00th=[ 210764],
     | 80.00th=[ 223347], 90.00th=[ 242222], 95.00th=[ 256902],
     | 99.00th=[ 362808], 99.50th=[ 379585], 99.90th=[ 404751],
     | 99.95th=[ 417334], 99.99th=[2566915]
   bw (  KiB/s): min= 6837, max=482544, per=100.00%, avg=138961.46, stdev=13533.96, samples=12356
   iops        : min=  172, max= 2826, avg=790.05, stdev=38.53, samples=12356
  lat (usec)   : 250=0.94%, 500=7.47%, 750=14.81%, 1000=3.25%
  lat (msec)   : 2=8.29%, 4=11.92%, 10=13.02%, 20=4.77%, 50=4.91%
  lat (msec)   : 100=3.58%, 250=22.34%, 500=4.46%, 750=0.19%, 1000=0.02%
  lat (msec)   : 2000=0.01%, >=2000=0.01%
  cpu          : usr=0.16%, sys=0.82%, ctx=2230600, majf=0, minf=88
  IO depths    : 1=0.1%, 2=0.1%, 4=0.1%, 8=0.1%, 16=10.8%, 32=89.2%, >=64=0.0%
     submit    : 0=0.0%, 4=100.0%, 8=0.0%, 16=0.0%, 32=0.0%, 64=0.0%, >=64=0.0%
     complete  : 0=0.0%, 4=100.0%, 8=0.0%, 16=0.0%, 32=0.0%, 64=0.0%, >=64=0.0%
     issued rwts: total=1715052,813852,0,0 short=0,0,0,0 dropped=0,0,0,0
     latency   : target=0, window=0, percentile=100.00%, depth=16

Run status group 0 (all jobs):
   READ: bw=130MiB/s (136MB/s), 130MiB/s-130MiB/s (136MB/s-136MB/s), io=140GiB (150GB), run=1101461-1101461msec
  WRITE: bw=127MiB/s (133MB/s), 127MiB/s-127MiB/s (133MB/s-133MB/s), io=136GiB (147GB), run=1101461-1101461msec

randrw_4k: (groupid=0, jobs=6): err= 0: pid=28486: Sat Aug 29 01:39:19 2026
  read: IOPS=1552, BW=131MiB/s (137MB/s)(148GiB/1161462msec)
    slat (nsec): min=1151, max=629681, avg=15052.04, stdev=31970.60
    clat (usec): min=115, max=69709k, avg=37355.61, stdev=654626.64
     lat (usec): min=120, max=69709k, avg=37370.66, stdev=654627.26
    clat percentiles (usec):
     |  1.00th=[    490],  5.00th=[    519], 10.00th=[    545],
     | 20.00th=[    660], 30.00th=[   1287], 40.00th=[   2278],
     | 50.00th=[   3425], 60.00th=[   5080], 70.00th=[   8225],
     | 80.00th=[  21365], 90.00th=[  93848], 95.00th=[ 202376],
     | 99.00th=[ 408945], 99.50th=[ 455082], 99.90th=[ 624952],
     | 99.95th=[ 750781], 99.99th=[2701132]
   bw (  KiB/s): min=  297, max=521832, per=100.00%, avg=142294.35, stdev=15699.26, samples=13086
   iops        : min=    0, max= 6528, avg=1652.94, stdev=89.48, samples=13086
  write: IOPS=737, BW=128MiB/s (134MB/s)(145GiB/1161462msec); 0 zone resets
    slat (nsec): min=1399, max=586561, avg=35007.06, stdev=65455.36
    clat (usec): min=189, max=69273k, avg=138272.90, stdev=152727.78
     lat (usec): min=194, max=69273k, avg=138307.90, stdev=152733.66
    clat percentiles (usec):
     |  1.00th=[    231],  5.00th=[    343], 10.00th=[    367],
     | 20.00th=[    486], 30.00th=[   3785], 40.00th=[ 143655],
     | 50.00th=[ 183501], 60.00th=[ 196084], 70.00th=[ 212861],
     | 80.00th=[ 225444], 90.00th=[ 244319], 95.00th=[ 258999],
     | 99.00th=[ 362808], 99.50th=[ 379585], 99.90th=[ 404751],
     | 99.95th=[ 417334], 99.99th=[2566915]
   bw (  KiB/s): min= 6837, max=482544, per=100.00%, avg=139332.62, stdev=13201.81, samples=13076
   iops        : min=  172, max= 2826, avg=785.68, stdev=37.75, samples=13076
  lat (usec)   : 250=0.89%, 500=7.13%, 750=14.53%, 1000=3.24%
  lat (msec)   : 2=8.32%, 4=12.13%, 10=13.23%, 20=4.79%, 50=4.95%
  lat (msec)   : 100=3.52%, 250=22.64%, 500=4.41%, 750=0.18%, 1000=0.02%
  lat (msec)   : 2000=0.01%, >=2000=0.01%
  cpu          : usr=0.16%, sys=0.83%, ctx=2338991, majf=0, minf=88
  IO depths    : 1=0.1%, 2=0.1%, 4=0.1%, 8=0.1%, 16=10.9%, 32=89.1%, >=64=0.0%
     submit    : 0=0.0%, 4=100.0%, 8=0.0%, 16=0.0%, 32=0.0%, 64=0.0%, >=64=0.0%
     complete  : 0=0.0%, 4=100.0%, 8=0.0%, 16=0.0%, 32=0.0%, 64=0.0%, >=64=0.0%
     issued rwts: total=1803181,856455,0,0 short=0,0,0,0 dropped=0,0,0,0
     latency   : target=0, window=0, percentile=100.00%, depth=16

Run status group 0 (all jobs):
   READ: bw=131MiB/s (137MB/s), 131MiB/s-131MiB/s (137MB/s-137MB/s), io=148GiB (159GB), run=1161462-1161462msec
  WRITE: bw=128MiB/s (134MB/s), 128MiB/s-128MiB/s (134MB/s-134MB/s), io=145GiB (156GB), run=1161462-1161462msec

randrw_4k: (groupid=0, jobs=6): err= 0: pid=28486: Sat Aug 29 01:40:19 2026
  read: IOPS=1547, BW=131MiB/s (137MB/s)(156GiB/1221461msec)
    slat (nsec): min=1151, max=629681, avg=15147.12, stdev=32115.07
    clat (usec): min=115, max=69709k, avg=36128.43, stdev=639327.81
     lat (usec): min=120, max=69709k, avg=36143.57, stdev=639328.41
    clat percentiles (usec):
     |  1.00th=[    490],  5.00th=[    519], 10.00th=[    545],
     | 20.00th=[    676], 30.00th=[   1319], 40.00th=[   2311],
     | 50.00th=[   3425], 60.00th=[   5080], 70.00th=[   8094],
     | 80.00th=[  20579], 90.00th=[  87557], 95.00th=[ 198181],
     | 99.00th=[ 404751], 99.50th=[ 450888], 99.90th=[ 616563],
     | 99.95th=[ 742392], 99.99th=[2566915]
   bw (  KiB/s): min=  297, max=525928, per=100.00%, avg=142471.93, stdev=15571.77, samples=13806
   iops        : min=    0, max= 6532, avg=1642.81, stdev=88.65, samples=13806
  write: IOPS=735, BW=128MiB/s (135MB/s)(153GiB/1221461msec); 0 zone resets
    slat (nsec): min=1399, max=586561, avg=35273.53, stdev=65708.04
    clat (usec): min=189, max=69273k, avg=141370.64, stdev=150201.49
     lat (usec): min=194, max=69273k, avg=141405.91, stdev=150207.37
    clat percentiles (usec):
     |  1.00th=[    231],  5.00th=[    347], 10.00th=[    367],
     | 20.00th=[    553], 30.00th=[   9503], 40.00th=[ 156238],
     | 50.00th=[ 185598], 60.00th=[ 196084], 70.00th=[ 212861],
     | 80.00th=[ 225444], 90.00th=[ 244319], 95.00th=[ 261096],
     | 99.00th=[ 362808], 99.50th=[ 379585], 99.90th=[ 404751],
     | 99.95th=[ 417334], 99.99th=[2533360]
   bw (  KiB/s): min= 6837, max=482544, per=100.00%, avg=139654.16, stdev=12904.76, samples=13796
   iops        : min=  172, max= 2826, avg=781.49, stdev=37.10, samples=13796
  lat (usec)   : 250=0.85%, 500=6.82%, 750=14.24%, 1000=3.23%
  lat (msec)   : 2=8.34%, 4=12.26%, 10=13.44%, 20=4.81%, 50=4.99%
  lat (msec)   : 100=3.54%, 250=22.92%, 500=4.36%, 750=0.17%, 1000=0.02%
  lat (msec)   : 2000=0.01%, >=2000=0.01%
  cpu          : usr=0.16%, sys=0.83%, ctx=2447842, majf=0, minf=88
  IO depths    : 1=0.1%, 2=0.1%, 4=0.1%, 8=0.1%, 16=11.0%, 32=89.0%, >=64=0.0%
     submit    : 0=0.0%, 4=100.0%, 8=0.0%, 16=0.0%, 32=0.0%, 64=0.0%, >=64=0.0%
     complete  : 0=0.0%, 4=100.0%, 8=0.0%, 16=0.0%, 32=0.0%, 64=0.0%, >=64=0.0%
     issued rwts: total=1890743,898831,0,0 short=0,0,0,0 dropped=0,0,0,0
     latency   : target=0, window=0, percentile=100.00%, depth=16

Run status group 0 (all jobs):
   READ: bw=131MiB/s (137MB/s), 131MiB/s-131MiB/s (137MB/s-137MB/s), io=156GiB (168GB), run=1221461-1221461msec
  WRITE: bw=128MiB/s (135MB/s), 128MiB/s-128MiB/s (135MB/s-135MB/s), io=153GiB (164GB), run=1221461-1221461msec

randrw_4k: (groupid=0, jobs=6): err= 0: pid=28486: Sat Aug 29 01:41:19 2026
  read: IOPS=1543, BW=132MiB/s (138MB/s)(165GiB/1281461msec)
    slat (nsec): min=1151, max=629681, avg=15263.21, stdev=32302.54
    clat (usec): min=115, max=69709k, avg=34969.10, stdev=625031.92
     lat (usec): min=120, max=69709k, avg=34984.36, stdev=625032.51
    clat percentiles (usec):
     |  1.00th=[    490],  5.00th=[    523], 10.00th=[    553],
     | 20.00th=[    685], 30.00th=[   1352], 40.00th=[   2311],
     | 50.00th=[   3458], 60.00th=[   5080], 70.00th=[   7963],
     | 80.00th=[  19792], 90.00th=[  82314], 95.00th=[ 191890],
     | 99.00th=[ 400557], 99.50th=[ 450888], 99.90th=[ 608175],
     | 99.95th=[ 734004], 99.99th=[2533360]
   bw (  KiB/s): min=  297, max=525928, per=100.00%, avg=142978.42, stdev=15401.93, samples=14526
   iops        : min=    0, max= 6532, avg=1633.92, stdev=87.81, samples=14526
  write: IOPS=734, BW=129MiB/s (135MB/s)(161GiB/1281461msec); 0 zone resets
    slat (nsec): min=1399, max=586561, avg=35534.12, stdev=65989.65
    clat (usec): min=189, max=69273k, avg=144256.03, stdev=147788.48
     lat (usec): min=194, max=69273k, avg=144291.56, stdev=147794.36
    clat percentiles (usec):
     |  1.00th=[    231],  5.00th=[    351], 10.00th=[    367],
     | 20.00th=[    652], 30.00th=[  34341], 40.00th=[ 164627],
     | 50.00th=[ 187696], 60.00th=[ 196084], 70.00th=[ 214959],
     | 80.00th=[ 225444], 90.00th=[ 244319], 95.00th=[ 263193],
     | 99.00th=[ 362808], 99.50th=[ 383779], 99.90th=[ 404751],
     | 99.95th=[ 417334], 99.99th=[2499806]
   bw (  KiB/s): min= 6837, max=482544, per=100.00%, avg=139956.01, stdev=12632.40, samples=14516
   iops        : min=  172, max= 2826, avg=777.85, stdev=36.47, samples=14516
  lat (usec)   : 250=0.81%, 500=6.54%, 750=13.96%, 1000=3.22%
  lat (msec)   : 2=8.37%, 4=12.41%, 10=13.61%, 20=4.82%, 50=5.04%
  lat (msec)   : 100=3.52%, 250=23.19%, 500=4.31%, 750=0.16%, 1000=0.02%
  lat (msec)   : 2000=0.01%, >=2000=0.01%
  cpu          : usr=0.16%, sys=0.83%, ctx=2557001, majf=0, minf=88
  IO depths    : 1=0.1%, 2=0.1%, 4=0.1%, 8=0.1%, 16=11.1%, 32=88.9%, >=64=0.0%
     submit    : 0=0.0%, 4=100.0%, 8=0.0%, 16=0.0%, 32=0.0%, 64=0.0%, >=64=0.0%
     complete  : 0=0.0%, 4=100.0%, 8=0.0%, 16=0.0%, 32=0.0%, 64=0.0%, >=64=0.0%
     issued rwts: total=1978449,941335,0,0 short=0,0,0,0 dropped=0,0,0,0
     latency   : target=0, window=0, percentile=100.00%, depth=16

Run status group 0 (all jobs):
   READ: bw=132MiB/s (138MB/s), 132MiB/s-132MiB/s (138MB/s-138MB/s), io=165GiB (177GB), run=1281461-1281461msec
  WRITE: bw=129MiB/s (135MB/s), 129MiB/s-129MiB/s (135MB/s-135MB/s), io=161GiB (173GB), run=1281461-1281461msec

randrw_4k: (groupid=0, jobs=6): err= 0: pid=28486: Sat Aug 29 01:42:19 2026
  read: IOPS=1541, BW=133MiB/s (139MB/s)(174GiB/1341461msec)
    slat (nsec): min=1151, max=629681, avg=15350.11, stdev=32434.65
    clat (usec): min=115, max=69709k, avg=33850.43, stdev=611483.87
     lat (usec): min=120, max=69709k, avg=33865.78, stdev=611484.45
    clat percentiles (usec):
     |  1.00th=[    490],  5.00th=[    523], 10.00th=[    553],
     | 20.00th=[    701], 30.00th=[   1385], 40.00th=[   2343],
     | 50.00th=[   3458], 60.00th=[   5014], 70.00th=[   7832],
     | 80.00th=[  19006], 90.00th=[  76022], 95.00th=[ 185598],
     | 99.00th=[ 396362], 99.50th=[ 446694], 99.90th=[ 599786],
     | 99.95th=[ 717226], 99.99th=[2466251]
   bw (  KiB/s): min=  297, max=525928, per=100.00%, avg=143326.16, stdev=15223.57, samples=15246
   iops        : min=    0, max= 6532, avg=1626.68, stdev=86.83, samples=15246
  write: IOPS=733, BW=130MiB/s (136MB/s)(170GiB/1341461msec); 0 zone resets
    slat (nsec): min=1399, max=586561, avg=35750.24, stdev=66182.98
    clat (usec): min=189, max=69273k, avg=146992.83, stdev=145554.44
     lat (usec): min=194, max=69273k, avg=147028.58, stdev=145560.30
    clat percentiles (usec):
     |  1.00th=[    233],  5.00th=[    351], 10.00th=[    371],
     | 20.00th=[    783], 30.00th=[  79168], 40.00th=[ 166724],
     | 50.00th=[ 189793], 60.00th=[ 198181], 70.00th=[ 214959],
     | 80.00th=[ 225444], 90.00th=[ 244319], 95.00th=[ 263193],
     | 99.00th=[ 362808], 99.50th=[ 383779], 99.90th=[ 408945],
     | 99.95th=[ 417334], 99.99th=[2399142]
   bw (  KiB/s): min= 6837, max=482544, per=100.00%, avg=140226.62, stdev=12386.72, samples=15236
   iops        : min=  172, max= 2826, avg=774.45, stdev=35.90, samples=15236
  lat (usec)   : 250=0.78%, 500=6.27%, 750=13.75%, 1000=3.21%
  lat (msec)   : 2=8.38%, 4=12.54%, 10=13.80%, 20=4.85%, 50=5.09%
  lat (msec)   : 100=3.46%, 250=23.40%, 500=4.27%, 750=0.15%, 1000=0.02%
  lat (msec)   : 2000=0.01%, >=2000=0.01%
  cpu          : usr=0.16%, sys=0.84%, ctx=2666450, majf=0, minf=88
  IO depths    : 1=0.1%, 2=0.1%, 4=0.1%, 8=0.1%, 16=11.2%, 32=88.8%, >=64=0.0%
     submit    : 0=0.0%, 4=100.0%, 8=0.0%, 16=0.0%, 32=0.0%, 64=0.0%, >=64=0.0%
     complete  : 0=0.0%, 4=100.0%, 8=0.0%, 16=0.0%, 32=0.0%, 64=0.0%, >=64=0.0%
     issued rwts: total=2067317,983682,0,0 short=0,0,0,0 dropped=0,0,0,0
     latency   : target=0, window=0, percentile=100.00%, depth=16

Run status group 0 (all jobs):
   READ: bw=133MiB/s (139MB/s), 133MiB/s-133MiB/s (139MB/s-139MB/s), io=174GiB (187GB), run=1341461-1341461msec
  WRITE: bw=130MiB/s (136MB/s), 130MiB/s-130MiB/s (136MB/s-136MB/s), io=170GiB (182GB), run=1341461-1341461msec

randrw_4k: (groupid=0, jobs=6): err= 0: pid=28486: Sat Aug 29 01:43:19 2026
  read: IOPS=1538, BW=133MiB/s (140MB/s)(182GiB/1401461msec)
    slat (nsec): min=1151, max=629681, avg=15446.63, stdev=32583.32
    clat (usec): min=115, max=69709k, avg=32789.56, stdev=598817.35
     lat (usec): min=120, max=69709k, avg=32805.01, stdev=598817.91
    clat percentiles (usec):
     |  1.00th=[    490],  5.00th=[    523], 10.00th=[    553],
     | 20.00th=[    709], 30.00th=[   1401], 40.00th=[   2343],
     | 50.00th=[   3458], 60.00th=[   5014], 70.00th=[   7701],
     | 80.00th=[  18220], 90.00th=[  71828], 95.00th=[ 181404],
     | 99.00th=[ 392168], 99.50th=[ 442500], 99.90th=[ 599786],
     | 99.95th=[ 708838], 99.99th=[2399142]
   bw (  KiB/s): min=  297, max=525928, per=100.00%, avg=143708.11, stdev=15098.35, samples=15966
   iops        : min=    0, max= 6532, avg=1619.97, stdev=85.87, samples=15966
  write: IOPS=732, BW=130MiB/s (137MB/s)(178GiB/1401461msec); 0 zone resets
    slat (nsec): min=1399, max=586561, avg=35973.99, stdev=66425.46
    clat (usec): min=189, max=69273k, avg=149559.81, stdev=143419.52
     lat (usec): min=194, max=69273k, avg=149595.78, stdev=143425.38
    clat percentiles (usec):
     |  1.00th=[   233],  5.00th=[   351], 10.00th=[   371], 20.00th=[  1012],
     | 30.00th=[ 93848], 40.00th=[166724], 50.00th=[191890], 60.00th=[198181],
     | 70.00th=[214959], 80.00th=[225444], 90.00th=[244319], 95.00th=[265290],
     | 99.00th=[362808], 99.50th=[383779], 99.90th=[408945], 99.95th=[417334],
     | 99.99th=[641729]
   bw (  KiB/s): min= 6837, max=482544, per=100.00%, avg=140476.48, stdev=12143.04, samples=15956
   iops        : min=  172, max= 2826, avg=771.51, stdev=35.32, samples=15956
  lat (usec)   : 250=0.74%, 500=6.05%, 750=13.60%, 1000=3.20%
  lat (msec)   : 2=8.41%, 4=12.69%, 10=13.93%, 20=4.88%, 50=5.08%
  lat (msec)   : 100=3.39%, 250=23.61%, 500=4.24%, 750=0.15%, 1000=0.02%
  lat (msec)   : 2000=0.01%, >=2000=0.01%
  cpu          : usr=0.17%, sys=0.84%, ctx=2774587, majf=0, minf=88
  IO depths    : 1=0.1%, 2=0.1%, 4=0.1%, 8=0.1%, 16=11.3%, 32=88.7%, >=64=0.0%
     submit    : 0=0.0%, 4=100.0%, 8=0.0%, 16=0.0%, 32=0.0%, 64=0.0%, >=64=0.0%
     complete  : 0=0.0%, 4=100.0%, 8=0.0%, 16=0.0%, 32=0.0%, 64=0.0%, >=64=0.0%
     issued rwts: total=2155936,1026201,0,0 short=0,0,0,0 dropped=0,0,0,0
     latency   : target=0, window=0, percentile=100.00%, depth=16

Run status group 0 (all jobs):
   READ: bw=133MiB/s (140MB/s), 133MiB/s-133MiB/s (140MB/s-140MB/s), io=182GiB (196GB), run=1401461-1401461msec
  WRITE: bw=130MiB/s (137MB/s), 130MiB/s-130MiB/s (137MB/s-137MB/s), io=178GiB (191GB), run=1401461-1401461msec

randrw_4k: (groupid=0, jobs=6): err= 0: pid=28486: Sat Aug 29 01:44:19 2026
  read: IOPS=1535, BW=134MiB/s (140MB/s)(191GiB/1461462msec)
    slat (nsec): min=1151, max=629681, avg=15523.08, stdev=32708.21
    clat (usec): min=115, max=69709k, avg=31835.68, stdev=587059.98
     lat (usec): min=120, max=69709k, avg=31851.20, stdev=587060.53
    clat percentiles (usec):
     |  1.00th=[    490],  5.00th=[    523], 10.00th=[    553],
     | 20.00th=[    717], 30.00th=[   1418], 40.00th=[   2343],
     | 50.00th=[   3425], 60.00th=[   4948], 70.00th=[   7570],
     | 80.00th=[  17695], 90.00th=[  66847], 95.00th=[ 175113],
     | 99.00th=[ 387974], 99.50th=[ 442500], 99.90th=[ 591397],
     | 99.95th=[ 700449], 99.99th=[2298479]
   bw (  KiB/s): min=  297, max=525928, per=100.00%, avg=143765.23, stdev=14952.18, samples=16686
   iops        : min=    0, max= 6532, avg=1612.97, stdev=85.07, samples=16686
  write: IOPS=731, BW=131MiB/s (137MB/s)(186GiB/1461462msec); 0 zone resets
    slat (nsec): min=1399, max=673861, avg=36177.52, stdev=66635.22
    clat (usec): min=189, max=69273k, avg=151926.34, stdev=141366.29
     lat (usec): min=194, max=69273k, avg=151962.52, stdev=141372.15
    clat percentiles (usec):
     |  1.00th=[   233],  5.00th=[   355], 10.00th=[   375], 20.00th=[  1336],
     | 30.00th=[111674], 40.00th=[168821], 50.00th=[191890], 60.00th=[198181],
     | 70.00th=[217056], 80.00th=[225444], 90.00th=[244319], 95.00th=[265290],
     | 99.00th=[367002], 99.50th=[383779], 99.90th=[408945], 99.95th=[417334],
     | 99.99th=[583009]
   bw (  KiB/s): min= 6837, max=482544, per=100.00%, avg=140697.52, stdev=11914.43, samples=16676
   iops        : min=  172, max= 2826, avg=768.67, stdev=34.76, samples=16676
  lat (usec)   : 250=0.71%, 500=5.84%, 750=13.45%, 1000=3.20%
  lat (msec)   : 2=8.43%, 4=12.82%, 10=14.05%, 20=4.90%, 50=5.09%
  lat (msec)   : 100=3.33%, 250=23.81%, 500=4.21%, 750=0.14%, 1000=0.02%
  lat (msec)   : 2000=0.01%, >=2000=0.01%
  cpu          : usr=0.17%, sys=0.84%, ctx=2881994, majf=0, minf=88
  IO depths    : 1=0.1%, 2=0.1%, 4=0.1%, 8=0.1%, 16=11.3%, 32=88.7%, >=64=0.0%
     submit    : 0=0.0%, 4=100.0%, 8=0.0%, 16=0.0%, 32=0.0%, 64=0.0%, >=64=0.0%
     complete  : 0=0.0%, 4=100.0%, 8=0.0%, 16=0.0%, 32=0.0%, 64=0.0%, >=64=0.0%
     issued rwts: total=2243365,1068575,0,0 short=0,0,0,0 dropped=0,0,0,0
     latency   : target=0, window=0, percentile=100.00%, depth=16

Run status group 0 (all jobs):
   READ: bw=134MiB/s (140MB/s), 134MiB/s-134MiB/s (140MB/s-140MB/s), io=191GiB (205GB), run=1461462-1461462msec
  WRITE: bw=131MiB/s (137MB/s), 131MiB/s-131MiB/s (137MB/s-137MB/s), io=186GiB (200GB), run=1461462-1461462msec

randrw_4k: (groupid=0, jobs=6): err= 0: pid=28486: Sat Aug 29 01:45:19 2026
  read: IOPS=1532, BW=134MiB/s (141MB/s)(199GiB/1521461msec)
    slat (nsec): min=1151, max=629681, avg=15591.98, stdev=32812.32
    clat (usec): min=115, max=69709k, avg=30959.94, stdev=575849.99
     lat (usec): min=120, max=69709k, avg=30975.54, stdev=575850.53
    clat percentiles (usec):
     |  1.00th=[    490],  5.00th=[    523], 10.00th=[    553],
     | 20.00th=[    725], 30.00th=[   1434], 40.00th=[   2376],
     | 50.00th=[   3425], 60.00th=[   4948], 70.00th=[   7504],
     | 80.00th=[  17171], 90.00th=[  63177], 95.00th=[ 168821],
     | 99.00th=[ 383779], 99.50th=[ 438305], 99.90th=[ 591397],
     | 99.95th=[ 692061], 99.99th=[2197816]
   bw (  KiB/s): min=  297, max=525928, per=100.00%, avg=143995.10, stdev=14827.22, samples=17406
   iops        : min=    0, max= 6532, avg=1607.13, stdev=84.24, samples=17406
  write: IOPS=730, BW=131MiB/s (137MB/s)(195GiB/1521461msec); 0 zone resets
    slat (nsec): min=1399, max=673861, avg=36360.52, stdev=66828.58
    clat (usec): min=189, max=69273k, avg=154061.86, stdev=139430.27
     lat (usec): min=194, max=69273k, avg=154098.22, stdev=139436.12
    clat percentiles (usec):
     |  1.00th=[   235],  5.00th=[   355], 10.00th=[   375], 20.00th=[  1631],
     | 30.00th=[122160], 40.00th=[168821], 50.00th=[193987], 60.00th=[200279],
     | 70.00th=[217056], 80.00th=[225444], 90.00th=[244319], 95.00th=[267387],
     | 99.00th=[367002], 99.50th=[383779], 99.90th=[408945], 99.95th=[417334],
     | 99.99th=[541066]
   bw (  KiB/s): min= 6837, max=482544, per=100.00%, avg=140909.30, stdev=11715.89, samples=17396
   iops        : min=  172, max= 2826, avg=766.22, stdev=34.27, samples=17396
  lat (usec)   : 250=0.69%, 500=5.64%, 750=13.29%, 1000=3.18%
  lat (msec)   : 2=8.43%, 4=12.93%, 10=14.19%, 20=4.93%, 50=5.10%
  lat (msec)   : 100=3.30%, 250=23.98%, 500=4.18%, 750=0.14%, 1000=0.02%
  lat (msec)   : 2000=0.01%, >=2000=0.01%
  cpu          : usr=0.17%, sys=0.84%, ctx=2991278, majf=0, minf=88
  IO depths    : 1=0.1%, 2=0.1%, 4=0.1%, 8=0.1%, 16=11.4%, 32=88.6%, >=64=0.0%
     submit    : 0=0.0%, 4=100.0%, 8=0.0%, 16=0.0%, 32=0.0%, 64=0.0%, >=64=0.0%
     complete  : 0=0.0%, 4=100.0%, 8=0.0%, 16=0.0%, 32=0.0%, 64=0.0%, >=64=0.0%
     issued rwts: total=2331789,1111058,0,0 short=0,0,0,0 dropped=0,0,0,0
     latency   : target=0, window=0, percentile=100.00%, depth=16

Run status group 0 (all jobs):
   READ: bw=134MiB/s (141MB/s), 134MiB/s-134MiB/s (141MB/s-141MB/s), io=199GiB (214GB), run=1521461-1521461msec
  WRITE: bw=131MiB/s (137MB/s), 131MiB/s-131MiB/s (137MB/s-137MB/s), io=195GiB (209GB), run=1521461-1521461msec

randrw_4k: (groupid=0, jobs=6): err= 0: pid=28486: Sat Aug 29 01:46:19 2026
  read: IOPS=1529, BW=134MiB/s (141MB/s)(208GiB/1581461msec)
    slat (nsec): min=1151, max=629681, avg=15643.34, stdev=32882.82
    clat (usec): min=115, max=69709k, avg=30174.52, stdev=565363.83
     lat (usec): min=120, max=69709k, avg=30190.16, stdev=565364.36
    clat percentiles (usec):
     |  1.00th=[    490],  5.00th=[    523], 10.00th=[    553],
     | 20.00th=[    734], 30.00th=[   1450], 40.00th=[   2376],
     | 50.00th=[   3425], 60.00th=[   4883], 70.00th=[   7373],
     | 80.00th=[  16581], 90.00th=[  60556], 95.00th=[ 164627],
     | 99.00th=[ 379585], 99.50th=[ 434111], 99.90th=[ 583009],
     | 99.95th=[ 683672], 99.99th=[1434452]
   bw (  KiB/s): min=  297, max=525928, per=100.00%, avg=144054.25, stdev=14711.13, samples=18126
   iops        : min=    0, max= 6532, avg=1601.28, stdev=83.65, samples=18126
  write: IOPS=729, BW=132MiB/s (138MB/s)(203GiB/1581461msec); 0 zone resets
    slat (nsec): min=1399, max=673861, avg=36515.52, stdev=66961.73
    clat (usec): min=189, max=69273k, avg=156052.62, stdev=137576.52
     lat (usec): min=194, max=69273k, avg=156089.14, stdev=137582.33
    clat percentiles (usec):
     |  1.00th=[   235],  5.00th=[   355], 10.00th=[   379], 20.00th=[  1860],
     | 30.00th=[131597], 40.00th=[168821], 50.00th=[193987], 60.00th=[202376],
     | 70.00th=[217056], 80.00th=[225444], 90.00th=[246416], 95.00th=[267387],
     | 99.00th=[367002], 99.50th=[383779], 99.90th=[408945], 99.95th=[417334],
     | 99.99th=[534774]
   bw (  KiB/s): min= 6837, max=482544, per=100.00%, avg=141093.54, stdev=11521.02, samples=18116
   iops        : min=  172, max= 2826, avg=763.64, stdev=33.80, samples=18116
  lat (usec)   : 250=0.66%, 500=5.45%, 750=13.16%, 1000=3.18%
  lat (msec)   : 2=8.46%, 4=13.03%, 10=14.32%, 20=4.91%, 50=5.08%
  lat (msec)   : 100=3.28%, 250=24.16%, 500=4.15%, 750=0.13%, 1000=0.02%
  lat (msec)   : 2000=0.01%, >=2000=0.01%
  cpu          : usr=0.17%, sys=0.84%, ctx=3099910, majf=0, minf=88
  IO depths    : 1=0.1%, 2=0.1%, 4=0.1%, 8=0.1%, 16=11.4%, 32=88.6%, >=64=0.0%
     submit    : 0=0.0%, 4=100.0%, 8=0.0%, 16=0.0%, 32=0.0%, 64=0.0%, >=64=0.0%
     complete  : 0=0.0%, 4=100.0%, 8=0.0%, 16=0.0%, 32=0.0%, 64=0.0%, >=64=0.0%
     issued rwts: total=2419317,1153213,0,0 short=0,0,0,0 dropped=0,0,0,0
     latency   : target=0, window=0, percentile=100.00%, depth=16

Run status group 0 (all jobs):
   READ: bw=134MiB/s (141MB/s), 134MiB/s-134MiB/s (141MB/s-141MB/s), io=208GiB (223GB), run=1581461-1581461msec
  WRITE: bw=132MiB/s (138MB/s), 132MiB/s-132MiB/s (138MB/s-138MB/s), io=203GiB (218GB), run=1581461-1581461msec

randrw_4k: (groupid=0, jobs=6): err= 0: pid=28486: Sat Aug 29 01:47:19 2026
  read: IOPS=1528, BW=135MiB/s (141MB/s)(216GiB/1641461msec)
    slat (nsec): min=1151, max=629681, avg=15699.90, stdev=32976.28
    clat (usec): min=115, max=69709k, avg=29553.98, stdev=555214.80
     lat (usec): min=120, max=69709k, avg=29569.68, stdev=555215.33
    clat percentiles (usec):
     |  1.00th=[    490],  5.00th=[    529], 10.00th=[    562],
     | 20.00th=[    750], 30.00th=[   1483], 40.00th=[   2409],
     | 50.00th=[   3458], 60.00th=[   4948], 70.00th=[   7439],
     | 80.00th=[  16450], 90.00th=[  58459], 95.00th=[ 158335],
     | 99.00th=[ 375391], 99.50th=[ 434111], 99.90th=[ 583009],
     | 99.95th=[ 675283], 99.99th=[1283458]
   bw (  KiB/s): min=  297, max=525928, per=100.00%, avg=144225.06, stdev=14690.04, samples=18846
   iops        : min=    0, max= 6532, avg=1597.13, stdev=83.43, samples=18846
  write: IOPS=729, BW=132MiB/s (138MB/s)(211GiB/1641461msec); 0 zone resets
    slat (nsec): min=1384, max=673861, avg=36640.07, stdev=67086.09
    clat (usec): min=189, max=69273k, avg=157439.65, stdev=135893.57
     lat (usec): min=194, max=69273k, avg=157476.29, stdev=135899.35
    clat percentiles (usec):
     |  1.00th=[   235],  5.00th=[   355], 10.00th=[   379], 20.00th=[  2114],
     | 30.00th=[135267], 40.00th=[170918], 50.00th=[193987], 60.00th=[202376],
     | 70.00th=[217056], 80.00th=[227541], 90.00th=[246416], 95.00th=[270533],
     | 99.00th=[367002], 99.50th=[383779], 99.90th=[408945], 99.95th=[417334],
     | 99.99th=[530580]
   bw (  KiB/s): min= 6837, max=482544, per=100.00%, avg=141260.81, stdev=11354.50, samples=18836
   iops        : min=  172, max= 2826, avg=762.16, stdev=33.38, samples=18836
  lat (usec)   : 250=0.64%, 500=5.27%, 750=12.92%, 1000=3.16%
  lat (msec)   : 2=8.44%, 4=13.08%, 10=14.44%, 20=4.99%, 50=5.14%
  lat (msec)   : 100=3.37%, 250=24.23%, 500=4.15%, 750=0.13%, 1000=0.02%
  lat (msec)   : 2000=0.01%, >=2000=0.01%
  cpu          : usr=0.17%, sys=0.85%, ctx=3210688, majf=0, minf=88
  IO depths    : 1=0.1%, 2=0.1%, 4=0.1%, 8=0.1%, 16=11.5%, 32=88.5%, >=64=0.0%
     submit    : 0=0.0%, 4=100.0%, 8=0.0%, 16=0.0%, 32=0.0%, 64=0.0%, >=64=0.0%
     complete  : 0=0.0%, 4=100.0%, 8=0.0%, 16=0.0%, 32=0.0%, 64=0.0%, >=64=0.0%
     issued rwts: total=2508831,1196720,0,0 short=0,0,0,0 dropped=0,0,0,0
     latency   : target=0, window=0, percentile=100.00%, depth=16

Run status group 0 (all jobs):
   READ: bw=135MiB/s (141MB/s), 135MiB/s-135MiB/s (141MB/s-141MB/s), io=216GiB (232GB), run=1641461-1641461msec
  WRITE: bw=132MiB/s (138MB/s), 132MiB/s-132MiB/s (138MB/s-138MB/s), io=211GiB (227GB), run=1641461-1641461msec

randrw_4k: (groupid=0, jobs=6): err= 0: pid=28486: Sat Aug 29 01:48:19 2026
  read: IOPS=1527, BW=135MiB/s (142MB/s)(224GiB/1701461msec)
    slat (nsec): min=1151, max=629681, avg=15744.96, stdev=33060.97
    clat (usec): min=115, max=69709k, avg=29006.63, stdev=545589.76
     lat (usec): min=120, max=69709k, avg=29022.37, stdev=545590.28
    clat percentiles (usec):
     |  1.00th=[    490],  5.00th=[    529], 10.00th=[    562],
     | 20.00th=[    766], 30.00th=[   1516], 40.00th=[   2442],
     | 50.00th=[   3490], 60.00th=[   5014], 70.00th=[   7504],
     | 80.00th=[  16450], 90.00th=[  56886], 95.00th=[ 154141],
     | 99.00th=[ 371196], 99.50th=[ 429917], 99.90th=[ 583009],
     | 99.95th=[ 675283], 99.99th=[1166017]
   bw (  KiB/s): min=  297, max=525928, per=100.00%, avg=144256.10, stdev=14652.72, samples=19566
   iops        : min=    0, max= 6532, avg=1592.96, stdev=83.26, samples=19566
  write: IOPS=728, BW=132MiB/s (139MB/s)(220GiB/1701461msec); 0 zone resets
    slat (nsec): min=1384, max=673861, avg=36776.43, stdev=67254.95
    clat (usec): min=189, max=69273k, avg=158677.36, stdev=134309.35
     lat (usec): min=194, max=69273k, avg=158714.14, stdev=134315.11
    clat percentiles (usec):
     |  1.00th=[   235],  5.00th=[   359], 10.00th=[   383], 20.00th=[  2638],
     | 30.00th=[137364], 40.00th=[170918], 50.00th=[193987], 60.00th=[204473],
     | 70.00th=[217056], 80.00th=[227541], 90.00th=[246416], 95.00th=[270533],
     | 99.00th=[367002], 99.50th=[383779], 99.90th=[408945], 99.95th=[417334],
     | 99.99th=[526386]
   bw (  KiB/s): min= 6837, max=482544, per=100.00%, avg=141415.95, stdev=11201.12, samples=19556
   iops        : min=  172, max= 2826, avg=760.69, stdev=32.99, samples=19556
  lat (usec)   : 250=0.62%, 500=5.10%, 750=12.68%, 1000=3.14%
  lat (msec)   : 2=8.42%, 4=13.12%, 10=14.55%, 20=5.08%, 50=5.24%
  lat (msec)   : 100=3.45%, 250=24.29%, 500=4.16%, 750=0.12%, 1000=0.02%
  lat (msec)   : 2000=0.01%, >=2000=0.01%
  cpu          : usr=0.17%, sys=0.85%, ctx=3320770, majf=0, minf=88
  IO depths    : 1=0.1%, 2=0.1%, 4=0.1%, 8=0.1%, 16=11.5%, 32=88.5%, >=64=0.0%
     submit    : 0=0.0%, 4=100.0%, 8=0.0%, 16=0.0%, 32=0.0%, 64=0.0%, >=64=0.0%
     complete  : 0=0.0%, 4=100.0%, 8=0.0%, 16=0.0%, 32=0.0%, 64=0.0%, >=64=0.0%
     issued rwts: total=2598410,1240135,0,0 short=0,0,0,0 dropped=0,0,0,0
     latency   : target=0, window=0, percentile=100.00%, depth=16

Run status group 0 (all jobs):
   READ: bw=135MiB/s (142MB/s), 135MiB/s-135MiB/s (142MB/s-142MB/s), io=224GiB (241GB), run=1701461-1701461msec
  WRITE: bw=132MiB/s (139MB/s), 132MiB/s-132MiB/s (139MB/s-139MB/s), io=220GiB (236GB), run=1701461-1701461msec

randrw_4k: (groupid=0, jobs=6): err= 0: pid=28486: Sat Aug 29 01:49:19 2026
  read: IOPS=1528, BW=135MiB/s (142MB/s)(233GiB/1761461msec)
    slat (nsec): min=1151, max=629681, avg=15773.38, stdev=33118.96
    clat (usec): min=115, max=69709k, avg=28503.99, stdev=535963.50
     lat (usec): min=120, max=69709k, avg=28519.77, stdev=535964.03
    clat percentiles (usec):
     |  1.00th=[    490],  5.00th=[    529], 10.00th=[    562],
     | 20.00th=[    783], 30.00th=[   1565], 40.00th=[   2474],
     | 50.00th=[   3556], 60.00th=[   5080], 70.00th=[   7635],
     | 80.00th=[  16581], 90.00th=[  55313], 95.00th=[ 147850],
     | 99.00th=[ 367002], 99.50th=[ 429917], 99.90th=[ 574620],
     | 99.95th=[ 666895], 99.99th=[1098908]
   bw (  KiB/s): min=  297, max=525928, per=100.00%, avg=144414.52, stdev=14685.60, samples=20286
   iops        : min=    0, max= 6532, avg=1592.82, stdev=84.00, samples=20286
  write: IOPS=729, BW=133MiB/s (139MB/s)(228GiB/1761461msec); 0 zone resets
    slat (nsec): min=1384, max=673861, avg=36845.40, stdev=67342.25
    clat (usec): min=189, max=69273k, avg=159469.88, stdev=132818.56
     lat (usec): min=194, max=69273k, avg=159506.72, stdev=132824.31
    clat percentiles (usec):
     |  1.00th=[   235],  5.00th=[   359], 10.00th=[   383], 20.00th=[  3785],
     | 30.00th=[137364], 40.00th=[170918], 50.00th=[193987], 60.00th=[204473],
     | 70.00th=[219153], 80.00th=[227541], 90.00th=[246416], 95.00th=[274727],
     | 99.00th=[367002], 99.50th=[383779], 99.90th=[404751], 99.95th=[417334],
     | 99.99th=[522191]
   bw (  KiB/s): min= 6837, max=482544, per=100.00%, avg=141553.06, stdev=11049.10, samples=20276
   iops        : min=  172, max= 2826, avg=760.58, stdev=32.87, samples=20276
  lat (usec)   : 250=0.60%, 500=4.93%, 750=12.42%, 1000=3.11%
  lat (msec)   : 2=8.38%, 4=13.12%, 10=14.70%, 20=5.23%, 50=5.36%
  lat (msec)   : 100=3.56%, 250=24.30%, 500=4.15%, 750=0.12%, 1000=0.01%
  lat (msec)   : 2000=0.01%, >=2000=0.01%
  cpu          : usr=0.17%, sys=0.85%, ctx=3436479, majf=0, minf=88
  IO depths    : 1=0.1%, 2=0.1%, 4=0.1%, 8=0.1%, 16=11.5%, 32=88.5%, >=64=0.0%
     submit    : 0=0.0%, 4=100.0%, 8=0.0%, 16=0.0%, 32=0.0%, 64=0.0%, >=64=0.0%
     complete  : 0=0.0%, 4=100.0%, 8=0.0%, 16=0.0%, 32=0.0%, 64=0.0%, >=64=0.0%
     issued rwts: total=2692991,1285415,0,0 short=0,0,0,0 dropped=0,0,0,0
     latency   : target=0, window=0, percentile=100.00%, depth=16

Run status group 0 (all jobs):
   READ: bw=135MiB/s (142MB/s), 135MiB/s-135MiB/s (142MB/s-142MB/s), io=233GiB (250GB), run=1761461-1761461msec
  WRITE: bw=133MiB/s (139MB/s), 133MiB/s-133MiB/s (139MB/s-139MB/s), io=228GiB (245GB), run=1761461-1761461msec

randrw_4k: (groupid=0, jobs=6): err= 0: pid=28486: Sat Aug 29 01:50:19 2026
  read: IOPS=1530, BW=136MiB/s (142MB/s)(241GiB/1821460msec)
    slat (nsec): min=1151, max=629681, avg=15795.48, stdev=33157.15
    clat (usec): min=115, max=69709k, avg=28034.35, stdev=526725.99
     lat (usec): min=120, max=69709k, avg=28050.14, stdev=526726.52
    clat percentiles (usec):
     |  1.00th=[    494],  5.00th=[    529], 10.00th=[    562],
     | 20.00th=[    807], 30.00th=[   1598], 40.00th=[   2507],
     | 50.00th=[   3621], 60.00th=[   5145], 70.00th=[   7701],
     | 80.00th=[  16581], 90.00th=[  54264], 95.00th=[ 143655],
     | 99.00th=[ 362808], 99.50th=[ 425722], 99.90th=[ 574620],
     | 99.95th=[ 658506], 99.99th=[1069548]
   bw (  KiB/s): min=  297, max=525928, per=100.00%, avg=144588.64, stdev=14683.72, samples=21006
   iops        : min=    0, max= 6532, avg=1592.77, stdev=84.05, samples=21006
  write: IOPS=730, BW=133MiB/s (139MB/s)(236GiB/1821460msec); 0 zone resets
    slat (nsec): min=1384, max=673861, avg=36897.98, stdev=67403.53
    clat (usec): min=189, max=69273k, avg=160144.11, stdev=131354.90
     lat (usec): min=194, max=69273k, avg=160181.00, stdev=131360.64
    clat percentiles (usec):
     |  1.00th=[   237],  5.00th=[   359], 10.00th=[   388], 20.00th=[  6783],
     | 30.00th=[137364], 40.00th=[170918], 50.00th=[193987], 60.00th=[202376],
     | 70.00th=[217056], 80.00th=[227541], 90.00th=[246416], 95.00th=[274727],
     | 99.00th=[367002], 99.50th=[383779], 99.90th=[408945], 99.95th=[417334],
     | 99.99th=[513803]
   bw (  KiB/s): min= 6837, max=482544, per=100.00%, avg=141688.01, stdev=10908.02, samples=20996
   iops        : min=  172, max= 2826, avg=760.56, stdev=32.65, samples=20996
  lat (usec)   : 250=0.58%, 500=4.77%, 750=12.16%, 1000=3.09%
  lat (msec)   : 2=8.35%, 4=13.14%, 10=14.83%, 20=5.34%, 50=5.46%
  lat (msec)   : 100=3.71%, 250=24.30%, 500=4.13%, 750=0.11%, 1000=0.01%
  lat (msec)   : 2000=0.01%, >=2000=0.01%
  cpu          : usr=0.17%, sys=0.85%, ctx=3553799, majf=0, minf=88
  IO depths    : 1=0.1%, 2=0.1%, 4=0.1%, 8=0.1%, 16=11.5%, 32=88.5%, >=64=0.0%
     submit    : 0=0.0%, 4=100.0%, 8=0.0%, 16=0.0%, 32=0.0%, 64=0.0%, >=64=0.0%
     complete  : 0=0.0%, 4=100.0%, 8=0.0%, 16=0.0%, 32=0.0%, 64=0.0%, >=64=0.0%
     issued rwts: total=2788520,1331039,0,0 short=0,0,0,0 dropped=0,0,0,0
     latency   : target=0, window=0, percentile=100.00%, depth=16

Run status group 0 (all jobs):
   READ: bw=136MiB/s (142MB/s), 136MiB/s-136MiB/s (142MB/s-142MB/s), io=241GiB (259GB), run=1821460-1821460msec
  WRITE: bw=133MiB/s (139MB/s), 133MiB/s-133MiB/s (139MB/s-139MB/s), io=236GiB (254GB), run=1821460-1821460msec

randrw_4k: (groupid=0, jobs=6): err= 0: pid=28486: Sat Aug 29 01:51:19 2026
  read: IOPS=1526, BW=139MiB/s (146MB/s)(256GiB/1881460msec)
    slat (nsec): min=1151, max=629681, avg=16093.55, stdev=33572.50
    clat (usec): min=115, max=69709k, avg=28669.68, stdev=519444.88
     lat (usec): min=120, max=69709k, avg=28685.77, stdev=519445.40
    clat percentiles (usec):
     |  1.00th=[    494],  5.00th=[    529], 10.00th=[    570],
     | 20.00th=[    824], 30.00th=[   1631], 40.00th=[   2540],
     | 50.00th=[   3687], 60.00th=[   5211], 70.00th=[   7898],
     | 80.00th=[  17171], 90.00th=[  56361], 95.00th=[ 147850],
     | 99.00th=[ 371196], 99.50th=[ 434111], 99.90th=[ 616563],
     | 99.95th=[ 767558], 99.99th=[1451230]
   bw (  KiB/s): min=  297, max=1095272, per=100.00%, avg=148529.59, stdev=20912.07, samples=21706
   iops        : min=    0, max= 7088, avg=1587.14, stdev=86.97, samples=21706
  write: IOPS=731, BW=137MiB/s (143MB/s)(251GiB/1881460msec); 0 zone resets
    slat (nsec): min=1384, max=673861, avg=37753.89, stdev=68126.76
    clat (usec): min=189, max=69273k, avg=158869.96, stdev=132335.39
     lat (usec): min=194, max=69273k, avg=158907.72, stdev=132340.31
    clat percentiles (usec):
     |  1.00th=[    237],  5.00th=[    359], 10.00th=[    392],
     | 20.00th=[   6390], 30.00th=[ 131597], 40.00th=[ 168821],
     | 50.00th=[ 193987], 60.00th=[ 202376], 70.00th=[ 217056],
     | 80.00th=[ 227541], 90.00th=[ 246416], 95.00th=[ 278922],
     | 99.00th=[ 371196], 99.50th=[ 387974], 99.90th=[ 534774],
     | 99.95th=[ 692061], 99.99th=[1115685]
   bw (  KiB/s): min= 4229, max=1182960, per=100.00%, avg=145872.72, stdev=18868.66, samples=21674
   iops        : min=   30, max= 3510, avg=761.46, stdev=37.33, samples=21674
  lat (usec)   : 250=0.56%, 500=4.67%, 750=11.98%, 1000=3.07%
  lat (msec)   : 2=8.32%, 4=13.06%, 10=15.03%, 20=5.61%, 50=5.50%
  lat (msec)   : 100=3.77%, 250=24.06%, 500=4.17%, 750=0.15%, 1000=0.03%
  lat (msec)   : 2000=0.01%, >=2000=0.01%
  cpu          : usr=0.17%, sys=0.87%, ctx=3665243, majf=0, minf=88
  IO depths    : 1=0.1%, 2=0.1%, 4=0.1%, 8=0.1%, 16=11.9%, 32=88.1%, >=64=0.0%
     submit    : 0=0.0%, 4=100.0%, 8=0.0%, 16=0.0%, 32=0.0%, 64=0.0%, >=64=0.0%
     complete  : 0=0.0%, 4=100.0%, 8=0.0%, 16=0.0%, 32=0.0%, 64=0.0%, >=64=0.0%
     issued rwts: total=2872759,1375846,0,0 short=0,0,0,0 dropped=0,0,0,0
     latency   : target=0, window=0, percentile=100.00%, depth=16

Run status group 0 (all jobs):
   READ: bw=139MiB/s (146MB/s), 139MiB/s-139MiB/s (146MB/s-146MB/s), io=256GiB (275GB), run=1881460-1881460msec
  WRITE: bw=137MiB/s (143MB/s), 137MiB/s-137MiB/s (143MB/s-143MB/s), io=251GiB (269GB), run=1881460-1881460msec

randrw_4k: (groupid=0, jobs=6): err= 0: pid=28486: Sat Aug 29 01:52:19 2026
  read: IOPS=1536, BW=147MiB/s (154MB/s)(279GiB/1941460msec)
    slat (nsec): min=1151, max=629681, avg=16695.39, stdev=34529.84
    clat (usec): min=115, max=69709k, avg=29368.28, stdev=510409.59
     lat (usec): min=120, max=69709k, avg=29384.98, stdev=510410.04
    clat percentiles (usec):
     |  1.00th=[    494],  5.00th=[    529], 10.00th=[    570],
     | 20.00th=[    824], 30.00th=[   1631], 40.00th=[   2573],
     | 50.00th=[   3687], 60.00th=[   5276], 70.00th=[   8029],
     | 80.00th=[  17695], 90.00th=[  60031], 95.00th=[ 156238],
     | 99.00th=[ 375391], 99.50th=[ 438305], 99.90th=[ 624952],
     | 99.95th=[ 784335], 99.99th=[2533360]
   bw (  KiB/s): min=  297, max=1871952, per=100.00%, avg=157615.08, stdev=30822.79, samples=22358
   iops        : min=    0, max= 7968, avg=1598.15, stdev=92.69, samples=22358
  write: IOPS=740, BW=145MiB/s (152MB/s)(274GiB/1941460msec); 0 zone resets
    slat (nsec): min=1384, max=673861, avg=39359.21, stdev=69603.09
    clat (usec): min=189, max=69273k, avg=155108.51, stdev=137940.30
     lat (usec): min=194, max=69273k, avg=155147.87, stdev=137943.87
    clat percentiles (usec):
     |  1.00th=[    237],  5.00th=[    359], 10.00th=[    392],
     | 20.00th=[   4686], 30.00th=[ 110625], 40.00th=[ 168821],
     | 50.00th=[ 191890], 60.00th=[ 198181], 70.00th=[ 217056],
     | 80.00th=[ 225444], 90.00th=[ 246416], 95.00th=[ 278922],
     | 99.00th=[ 379585], 99.50th=[ 404751], 99.90th=[ 809501],
     | 99.95th=[ 994051], 99.99th=[2566915]
   bw (  KiB/s): min= 3827, max=1737968, per=100.00%, avg=155065.50, stdev=29435.46, samples=22282
   iops        : min=   15, max= 4052, avg=773.31, stdev=45.52, samples=22282
  lat (usec)   : 250=0.55%, 500=4.65%, 750=12.02%, 1000=3.07%
  lat (msec)   : 2=8.30%, 4=13.00%, 10=15.30%, 20=5.80%, 50=5.56%
  lat (msec)   : 100=3.87%, 250=23.41%, 500=4.17%, 750=0.20%, 1000=0.05%
  lat (msec)   : 2000=0.02%, >=2000=0.01%
  cpu          : usr=0.18%, sys=0.91%, ctx=3807175, majf=0, minf=88
  IO depths    : 1=0.1%, 2=0.1%, 4=0.1%, 8=0.1%, 16=12.5%, 32=87.5%, >=64=0.0%
     submit    : 0=0.0%, 4=100.0%, 8=0.0%, 16=0.0%, 32=0.0%, 64=0.0%, >=64=0.0%
     complete  : 0=0.0%, 4=100.0%, 8=0.0%, 16=0.0%, 32=0.0%, 64=0.0%, >=64=0.0%
     issued rwts: total=2983446,1437110,0,0 short=0,0,0,0 dropped=0,0,0,0
     latency   : target=0, window=0, percentile=100.00%, depth=16

Run status group 0 (all jobs):
   READ: bw=147MiB/s (154MB/s), 147MiB/s-147MiB/s (154MB/s-154MB/s), io=279GiB (300GB), run=1941460-1941460msec
  WRITE: bw=145MiB/s (152MB/s), 145MiB/s-145MiB/s (152MB/s-152MB/s), io=274GiB (294GB), run=1941460-1941460msec

randrw_4k: (groupid=0, jobs=6): err= 0: pid=28486: Sat Aug 29 01:53:19 2026
  read: IOPS=1558, BW=159MiB/s (167MB/s)(311GiB/2001461msec)
    slat (nsec): min=1151, max=629681, avg=17633.25, stdev=36198.96
    clat (usec): min=111, max=69709k, avg=29464.14, stdev=499372.95
     lat (usec): min=116, max=69709k, avg=29481.77, stdev=499373.33
    clat percentiles (usec):
     |  1.00th=[    494],  5.00th=[    529], 10.00th=[    570],
     | 20.00th=[    816], 30.00th=[   1647], 40.00th=[   2606],
     | 50.00th=[   3752], 60.00th=[   5342], 70.00th=[   8094],
     | 80.00th=[  17171], 90.00th=[  61080], 95.00th=[ 160433],
     | 99.00th=[ 375391], 99.50th=[ 438305], 99.90th=[ 616563],
     | 99.95th=[ 775947], 99.99th=[2432697]
   bw (  KiB/s): min=  297, max=2191440, per=100.00%, avg=171601.63, stdev=45560.94, samples=23001
   iops        : min=    0, max= 8280, avg=1620.93, stdev=103.76, samples=23001
  write: IOPS=756, BW=156MiB/s (164MB/s)(306GiB/2001461msec); 0 zone resets
    slat (nsec): min=1359, max=682443, avg=41731.18, stdev=72016.19
    clat (usec): min=189, max=69273k, avg=150722.05, stdev=144224.11
     lat (usec): min=194, max=69273k, avg=150763.78, stdev=144225.48
    clat percentiles (usec):
     |  1.00th=[    237],  5.00th=[    359], 10.00th=[    392],
     | 20.00th=[   4686], 30.00th=[  71828], 40.00th=[ 162530],
     | 50.00th=[ 187696], 60.00th=[ 198181], 70.00th=[ 214959],
     | 80.00th=[ 225444], 90.00th=[ 246416], 95.00th=[ 283116],
     | 99.00th=[ 392168], 99.50th=[ 591397], 99.90th=[1061159],
     | 99.95th=[1233126], 99.99th=[2499806]
   bw (  KiB/s): min= 2109, max=2014448, per=100.00%, avg=169052.83, stdev=44706.72, samples=22836
   iops        : min=   10, max= 4322, avg=794.62, stdev=58.87, samples=22836
  lat (usec)   : 250=0.60%, 500=4.58%, 750=12.02%, 1000=3.01%
  lat (msec)   : 2=8.11%, 4=12.86%, 10=16.27%, 20=6.27%, 50=5.45%
  lat (msec)   : 100=3.81%, 250=22.54%, 500=4.12%, 750=0.23%, 1000=0.08%
  lat (msec)   : 2000=0.05%, >=2000=0.01%
  cpu          : usr=0.19%, sys=0.97%, ctx=3975163, majf=0, minf=88
  IO depths    : 1=0.1%, 2=0.1%, 4=0.1%, 8=0.1%, 16=13.3%, 32=86.7%, >=64=0.0%
     submit    : 0=0.0%, 4=100.0%, 8=0.0%, 16=0.0%, 32=0.0%, 64=0.0%, >=64=0.0%
     complete  : 0=0.0%, 4=100.0%, 8=0.0%, 16=0.0%, 32=0.0%, 64=0.0%, >=64=0.0%
     issued rwts: total=3119959,1513948,0,0 short=0,0,0,0 dropped=0,0,0,0
     latency   : target=0, window=0, percentile=100.00%, depth=16

Run status group 0 (all jobs):
   READ: bw=159MiB/s (167MB/s), 159MiB/s-159MiB/s (167MB/s-167MB/s), io=311GiB (333GB), run=2001461-2001461msec
  WRITE: bw=156MiB/s (164MB/s), 156MiB/s-156MiB/s (164MB/s-164MB/s), io=306GiB (328GB), run=2001461-2001461msec

randrw_4k: (groupid=0, jobs=6): err= 0: pid=28486: Sat Aug 29 01:54:20 2026
  read: IOPS=1587, BW=171MiB/s (179MB/s)(344GiB/2061461msec)
    slat (nsec): min=1151, max=730007, avg=18473.92, stdev=37528.06
    clat (usec): min=96, max=69709k, avg=29427.20, stdev=487718.86
     lat (usec): min=110, max=69709k, avg=29445.67, stdev=487719.16
    clat percentiles (usec):
     |  1.00th=[    494],  5.00th=[    529], 10.00th=[    570],
     | 20.00th=[    816], 30.00th=[   1647], 40.00th=[   2606],
     | 50.00th=[   3818], 60.00th=[   5407], 70.00th=[   8160],
     | 80.00th=[  17433], 90.00th=[  63701], 95.00th=[ 160433],
     | 99.00th=[ 371196], 99.50th=[ 434111], 99.90th=[ 608175],
     | 99.95th=[ 759170], 99.99th=[2298479]
   bw (  KiB/s): min=  297, max=2191440, per=100.00%, avg=184952.98, stdev=53953.93, samples=23691
   iops        : min=    0, max= 8280, avg=1650.10, stdev=112.38, samples=23691
  write: IOPS=775, BW=168MiB/s (176MB/s)(339GiB/2061461msec); 0 zone resets
    slat (nsec): min=1359, max=682443, avg=43803.45, stdev=73875.63
    clat (usec): min=189, max=69273k, avg=145981.74, stdev=146065.08
     lat (usec): min=194, max=69273k, avg=146025.55, stdev=146064.80
    clat percentiles (usec):
     |  1.00th=[    237],  5.00th=[    359], 10.00th=[    396],
     | 20.00th=[   5145], 30.00th=[  34341], 40.00th=[ 139461],
     | 50.00th=[ 181404], 60.00th=[ 196084], 70.00th=[ 212861],
     | 80.00th=[ 225444], 90.00th=[ 246416], 95.00th=[ 283116],
     | 99.00th=[ 421528], 99.50th=[ 658506], 99.90th=[1061159],
     | 99.95th=[1233126], 99.99th=[1937769]
   bw (  KiB/s): min= 2109, max=2014504, per=100.00%, avg=182426.77, stdev=53271.43, samples=23476
   iops        : min=   10, max= 4336, avg=816.33, stdev=67.95, samples=23476
  lat (usec)   : 100=0.01%, 250=0.64%, 500=4.42%, 750=11.97%, 1000=2.98%
  lat (msec)   : 2=7.99%, 4=12.72%, 10=16.90%, 20=6.60%, 50=5.62%
  lat (msec)   : 100=4.02%, 250=21.68%, 500=4.03%, 750=0.28%, 1000=0.10%
  lat (msec)   : 2000=0.05%, >=2000=0.01%
  cpu          : usr=0.21%, sys=1.03%, ctx=4160946, majf=0, minf=88
  IO depths    : 1=0.1%, 2=0.1%, 4=0.1%, 8=0.1%, 16=14.0%, 32=86.0%, >=64=0.0%
     submit    : 0=0.0%, 4=100.0%, 8=0.0%, 16=0.0%, 32=0.0%, 64=0.0%, >=64=0.0%
     complete  : 0=0.0%, 4=100.0%, 8=0.0%, 16=0.0%, 32=0.0%, 64=0.0%, >=64=0.0%
     issued rwts: total=3273353,1598859,0,0 short=0,0,0,0 dropped=0,0,0,0
     latency   : target=0, window=0, percentile=100.00%, depth=16

Run status group 0 (all jobs):
   READ: bw=171MiB/s (179MB/s), 171MiB/s-171MiB/s (179MB/s-179MB/s), io=344GiB (369GB), run=2061461-2061461msec
  WRITE: bw=168MiB/s (176MB/s), 168MiB/s-168MiB/s (176MB/s-176MB/s), io=339GiB (364GB), run=2061461-2061461msec

randrw_4k: (groupid=0, jobs=6): err= 0: pid=28486: Sat Aug 29 01:55:20 2026
  read: IOPS=1612, BW=182MiB/s (191MB/s)(377GiB/2121461msec)
    slat (nsec): min=1151, max=777722, avg=19240.41, stdev=38705.72
    clat (usec): min=96, max=69709k, avg=29355.75, stdev=477224.64
     lat (usec): min=110, max=69709k, avg=29374.99, stdev=477224.88
    clat percentiles (usec):
     |  1.00th=[    490],  5.00th=[    529], 10.00th=[    570],
     | 20.00th=[    832], 30.00th=[   1680], 40.00th=[   2671],
     | 50.00th=[   3884], 60.00th=[   5538], 70.00th=[   8356],
     | 80.00th=[  17695], 90.00th=[  65799], 95.00th=[ 160433],
     | 99.00th=[ 367002], 99.50th=[ 429917], 99.90th=[ 599786],
     | 99.95th=[ 750781], 99.99th=[1971323]
   bw (  KiB/s): min=  297, max=2201680, per=100.00%, avg=197765.05, stdev=61636.86, samples=24352
   iops        : min=    0, max= 8290, avg=1675.62, stdev=121.15, samples=24352
  write: IOPS=792, BW=179MiB/s (188MB/s)(371GiB/2121461msec); 0 zone resets
    slat (nsec): min=1359, max=682443, avg=45699.08, stdev=75490.69
    clat (usec): min=189, max=69273k, avg=142087.41, stdev=149445.41
     lat (usec): min=194, max=69273k, avg=142133.11, stdev=149443.72
    clat percentiles (usec):
     |  1.00th=[    237],  5.00th=[    355], 10.00th=[    400],
     | 20.00th=[   5211], 30.00th=[  14615], 40.00th=[ 119014],
     | 50.00th=[ 168821], 60.00th=[ 196084], 70.00th=[ 212861],
     | 80.00th=[ 225444], 90.00th=[ 246416], 95.00th=[ 287310],
     | 99.00th=[ 541066], 99.50th=[ 725615], 99.90th=[1098908],
     | 99.95th=[1249903], 99.99th=[1920992]
   bw (  KiB/s): min= 2101, max=2014664, per=100.00%, avg=195395.42, stdev=61279.69, samples=24072
   iops        : min=    8, max= 4376, avg=836.93, stdev=76.55, samples=24072
  lat (usec)   : 100=0.01%, 250=0.72%, 500=4.30%, 750=11.79%, 1000=2.92%
  lat (msec)   : 2=7.84%, 4=12.57%, 10=17.56%, 20=7.04%, 50=5.70%
  lat (msec)   : 100=4.20%, 250=20.93%, 500=3.90%, 750=0.33%, 1000=0.12%
  lat (msec)   : 2000=0.05%, >=2000=0.01%
  cpu          : usr=0.22%, sys=1.09%, ctx=4342494, majf=0, minf=88
  IO depths    : 1=0.1%, 2=0.1%, 4=0.1%, 8=0.1%, 16=14.7%, 32=85.3%, >=64=0.0%
     submit    : 0=0.0%, 4=100.0%, 8=0.0%, 16=0.0%, 32=0.0%, 64=0.0%, >=64=0.0%
     complete  : 0=0.0%, 4=100.0%, 8=0.0%, 16=0.0%, 32=0.0%, 64=0.0%, >=64=0.0%
     issued rwts: total=3420706,1681128,0,0 short=0,0,0,0 dropped=0,0,0,0
     latency   : target=0, window=0, percentile=100.00%, depth=16

Run status group 0 (all jobs):
   READ: bw=182MiB/s (191MB/s), 182MiB/s-182MiB/s (191MB/s-191MB/s), io=377GiB (404GB), run=2121461-2121461msec
  WRITE: bw=179MiB/s (188MB/s), 179MiB/s-179MiB/s (188MB/s-188MB/s), io=371GiB (399GB), run=2121461-2121461msec

randrw_4k: (groupid=0, jobs=6): err= 0: pid=28486: Sat Aug 29 01:56:20 2026
  read: IOPS=1636, BW=192MiB/s (201MB/s)(409GiB/2181460msec)
    slat (nsec): min=1151, max=777722, avg=19922.54, stdev=39728.40
    clat (usec): min=96, max=69709k, avg=29271.82, stdev=467234.84
     lat (usec): min=110, max=69709k, avg=29291.74, stdev=467235.03
    clat percentiles (usec):
     |  1.00th=[    490],  5.00th=[    529], 10.00th=[    570],
     | 20.00th=[    824], 30.00th=[   1696], 40.00th=[   2704],
     | 50.00th=[   3949], 60.00th=[   5604], 70.00th=[   8455],
     | 80.00th=[  17957], 90.00th=[  67634], 95.00th=[ 160433],
     | 99.00th=[ 362808], 99.50th=[ 425722], 99.90th=[ 599786],
     | 99.95th=[ 742392], 99.99th=[1635779]
   bw (  KiB/s): min=  297, max=2201680, per=100.00%, avg=209726.20, stdev=68013.74, samples=25013
   iops        : min=    0, max= 8290, avg=1700.75, stdev=127.97, samples=25013
  write: IOPS=808, BW=189MiB/s (199MB/s)(403GiB/2181460msec); 0 zone resets
    slat (nsec): min=1359, max=682443, avg=47328.64, stdev=76861.58
    clat (usec): min=189, max=69273k, avg=138547.45, stdev=153028.59
     lat (usec): min=194, max=69273k, avg=138594.78, stdev=153025.87
    clat percentiles (usec):
     |  1.00th=[    237],  5.00th=[    355], 10.00th=[    396],
     | 20.00th=[   5211], 30.00th=[  12256], 40.00th=[  85459],
     | 50.00th=[ 168821], 60.00th=[ 193987], 70.00th=[ 210764],
     | 80.00th=[ 223347], 90.00th=[ 244319], 95.00th=[ 291505],
     | 99.00th=[ 599786], 99.50th=[ 767558], 99.90th=[1182794],
     | 99.95th=[1333789], 99.99th=[1971323]
   bw (  KiB/s): min= 2101, max=2014664, per=100.00%, avg=207116.52, stdev=67532.47, samples=24681
   iops        : min=    8, max= 4376, avg=856.04, stdev=83.23, samples=24681
  lat (usec)   : 100=0.01%, 250=0.82%, 500=4.23%, 750=11.77%, 1000=2.88%
  lat (msec)   : 2=7.70%, 4=12.40%, 10=18.10%, 20=7.40%, 50=5.76%
  lat (msec)   : 100=4.33%, 250=20.24%, 500=3.79%, 750=0.37%, 1000=0.14%
  lat (msec)   : 2000=0.07%, >=2000=0.01%
  cpu          : usr=0.23%, sys=1.14%, ctx=4528239, majf=0, minf=88
  IO depths    : 1=0.1%, 2=0.1%, 4=0.1%, 8=0.1%, 16=15.3%, 32=84.7%, >=64=0.0%
     submit    : 0=0.0%, 4=100.0%, 8=0.0%, 16=0.0%, 32=0.0%, 64=0.0%, >=64=0.0%
     complete  : 0=0.0%, 4=100.0%, 8=0.0%, 16=0.0%, 32=0.0%, 64=0.0%, >=64=0.0%
     issued rwts: total=3570694,1763741,0,0 short=0,0,0,0 dropped=0,0,0,0
     latency   : target=0, window=0, percentile=100.00%, depth=16

Run status group 0 (all jobs):
   READ: bw=192MiB/s (201MB/s), 192MiB/s-192MiB/s (201MB/s-201MB/s), io=409GiB (439GB), run=2181460-2181460msec
  WRITE: bw=189MiB/s (199MB/s), 189MiB/s-189MiB/s (199MB/s-199MB/s), io=403GiB (433GB), run=2181460-2181460msec

randrw_4k: (groupid=0, jobs=6): err= 0: pid=28486: Sat Aug 29 01:57:20 2026
  read: IOPS=1659, BW=201MiB/s (211MB/s)(440GiB/2241460msec)
    slat (nsec): min=1151, max=777722, avg=20517.33, stdev=40606.09
    clat (usec): min=96, max=69709k, avg=29267.44, stdev=457911.69
     lat (usec): min=110, max=69709k, avg=29287.95, stdev=457911.81
    clat percentiles (usec):
     |  1.00th=[    490],  5.00th=[    529], 10.00th=[    570],
     | 20.00th=[    832], 30.00th=[   1713], 40.00th=[   2737],
     | 50.00th=[   4015], 60.00th=[   5735], 70.00th=[   8586],
     | 80.00th=[  18220], 90.00th=[  70779], 95.00th=[ 158335],
     | 99.00th=[ 358613], 99.50th=[ 425722], 99.90th=[ 591397],
     | 99.95th=[ 725615], 99.99th=[1585447]
   bw (  KiB/s): min=  297, max=2201680, per=100.00%, avg=220576.76, stdev=72492.55, samples=25676
   iops        : min=    0, max= 8290, avg=1723.76, stdev=133.18, samples=25676
  write: IOPS=823, BW=198MiB/s (208MB/s)(434GiB/2241460msec); 0 zone resets
    slat (nsec): min=1259, max=682443, avg=48737.70, stdev=78029.34
    clat (usec): min=189, max=69273k, avg=135285.53, stdev=155181.82
     lat (usec): min=194, max=69273k, avg=135334.27, stdev=155178.33
    clat percentiles (usec):
     |  1.00th=[    237],  5.00th=[    351], 10.00th=[    396],
     | 20.00th=[   5014], 30.00th=[  11076], 40.00th=[  55837],
     | 50.00th=[ 166724], 60.00th=[ 191890], 70.00th=[ 208667],
     | 80.00th=[ 223347], 90.00th=[ 244319], 95.00th=[ 295699],
     | 99.00th=[ 633340], 99.50th=[ 784335], 99.90th=[1216349],
     | 99.95th=[1350566], 99.99th=[1954546]
   bw (  KiB/s): min= 2101, max=2014664, per=100.00%, avg=217796.57, stdev=71929.72, samples=25291
   iops        : min=    8, max= 4376, avg=873.56, stdev=88.16, samples=25291
  lat (usec)   : 100=0.01%, 250=0.88%, 500=4.19%, 750=11.71%, 1000=2.82%
  lat (msec)   : 2=7.57%, 4=12.28%, 10=18.55%, 20=7.79%, 50=5.77%
  lat (msec)   : 100=4.44%, 250=19.64%, 500=3.71%, 750=0.41%, 1000=0.15%
  lat (msec)   : 2000=0.07%, >=2000=0.01%
  cpu          : usr=0.24%, sys=1.19%, ctx=4713268, majf=0, minf=88
  IO depths    : 1=0.1%, 2=0.1%, 4=0.1%, 8=0.1%, 16=15.8%, 32=84.2%, >=64=0.0%
     submit    : 0=0.0%, 4=100.0%, 8=0.0%, 16=0.0%, 32=0.0%, 64=0.0%, >=64=0.0%
     complete  : 0=0.0%, 4=100.0%, 8=0.0%, 16=0.0%, 32=0.0%, 64=0.0%, >=64=0.0%
     issued rwts: total=3719715,1845324,0,0 short=0,0,0,0 dropped=0,0,0,0
     latency   : target=0, window=0, percentile=100.00%, depth=16

Run status group 0 (all jobs):
   READ: bw=201MiB/s (211MB/s), 201MiB/s-201MiB/s (211MB/s-211MB/s), io=440GiB (473GB), run=2241460-2241460msec
  WRITE: bw=198MiB/s (208MB/s), 198MiB/s-198MiB/s (208MB/s-208MB/s), io=434GiB (466GB), run=2241460-2241460msec

randrw_4k: (groupid=0, jobs=6): err= 0: pid=28486: Sat Aug 29 01:58:20 2026
  read: IOPS=1681, BW=209MiB/s (219MB/s)(469GiB/2301461msec)
    slat (nsec): min=1151, max=841001, avg=21019.38, stdev=41376.55
    clat (usec): min=96, max=69709k, avg=29205.02, stdev=449062.19
     lat (usec): min=110, max=69709k, avg=29226.04, stdev=449062.27
    clat percentiles (usec):
     |  1.00th=[    490],  5.00th=[    529], 10.00th=[    570],
     | 20.00th=[    848], 30.00th=[   1778], 40.00th=[   2835],
     | 50.00th=[   4146], 60.00th=[   5932], 70.00th=[   8848],
     | 80.00th=[  18482], 90.00th=[  71828], 95.00th=[ 158335],
     | 99.00th=[ 354419], 99.50th=[ 421528], 99.90th=[ 583009],
     | 99.95th=[ 717226], 99.99th=[1451230]
   bw (  KiB/s): min=  297, max=2201680, per=100.00%, avg=229106.26, stdev=74133.63, samples=26366
   iops        : min=    0, max= 8290, avg=1745.58, stdev=136.27, samples=26366
  write: IOPS=837, BW=206MiB/s (216MB/s)(463GiB/2301461msec); 0 zone resets
    slat (nsec): min=1259, max=825247, avg=49882.23, stdev=79037.40
    clat (usec): min=179, max=69273k, avg=132411.40, stdev=156044.33
     lat (usec): min=185, max=69273k, avg=132461.28, stdev=156040.28
    clat percentiles (usec):
     |  1.00th=[    235],  5.00th=[    351], 10.00th=[    400],
     | 20.00th=[   4752], 30.00th=[  10159], 40.00th=[  45876],
     | 50.00th=[ 154141], 60.00th=[ 191890], 70.00th=[ 206570],
     | 80.00th=[ 223347], 90.00th=[ 246416], 95.00th=[ 304088],
     | 99.00th=[ 641729], 99.50th=[ 784335], 99.90th=[1199571],
     | 99.95th=[1333789], 99.99th=[1954546]
   bw (  KiB/s): min= 2101, max=2014664, per=100.00%, avg=226224.53, stdev=73619.72, samples=25957
   iops        : min=    8, max= 4376, avg=888.26, stdev=90.98, samples=25957
  lat (usec)   : 100=0.01%, 250=0.93%, 500=4.05%, 750=11.54%, 1000=2.74%
  lat (msec)   : 2=7.43%, 4=12.22%, 10=19.20%, 20=8.27%, 50=5.70%
  lat (msec)   : 100=4.46%, 250=19.08%, 500=3.70%, 750=0.45%, 1000=0.15%
  lat (msec)   : 2000=0.07%, >=2000=0.01%
  cpu          : usr=0.24%, sys=1.24%, ctx=4899338, majf=0, minf=88
  IO depths    : 1=0.1%, 2=0.1%, 4=0.1%, 8=0.1%, 16=16.1%, 32=83.9%, >=64=0.0%
     submit    : 0=0.0%, 4=100.0%, 8=0.0%, 16=0.0%, 32=0.0%, 64=0.0%, >=64=0.0%
     complete  : 0=0.0%, 4=100.0%, 8=0.0%, 16=0.0%, 32=0.0%, 64=0.0%, >=64=0.0%
     issued rwts: total=3869839,1926340,0,0 short=0,0,0,0 dropped=0,0,0,0
     latency   : target=0, window=0, percentile=100.00%, depth=16

Run status group 0 (all jobs):
   READ: bw=209MiB/s (219MB/s), 209MiB/s-209MiB/s (219MB/s-219MB/s), io=469GiB (504GB), run=2301461-2301461msec
  WRITE: bw=206MiB/s (216MB/s), 206MiB/s-206MiB/s (216MB/s-216MB/s), io=463GiB (497GB), run=2301461-2301461msec

randrw_4k: (groupid=0, jobs=6): err= 0: pid=28486: Sat Aug 29 01:59:20 2026
  read: IOPS=1698, BW=216MiB/s (226MB/s)(498GiB/2361461msec)
    slat (nsec): min=1151, max=841001, avg=21411.03, stdev=41841.02
    clat (usec): min=96, max=69709k, avg=29362.25, stdev=441264.05
     lat (usec): min=110, max=69709k, avg=29383.66, stdev=441264.10
    clat percentiles (usec):
     |  1.00th=[    490],  5.00th=[    529], 10.00th=[    570],
     | 20.00th=[    873], 30.00th=[   1827], 40.00th=[   2900],
     | 50.00th=[   4228], 60.00th=[   5997], 70.00th=[   8979],
     | 80.00th=[  19006], 90.00th=[  72877], 95.00th=[ 160433],
     | 99.00th=[ 350225], 99.50th=[ 421528], 99.90th=[ 583009],
     | 99.95th=[ 708838], 99.99th=[1400898]
   bw (  KiB/s): min=  297, max=2201680, per=100.00%, avg=236876.70, stdev=77038.71, samples=27072
   iops        : min=    0, max= 8290, avg=1762.35, stdev=139.17, samples=27072
  write: IOPS=848, BW=213MiB/s (223MB/s)(491GiB/2361461msec); 0 zone resets
    slat (nsec): min=1259, max=825247, avg=50750.57, stdev=79555.51
    clat (usec): min=179, max=69273k, avg=129736.32, stdev=156449.59
     lat (usec): min=185, max=69273k, avg=129787.07, stdev=156445.04
    clat percentiles (usec):
     |  1.00th=[    235],  5.00th=[    351], 10.00th=[    404],
     | 20.00th=[   4293], 30.00th=[   9241], 40.00th=[  26608],
     | 50.00th=[ 139461], 60.00th=[ 187696], 70.00th=[ 202376],
     | 80.00th=[ 223347], 90.00th=[ 246416], 95.00th=[ 308282],
     | 99.00th=[ 633340], 99.50th=[ 784335], 99.90th=[1199571],
     | 99.95th=[1333789], 99.99th=[1937769]
   bw (  KiB/s): min= 2101, max=2014664, per=100.00%, avg=234180.13, stdev=76630.94, samples=26610
   iops        : min=    8, max= 4376, avg=901.46, stdev=94.63, samples=26610
  lat (usec)   : 100=0.01%, 250=0.94%, 500=3.95%, 750=11.37%, 1000=2.70%
  lat (msec)   : 2=7.42%, 4=12.40%, 10=19.70%, 20=8.32%, 50=5.63%
  lat (msec)   : 100=4.52%, 250=18.63%, 500=3.72%, 750=0.48%, 1000=0.15%
  lat (msec)   : 2000=0.07%, >=2000=0.01%
  cpu          : usr=0.25%, sys=1.27%, ctx=5075478, majf=0, minf=88
  IO depths    : 1=0.1%, 2=0.1%, 4=0.1%, 8=0.1%, 16=16.5%, 32=83.5%, >=64=0.0%
     submit    : 0=0.0%, 4=100.0%, 8=0.0%, 16=0.0%, 32=0.0%, 64=0.0%, >=64=0.0%
     complete  : 0=0.0%, 4=100.0%, 8=0.0%, 16=0.0%, 32=0.0%, 64=0.0%, >=64=0.0%
     issued rwts: total=4010811,2003382,0,0 short=0,0,0,0 dropped=0,0,0,0
     latency   : target=0, window=0, percentile=100.00%, depth=16

Run status group 0 (all jobs):
   READ: bw=216MiB/s (226MB/s), 216MiB/s-216MiB/s (226MB/s-226MB/s), io=498GiB (534GB), run=2361461-2361461msec
  WRITE: bw=213MiB/s (223MB/s), 213MiB/s-213MiB/s (223MB/s-223MB/s), io=491GiB (527GB), run=2361461-2361461msec

randrw_4k: (groupid=0, jobs=6): err= 0: pid=28486: Sat Aug 29 02:00:19 2026
  read: IOPS=1712, BW=222MiB/s (232MB/s)(524GiB/2421460msec)
    slat (nsec): min=1151, max=841001, avg=21706.44, stdev=42125.19
    clat (usec): min=96, max=69709k, avg=29610.43, stdev=434160.00
     lat (usec): min=110, max=69709k, avg=29632.14, stdev=434160.04
    clat percentiles (usec):
     |  1.00th=[    490],  5.00th=[    529], 10.00th=[    570],
     | 20.00th=[    898], 30.00th=[   1876], 40.00th=[   2933],
     | 50.00th=[   4293], 60.00th=[   6063], 70.00th=[   9110],
     | 80.00th=[  19268], 90.00th=[  74974], 95.00th=[ 162530],
     | 99.00th=[ 350225], 99.50th=[ 421528], 99.90th=[ 574620],
     | 99.95th=[ 700449], 99.99th=[1350566]
   bw (  KiB/s): min=  297, max=2201680, per=100.00%, avg=243430.47, stdev=79948.52, samples=27769
   iops        : min=    0, max= 8290, avg=1776.16, stdev=141.74, samples=27769
  write: IOPS=857, BW=219MiB/s (229MB/s)(517GiB/2421460msec); 0 zone resets
    slat (nsec): min=1259, max=825247, avg=51458.93, stdev=79900.30
    clat (usec): min=179, max=69273k, avg=127312.59, stdev=156784.07
     lat (usec): min=185, max=69273k, avg=127364.05, stdev=156779.15
    clat percentiles (usec):
     |  1.00th=[    235],  5.00th=[    351], 10.00th=[    412],
     | 20.00th=[   3851], 30.00th=[   8356], 40.00th=[  16450],
     | 50.00th=[ 129500], 60.00th=[ 185598], 70.00th=[ 200279],
     | 80.00th=[ 223347], 90.00th=[ 246416], 95.00th=[ 312476],
     | 99.00th=[ 633340], 99.50th=[ 775947], 99.90th=[1182794],
     | 99.95th=[1333789], 99.99th=[1937769]
   bw (  KiB/s): min= 1759, max=2014664, per=100.00%, avg=241060.89, stdev=79696.77, samples=27258
   iops        : min=    7, max= 4376, avg=912.17, stdev=98.11, samples=27258
  lat (usec)   : 100=0.01%, 250=0.94%, 500=3.87%, 750=11.23%, 1000=2.66%
  lat (msec)   : 2=7.44%, 4=12.63%, 10=20.14%, 20=8.27%, 50=5.57%
  lat (msec)   : 100=4.55%, 250=18.21%, 500=3.75%, 750=0.51%, 1000=0.15%
  lat (msec)   : 2000=0.07%, >=2000=0.01%
  cpu          : usr=0.26%, sys=1.30%, ctx=5246020, majf=0, minf=88
  IO depths    : 1=0.1%, 2=0.1%, 4=0.1%, 8=0.1%, 16=16.8%, 32=83.2%, >=64=0.0%
     submit    : 0=0.0%, 4=100.0%, 8=0.0%, 16=0.0%, 32=0.0%, 64=0.0%, >=64=0.0%
     complete  : 0=0.0%, 4=100.0%, 8=0.0%, 16=0.0%, 32=0.0%, 64=0.0%, >=64=0.0%
     issued rwts: total=4147356,2077020,0,0 short=0,0,0,0 dropped=0,0,0,0
     latency   : target=0, window=0, percentile=100.00%, depth=16

Run status group 0 (all jobs):
   READ: bw=222MiB/s (232MB/s), 222MiB/s-222MiB/s (232MB/s-232MB/s), io=524GiB (563GB), run=2421460-2421460msec
  WRITE: bw=219MiB/s (229MB/s), 219MiB/s-219MiB/s (229MB/s-229MB/s), io=517GiB (555GB), run=2421460-2421460msec

randrw_4k: (groupid=0, jobs=6): err= 0: pid=28486: Sat Aug 29 02:01:19 2026
  read: IOPS=1726, BW=228MiB/s (239MB/s)(553GiB/2481460msec)
    slat (nsec): min=1151, max=841001, avg=22065.69, stdev=42518.05
    clat (usec): min=96, max=69709k, avg=29825.80, stdev=427345.50
     lat (usec): min=110, max=69709k, avg=29847.86, stdev=427345.51
    clat percentiles (usec):
     |  1.00th=[    490],  5.00th=[    537], 10.00th=[    570],
     | 20.00th=[    914], 30.00th=[   1926], 40.00th=[   2999],
     | 50.00th=[   4359], 60.00th=[   6128], 70.00th=[   9110],
     | 80.00th=[  19792], 90.00th=[  77071], 95.00th=[ 164627],
     | 99.00th=[ 350225], 99.50th=[ 417334], 99.90th=[ 574620],
     | 99.95th=[ 692061], 99.99th=[1317012]
   bw (  KiB/s): min=  297, max=2201680, per=100.00%, avg=250522.46, stdev=82698.92, samples=28476
   iops        : min=    0, max= 8290, avg=1789.69, stdev=143.93, samples=28476
  write: IOPS=867, BW=225MiB/s (236MB/s)(546GiB/2481460msec); 0 zone resets
    slat (nsec): min=1259, max=825247, avg=52314.09, stdev=80391.87
    clat (usec): min=179, max=69273k, avg=124992.91, stdev=156859.13
     lat (usec): min=185, max=69273k, avg=125045.23, stdev=156853.76
    clat percentiles (usec):
     |  1.00th=[    235],  5.00th=[    351], 10.00th=[    420],
     | 20.00th=[   3589], 30.00th=[   7767], 40.00th=[  13960],
     | 50.00th=[ 112722], 60.00th=[ 181404], 70.00th=[ 198181],
     | 80.00th=[ 223347], 90.00th=[ 246416], 95.00th=[ 316670],
     | 99.00th=[ 633340], 99.50th=[ 767558], 99.90th=[1182794],
     | 99.95th=[1317012], 99.99th=[1920992]
   bw (  KiB/s): min= 1759, max=2014664, per=100.00%, avg=248561.60, stdev=82627.23, samples=27908
   iops        : min=    7, max= 4376, avg=923.49, stdev=101.24, samples=27908
  lat (usec)   : 100=0.01%, 250=0.94%, 500=3.78%, 750=11.07%, 1000=2.64%
  lat (msec)   : 2=7.46%, 4=12.83%, 10=20.52%, 20=8.25%, 50=5.51%
  lat (msec)   : 100=4.60%, 250=17.87%, 500=3.77%, 750=0.54%, 1000=0.14%
  lat (msec)   : 2000=0.06%, >=2000=0.01%
  cpu          : usr=0.26%, sys=1.34%, ctx=5416012, majf=0, minf=88
  IO depths    : 1=0.1%, 2=0.1%, 4=0.1%, 8=0.1%, 16=17.2%, 32=82.8%, >=64=0.0%
     submit    : 0=0.0%, 4=100.0%, 8=0.0%, 16=0.0%, 32=0.0%, 64=0.0%, >=64=0.0%
     complete  : 0=0.0%, 4=100.0%, 8=0.0%, 16=0.0%, 32=0.0%, 64=0.0%, >=64=0.0%
     issued rwts: total=4284017,2152272,0,0 short=0,0,0,0 dropped=0,0,0,0
     latency   : target=0, window=0, percentile=100.00%, depth=16

Run status group 0 (all jobs):
   READ: bw=228MiB/s (239MB/s), 228MiB/s-228MiB/s (239MB/s-239MB/s), io=553GiB (594GB), run=2481460-2481460msec
  WRITE: bw=225MiB/s (236MB/s), 225MiB/s-225MiB/s (236MB/s-236MB/s), io=546GiB (586GB), run=2481460-2481460msec

randrw_4k: (groupid=0, jobs=6): err= 0: pid=28486: Sat Aug 29 02:02:19 2026
  read: IOPS=1739, BW=233MiB/s (245MB/s)(579GiB/2541460msec)
    slat (nsec): min=1151, max=841001, avg=22331.70, stdev=42797.92
    clat (usec): min=96, max=69709k, avg=30071.90, stdev=420916.64
     lat (usec): min=110, max=69709k, avg=30094.23, stdev=420916.64
    clat percentiles (usec):
     |  1.00th=[    494],  5.00th=[    537], 10.00th=[    578],
     | 20.00th=[    930], 30.00th=[   1958], 40.00th=[   3032],
     | 50.00th=[   4359], 60.00th=[   6194], 70.00th=[   9241],
     | 80.00th=[  20317], 90.00th=[  79168], 95.00th=[ 166724],
     | 99.00th=[ 350225], 99.50th=[ 417334], 99.90th=[ 574620],
     | 99.95th=[ 683672], 99.99th=[1283458]
   bw (  KiB/s): min=  297, max=2201680, per=100.00%, avg=256316.96, stdev=84600.74, samples=29183
   iops        : min=    0, max= 8290, avg=1801.84, stdev=145.57, samples=29183
  write: IOPS=875, BW=230MiB/s (242MB/s)(572GiB/2541460msec); 0 zone resets
    slat (nsec): min=1259, max=825247, avg=52942.16, stdev=80718.47
    clat (usec): min=179, max=69273k, avg=122864.74, stdev=157156.56
     lat (usec): min=185, max=69273k, avg=122917.68, stdev=157150.93
    clat percentiles (usec):
     |  1.00th=[    235],  5.00th=[    351], 10.00th=[    424],
     | 20.00th=[   3359], 30.00th=[   7242], 40.00th=[  12649],
     | 50.00th=[  91751], 60.00th=[ 173016], 70.00th=[ 198181],
     | 80.00th=[ 221250], 90.00th=[ 246416], 95.00th=[ 320865],
     | 99.00th=[ 633340], 99.50th=[ 767558], 99.90th=[1166017],
     | 99.95th=[1317012], 99.99th=[1920992]
   bw (  KiB/s): min= 1759, max=2014664, per=100.00%, avg=254765.86, stdev=84661.40, samples=28578
   iops        : min=    7, max= 4376, avg=932.70, stdev=103.58, samples=28578
  lat (usec)   : 100=0.01%, 250=0.97%, 500=3.71%, 750=10.98%, 1000=2.62%
  lat (msec)   : 2=7.46%, 4=12.97%, 10=20.85%, 20=8.23%, 50=5.46%
  lat (msec)   : 100=4.64%, 250=17.53%, 500=3.79%, 750=0.56%, 1000=0.14%
  lat (msec)   : 2000=0.06%, >=2000=0.01%
  cpu          : usr=0.27%, sys=1.36%, ctx=5586610, majf=0, minf=88
  IO depths    : 1=0.1%, 2=0.1%, 4=0.1%, 8=0.1%, 16=17.4%, 32=82.6%, >=64=0.0%
     submit    : 0=0.0%, 4=100.0%, 8=0.0%, 16=0.0%, 32=0.0%, 64=0.0%, >=64=0.0%
     complete  : 0=0.0%, 4=100.0%, 8=0.0%, 16=0.0%, 32=0.0%, 64=0.0%, >=64=0.0%
     issued rwts: total=4420066,2225989,0,0 short=0,0,0,0 dropped=0,0,0,0
     latency   : target=0, window=0, percentile=100.00%, depth=16

Run status group 0 (all jobs):
   READ: bw=233MiB/s (245MB/s), 233MiB/s-233MiB/s (245MB/s-245MB/s), io=579GiB (622GB), run=2541460-2541460msec
  WRITE: bw=230MiB/s (242MB/s), 230MiB/s-230MiB/s (242MB/s-242MB/s), io=572GiB (614GB), run=2541460-2541460msec

randrw_4k: (groupid=0, jobs=6): err= 0: pid=28486: Sat Aug 29 02:03:19 2026
  read: IOPS=1755, BW=239MiB/s (251MB/s)(608GiB/2601460msec)
    slat (nsec): min=1151, max=841001, avg=22717.31, stdev=43359.73
    clat (usec): min=96, max=69709k, avg=30051.20, stdev=414241.02
     lat (usec): min=110, max=69709k, avg=30073.92, stdev=414240.97
    clat percentiles (usec):
     |  1.00th=[    494],  5.00th=[    537], 10.00th=[    578],
     | 20.00th=[    955], 30.00th=[   2008], 40.00th=[   3130],
     | 50.00th=[   4490], 60.00th=[   6325], 70.00th=[   9503],
     | 80.00th=[  20579], 90.00th=[  79168], 95.00th=[ 166724],
     | 99.00th=[ 346031], 99.50th=[ 413139], 99.90th=[ 566232],
     | 99.95th=[ 683672], 99.99th=[1249903]
   bw (  KiB/s): min=  297, max=2201680, per=100.00%, avg=263279.73, stdev=85451.95, samples=29874
   iops        : min=    0, max= 8290, avg=1817.95, stdev=147.15, samples=29874
  write: IOPS=886, BW=237MiB/s (248MB/s)(601GiB/2601460msec); 0 zone resets
    slat (nsec): min=1259, max=825247, avg=53865.52, stdev=81513.42
    clat (usec): min=179, max=69273k, avg=120915.37, stdev=157482.66
     lat (usec): min=185, max=69273k, avg=120969.24, stdev=157476.69
    clat percentiles (usec):
     |  1.00th=[    233],  5.00th=[    351], 10.00th=[    433],
     | 20.00th=[   3326], 30.00th=[   7046], 40.00th=[  11731],
     | 50.00th=[  70779], 60.00th=[ 168821], 70.00th=[ 198181],
     | 80.00th=[ 221250], 90.00th=[ 246416], 95.00th=[ 325059],
     | 99.00th=[ 633340], 99.50th=[ 767558], 99.90th=[1166017],
     | 99.95th=[1300235], 99.99th=[1920992]
   bw (  KiB/s): min= 1759, max=2014664, per=100.00%, avg=261915.09, stdev=85661.88, samples=29227
   iops        : min=    7, max= 4376, avg=944.60, stdev=105.14, samples=29227
  lat (usec)   : 100=0.01%, 250=0.99%, 500=3.61%, 750=10.86%, 1000=2.57%
  lat (msec)   : 2=7.36%, 4=12.91%, 10=21.32%, 20=8.57%, 50=5.41%
  lat (msec)   : 100=4.66%, 250=17.15%, 500=3.78%, 750=0.60%, 1000=0.14%
  lat (msec)   : 2000=0.06%, >=2000=0.01%
  cpu          : usr=0.27%, sys=1.40%, ctx=5766987, majf=0, minf=88
  IO depths    : 1=0.1%, 2=0.1%, 4=0.1%, 8=0.1%, 16=17.7%, 32=82.3%, >=64=0.0%
     submit    : 0=0.0%, 4=100.0%, 8=0.0%, 16=0.0%, 32=0.0%, 64=0.0%, >=64=0.0%
     complete  : 0=0.0%, 4=100.0%, 8=0.0%, 16=0.0%, 32=0.0%, 64=0.0%, >=64=0.0%
     issued rwts: total=4566212,2305416,0,0 short=0,0,0,0 dropped=0,0,0,0
     latency   : target=0, window=0, percentile=100.00%, depth=16

Run status group 0 (all jobs):
   READ: bw=239MiB/s (251MB/s), 239MiB/s-239MiB/s (251MB/s-251MB/s), io=608GiB (653GB), run=2601460-2601460msec
  WRITE: bw=237MiB/s (248MB/s), 237MiB/s-237MiB/s (248MB/s-248MB/s), io=601GiB (645GB), run=2601460-2601460msec

randrw_4k: (groupid=0, jobs=6): err= 0: pid=28486: Sat Aug 29 02:04:19 2026
  read: IOPS=1765, BW=245MiB/s (257MB/s)(636GiB/2661460msec)
    slat (nsec): min=1151, max=841001, avg=22988.31, stdev=43627.07
    clat (usec): min=96, max=69709k, avg=30256.35, stdev=408534.88
     lat (usec): min=110, max=69709k, avg=30279.34, stdev=408534.81
    clat percentiles (usec):
     |  1.00th=[    494],  5.00th=[    537], 10.00th=[    578],
     | 20.00th=[    979], 30.00th=[   2040], 40.00th=[   3163],
     | 50.00th=[   4555], 60.00th=[   6390], 70.00th=[   9503],
     | 80.00th=[  21103], 90.00th=[  81265], 95.00th=[ 166724],
     | 99.00th=[ 346031], 99.50th=[ 413139], 99.90th=[ 566232],
     | 99.95th=[ 683672], 99.99th=[1266680]
   bw (  KiB/s): min=  297, max=2201680, per=100.00%, avg=268829.12, stdev=87877.19, samples=30577
   iops        : min=    0, max= 8290, avg=1827.50, stdev=148.91, samples=30577
  write: IOPS=893, BW=242MiB/s (254MB/s)(629GiB/2661460msec); 0 zone resets
    slat (nsec): min=1259, max=825247, avg=54522.99, stdev=81861.25
    clat (usec): min=179, max=69273k, avg=119134.06, stdev=157631.69
     lat (usec): min=185, max=69273k, avg=119188.58, stdev=157625.43
    clat percentiles (usec):
     |  1.00th=[    233],  5.00th=[    351], 10.00th=[    445],
     | 20.00th=[   3228], 30.00th=[   6652], 40.00th=[  11076],
     | 50.00th=[  54264], 60.00th=[ 168821], 70.00th=[ 196084],
     | 80.00th=[ 221250], 90.00th=[ 246416], 95.00th=[ 329253],
     | 99.00th=[ 633340], 99.50th=[ 759170], 99.90th=[1149240],
     | 99.95th=[1300235], 99.99th=[1904215]
   bw (  KiB/s): min= 1759, max=2014664, per=100.00%, avg=268237.15, stdev=88205.26, samples=29865
   iops        : min=    7, max= 4376, avg=953.63, stdev=107.73, samples=29865
  lat (usec)   : 100=0.01%, 250=0.98%, 500=3.54%, 750=10.71%, 1000=2.55%
  lat (msec)   : 2=7.38%, 4=13.06%, 10=21.63%, 20=8.58%, 50=5.37%
  lat (msec)   : 100=4.71%, 250=16.84%, 500=3.81%, 750=0.62%, 1000=0.14%
  lat (msec)   : 2000=0.06%, >=2000=0.01%
  cpu          : usr=0.28%, sys=1.42%, ctx=5932696, majf=0, minf=88
  IO depths    : 1=0.1%, 2=0.1%, 4=0.1%, 8=0.1%, 16=18.0%, 32=82.0%, >=64=0.0%
     submit    : 0=0.0%, 4=100.0%, 8=0.0%, 16=0.0%, 32=0.0%, 64=0.0%, >=64=0.0%
     complete  : 0=0.0%, 4=100.0%, 8=0.0%, 16=0.0%, 32=0.0%, 64=0.0%, >=64=0.0%
     issued rwts: total=4699508,2378802,0,0 short=0,0,0,0 dropped=0,0,0,0
     latency   : target=0, window=0, percentile=100.00%, depth=16

Run status group 0 (all jobs):
   READ: bw=245MiB/s (257MB/s), 245MiB/s-245MiB/s (257MB/s-257MB/s), io=636GiB (683GB), run=2661460-2661460msec
  WRITE: bw=242MiB/s (254MB/s), 242MiB/s-242MiB/s (254MB/s-254MB/s), io=629GiB (675GB), run=2661460-2661460msec

randrw_4k: (groupid=0, jobs=6): err= 0: pid=28486: Sat Aug 29 02:05:19 2026
  read: IOPS=1776, BW=250MiB/s (262MB/s)(663GiB/2721461msec)
    slat (nsec): min=1151, max=841001, avg=23214.31, stdev=43801.61
    clat (usec): min=96, max=69709k, avg=30489.18, stdev=402998.54
     lat (usec): min=110, max=69709k, avg=30512.39, stdev=402998.46
    clat percentiles (usec):
     |  1.00th=[    494],  5.00th=[    537], 10.00th=[    578],
     | 20.00th=[   1004], 30.00th=[   2073], 40.00th=[   3195],
     | 50.00th=[   4555], 60.00th=[   6390], 70.00th=[   9634],
     | 80.00th=[  21627], 90.00th=[  82314], 95.00th=[ 168821],
     | 99.00th=[ 346031], 99.50th=[ 413139], 99.90th=[ 566232],
     | 99.95th=[ 675283], 99.99th=[1249903]
   bw (  KiB/s): min=  297, max=2201680, per=100.00%, avg=274042.59, stdev=90324.44, samples=31286
   iops        : min=    0, max= 8290, avg=1837.47, stdev=150.72, samples=31286
  write: IOPS=901, BW=247MiB/s (259MB/s)(656GiB/2721461msec); 0 zone resets
    slat (nsec): min=1259, max=825247, avg=55033.01, stdev=82019.09
    clat (usec): min=179, max=69273k, avg=117337.54, stdev=157605.86
     lat (usec): min=185, max=69273k, avg=117392.57, stdev=157599.37
    clat percentiles (usec):
     |  1.00th=[    233],  5.00th=[    351], 10.00th=[    453],
     | 20.00th=[   3064], 30.00th=[   6325], 40.00th=[  10421],
     | 50.00th=[  47973], 60.00th=[ 166724], 70.00th=[ 196084],
     | 80.00th=[ 221250], 90.00th=[ 246416], 95.00th=[ 333448],
     | 99.00th=[ 633340], 99.50th=[ 759170], 99.90th=[1132463],
     | 99.95th=[1300235], 99.99th=[1887437]
   bw (  KiB/s): min= 1759, max=2014664, per=100.00%, avg=273804.91, stdev=90648.69, samples=30532
   iops        : min=    7, max= 4376, avg=961.72, stdev=110.24, samples=30532
  lat (usec)   : 100=0.01%, 250=0.98%, 500=3.48%, 750=10.60%, 1000=2.54%
  lat (msec)   : 2=7.41%, 4=13.25%, 10=21.92%, 20=8.52%, 50=5.33%
  lat (msec)   : 100=4.74%, 250=16.55%, 500=3.85%, 750=0.64%, 1000=0.13%
  lat (msec)   : 2000=0.06%, >=2000=0.01%
  cpu          : usr=0.28%, sys=1.45%, ctx=6101918, majf=0, minf=88
  IO depths    : 1=0.1%, 2=0.1%, 4=0.1%, 8=0.1%, 16=18.2%, 32=81.8%, >=64=0.0%
     submit    : 0=0.0%, 4=100.0%, 8=0.0%, 16=0.0%, 32=0.0%, 64=0.0%, >=64=0.0%
     complete  : 0=0.0%, 4=100.0%, 8=0.0%, 16=0.0%, 32=0.0%, 64=0.0%, >=64=0.0%
     issued rwts: total=4834445,2452530,0,0 short=0,0,0,0 dropped=0,0,0,0
     latency   : target=0, window=0, percentile=100.00%, depth=16

Run status group 0 (all jobs):
   READ: bw=250MiB/s (262MB/s), 250MiB/s-250MiB/s (262MB/s-262MB/s), io=663GiB (712GB), run=2721461-2721461msec
  WRITE: bw=247MiB/s (259MB/s), 247MiB/s-247MiB/s (259MB/s-259MB/s), io=656GiB (704GB), run=2721461-2721461msec

randrw_4k: (groupid=0, jobs=6): err= 0: pid=28486: Sat Aug 29 02:06:19 2026
  read: IOPS=1786, BW=254MiB/s (267MB/s)(691GiB/2781460msec)
    slat (nsec): min=1151, max=841001, avg=23445.43, stdev=44001.02
    clat (usec): min=96, max=69709k, avg=30723.68, stdev=397737.65
     lat (usec): min=110, max=69709k, avg=30747.13, stdev=397737.55
    clat percentiles (usec):
     |  1.00th=[    494],  5.00th=[    537], 10.00th=[    578],
     | 20.00th=[   1029], 30.00th=[   2114], 40.00th=[   3228],
     | 50.00th=[   4621], 60.00th=[   6456], 70.00th=[   9634],
     | 80.00th=[  22414], 90.00th=[  83362], 95.00th=[ 170918],
     | 99.00th=[ 346031], 99.50th=[ 413139], 99.90th=[ 566232],
     | 99.95th=[ 675283], 99.99th=[1233126]
   bw (  KiB/s): min=  297, max=2201680, per=100.00%, avg=279342.85, stdev=92591.73, samples=31994
   iops        : min=    0, max= 8290, avg=1846.90, stdev=152.21, samples=31994
  write: IOPS=908, BW=252MiB/s (264MB/s)(683GiB/2781460msec); 0 zone resets
    slat (nsec): min=1259, max=825247, avg=55558.94, stdev=82215.66
    clat (usec): min=179, max=69273k, avg=115666.59, stdev=157494.06
     lat (usec): min=185, max=69273k, avg=115722.15, stdev=157487.34
    clat percentiles (usec):
     |  1.00th=[    233],  5.00th=[    351], 10.00th=[    469],
     | 20.00th=[   2966], 30.00th=[   5997], 40.00th=[   9765],
     | 50.00th=[  40633], 60.00th=[ 166724], 70.00th=[ 196084],
     | 80.00th=[ 219153], 90.00th=[ 246416], 95.00th=[ 337642],
     | 99.00th=[ 624952], 99.50th=[ 750781], 99.90th=[1132463],
     | 99.95th=[1283458], 99.99th=[1887437]
   bw (  KiB/s): min= 1759, max=2014664, per=100.00%, avg=279458.60, stdev=92897.38, samples=31202
   iops        : min=    7, max= 4376, avg=969.46, stdev=112.48, samples=31202
  lat (usec)   : 100=0.01%, 250=0.97%, 500=3.43%, 750=10.47%, 1000=2.52%
  lat (msec)   : 2=7.44%, 4=13.42%, 10=22.18%, 20=8.44%, 50=5.29%
  lat (msec)   : 100=4.79%, 250=16.31%, 500=3.88%, 750=0.65%, 1000=0.13%
  lat (msec)   : 2000=0.06%, >=2000=0.01%
  cpu          : usr=0.29%, sys=1.47%, ctx=6268373, majf=0, minf=88
  IO depths    : 1=0.1%, 2=0.1%, 4=0.1%, 8=0.1%, 16=18.5%, 32=81.5%, >=64=0.0%
     submit    : 0=0.0%, 4=100.0%, 8=0.0%, 16=0.0%, 32=0.0%, 64=0.0%, >=64=0.0%
     complete  : 0=0.0%, 4=100.0%, 8=0.0%, 16=0.0%, 32=0.0%, 64=0.0%, >=64=0.0%
     issued rwts: total=4967731,2525582,0,0 short=0,0,0,0 dropped=0,0,0,0
     latency   : target=0, window=0, percentile=100.00%, depth=16

Run status group 0 (all jobs):
   READ: bw=254MiB/s (267MB/s), 254MiB/s-254MiB/s (267MB/s-267MB/s), io=691GiB (742GB), run=2781460-2781460msec
  WRITE: bw=252MiB/s (264MB/s), 252MiB/s-252MiB/s (264MB/s-264MB/s), io=683GiB (734GB), run=2781460-2781460msec

randrw_4k: (groupid=0, jobs=6): err= 0: pid=28486: Sat Aug 29 02:07:19 2026
  read: IOPS=1795, BW=259MiB/s (272MB/s)(719GiB/2841460msec)
    slat (nsec): min=1151, max=841001, avg=23675.02, stdev=44195.51
    clat (usec): min=96, max=69709k, avg=30926.64, stdev=392675.42
     lat (usec): min=110, max=69709k, avg=30950.31, stdev=392675.31
    clat percentiles (usec):
     |  1.00th=[    494],  5.00th=[    537], 10.00th=[    578],
     | 20.00th=[   1057], 30.00th=[   2147], 40.00th=[   3261],
     | 50.00th=[   4621], 60.00th=[   6456], 70.00th=[   9765],
     | 80.00th=[  22938], 90.00th=[  85459], 95.00th=[ 173016],
     | 99.00th=[ 346031], 99.50th=[ 413139], 99.90th=[ 566232],
     | 99.95th=[ 666895], 99.99th=[1216349]
   bw (  KiB/s): min=  297, max=2201680, per=100.00%, avg=284350.69, stdev=94659.58, samples=32703
   iops        : min=    0, max= 8290, avg=1855.27, stdev=153.65, samples=32703
  write: IOPS=914, BW=256MiB/s (269MB/s)(711GiB/2841460msec); 0 zone resets
    slat (nsec): min=1259, max=825247, avg=56068.08, stdev=82393.24
    clat (usec): min=179, max=69273k, avg=114120.10, stdev=157450.55
     lat (usec): min=185, max=69273k, avg=114176.16, stdev=157443.61
    clat percentiles (usec):
     |  1.00th=[    233],  5.00th=[    351], 10.00th=[    482],
     | 20.00th=[   2868], 30.00th=[   5735], 40.00th=[   9241],
     | 50.00th=[  22414], 60.00th=[ 160433], 70.00th=[ 196084],
     | 80.00th=[ 219153], 90.00th=[ 246416], 95.00th=[ 341836],
     | 99.00th=[ 624952], 99.50th=[ 750781], 99.90th=[1115685],
     | 99.95th=[1283458], 99.99th=[1853883]
   bw (  KiB/s): min= 1759, max=2014664, per=100.00%, avg=284856.38, stdev=94959.38, samples=31865
   iops        : min=    7, max= 4376, avg=976.55, stdev=114.68, samples=31865
  lat (usec)   : 100=0.01%, 250=0.97%, 500=3.38%, 750=10.36%, 1000=2.50%
  lat (msec)   : 2=7.49%, 4=13.61%, 10=22.42%, 20=8.36%, 50=5.24%
  lat (msec)   : 100=4.82%, 250=16.07%, 500=3.91%, 750=0.67%, 1000=0.13%
  lat (msec)   : 2000=0.05%, >=2000=0.01%
  cpu          : usr=0.29%, sys=1.49%, ctx=6434259, majf=0, minf=88
  IO depths    : 1=0.1%, 2=0.1%, 4=0.1%, 8=0.1%, 16=18.7%, 32=81.3%, >=64=0.0%
     submit    : 0=0.0%, 4=100.0%, 8=0.0%, 16=0.0%, 32=0.0%, 64=0.0%, >=64=0.0%
     complete  : 0=0.0%, 4=100.0%, 8=0.0%, 16=0.0%, 32=0.0%, 64=0.0%, >=64=0.0%
     issued rwts: total=5101591,2598806,0,0 short=0,0,0,0 dropped=0,0,0,0
     latency   : target=0, window=0, percentile=100.00%, depth=16

Run status group 0 (all jobs):
   READ: bw=259MiB/s (272MB/s), 259MiB/s-259MiB/s (272MB/s-272MB/s), io=719GiB (772GB), run=2841460-2841460msec
  WRITE: bw=256MiB/s (269MB/s), 256MiB/s-256MiB/s (269MB/s-269MB/s), io=711GiB (764GB), run=2841460-2841460msec

randrw_4k: (groupid=0, jobs=6): err= 0: pid=28486: Sat Aug 29 02:08:19 2026
  read: IOPS=1804, BW=264MiB/s (277MB/s)(747GiB/2901461msec)
    slat (nsec): min=1151, max=841001, avg=23903.50, stdev=44406.48
    clat (usec): min=96, max=69709k, avg=31100.25, stdev=387827.25
     lat (usec): min=110, max=69709k, avg=31124.16, stdev=387827.12
    clat percentiles (usec):
     |  1.00th=[    494],  5.00th=[    537], 10.00th=[    586],
     | 20.00th=[   1074], 30.00th=[   2180], 40.00th=[   3294],
     | 50.00th=[   4621], 60.00th=[   6456], 70.00th=[   9765],
     | 80.00th=[  23462], 90.00th=[  86508], 95.00th=[ 173016],
     | 99.00th=[ 346031], 99.50th=[ 413139], 99.90th=[ 566232],
     | 99.95th=[ 658506], 99.99th=[1182794]
   bw (  KiB/s): min=  297, max=2201680, per=100.00%, avg=289179.26, stdev=96560.65, samples=33411
   iops        : min=    0, max= 8290, avg=1863.72, stdev=155.13, samples=33411
  write: IOPS=921, BW=261MiB/s (273MB/s)(739GiB/2901461msec); 0 zone resets
    slat (nsec): min=1259, max=825247, avg=56543.40, stdev=82577.62
    clat (usec): min=179, max=69273k, avg=112687.98, stdev=157495.81
     lat (usec): min=185, max=69273k, avg=112744.52, stdev=157488.68
    clat percentiles (usec):
     |  1.00th=[    233],  5.00th=[    355], 10.00th=[    498],
     | 20.00th=[   2802], 30.00th=[   5538], 40.00th=[   8848],
     | 50.00th=[  17171], 60.00th=[ 152044], 70.00th=[ 196084],
     | 80.00th=[ 219153], 90.00th=[ 246416], 95.00th=[ 346031],
     | 99.00th=[ 624952], 99.50th=[ 742392], 99.90th=[1115685],
     | 99.95th=[1266680], 99.99th=[1853883]
   bw (  KiB/s): min= 1759, max=2014664, per=100.00%, avg=290042.41, stdev=96915.01, samples=32526
   iops        : min=    7, max= 4376, avg=983.87, stdev=116.77, samples=32526
  lat (usec)   : 100=0.01%, 250=0.96%, 500=3.33%, 750=10.25%, 1000=2.49%
  lat (msec)   : 2=7.54%, 4=13.82%, 10=22.64%, 20=8.29%, 50=5.20%
  lat (msec)   : 100=4.85%, 250=15.82%, 500=3.93%, 750=0.69%, 1000=0.13%
  lat (msec)   : 2000=0.05%, >=2000=0.01%
  cpu          : usr=0.30%, sys=1.51%, ctx=6596178, majf=0, minf=88
  IO depths    : 1=0.1%, 2=0.1%, 4=0.1%, 8=0.1%, 16=18.9%, 32=81.1%, >=64=0.0%
     submit    : 0=0.0%, 4=100.0%, 8=0.0%, 16=0.0%, 32=0.0%, 64=0.0%, >=64=0.0%
     complete  : 0=0.0%, 4=100.0%, 8=0.0%, 16=0.0%, 32=0.0%, 64=0.0%, >=64=0.0%
     issued rwts: total=5235068,2672256,0,0 short=0,0,0,0 dropped=0,0,0,0
     latency   : target=0, window=0, percentile=100.00%, depth=16

Run status group 0 (all jobs):
   READ: bw=264MiB/s (277MB/s), 264MiB/s-264MiB/s (277MB/s-277MB/s), io=747GiB (802GB), run=2901461-2901461msec
  WRITE: bw=261MiB/s (273MB/s), 261MiB/s-261MiB/s (273MB/s-273MB/s), io=739GiB (793GB), run=2901461-2901461msec

randrw_4k: (groupid=0, jobs=6): err= 0: pid=28486: Sat Aug 29 02:09:19 2026
  read: IOPS=1812, BW=268MiB/s (281MB/s)(774GiB/2961461msec)
    slat (nsec): min=1151, max=841001, avg=24096.23, stdev=44577.13
    clat (usec): min=96, max=69709k, avg=31290.02, stdev=383208.10
     lat (usec): min=110, max=69709k, avg=31314.12, stdev=383207.96
    clat percentiles (usec):
     |  1.00th=[    494],  5.00th=[    537], 10.00th=[    586],
     | 20.00th=[   1090], 30.00th=[   2180], 40.00th=[   3294],
     | 50.00th=[   4686], 60.00th=[   6456], 70.00th=[   9765],
     | 80.00th=[  23725], 90.00th=[  87557], 95.00th=[ 175113],
     | 99.00th=[ 346031], 99.50th=[ 413139], 99.90th=[ 566232],
     | 99.95th=[ 658506], 99.99th=[1182794]
   bw (  KiB/s): min=  297, max=2201680, per=100.00%, avg=293467.69, stdev=98029.87, samples=34120
   iops        : min=    0, max= 8290, avg=1871.49, stdev=156.41, samples=34120
  write: IOPS=926, BW=265MiB/s (278MB/s)(766GiB/2961461msec); 0 zone resets
    slat (nsec): min=1259, max=825247, avg=56971.69, stdev=82731.87
    clat (usec): min=179, max=69273k, avg=111316.05, stdev=157504.88
     lat (usec): min=185, max=69273k, avg=111373.02, stdev=157497.59
    clat percentiles (usec):
     |  1.00th=[    233],  5.00th=[    355], 10.00th=[    515],
     | 20.00th=[   2737], 30.00th=[   5342], 40.00th=[   8455],
     | 50.00th=[  15139], 60.00th=[ 141558], 70.00th=[ 193987],
     | 80.00th=[ 219153], 90.00th=[ 246416], 95.00th=[ 350225],
     | 99.00th=[ 624952], 99.50th=[ 742392], 99.90th=[1098908],
     | 99.95th=[1266680], 99.99th=[1837106]
   bw (  KiB/s): min= 1759, max=2014664, per=100.00%, avg=294920.06, stdev=98506.59, samples=33182
   iops        : min=    7, max= 4376, avg=990.73, stdev=118.52, samples=33182
  lat (usec)   : 100=0.01%, 250=0.96%, 500=3.29%, 750=10.16%, 1000=2.47%
  lat (msec)   : 2=7.57%, 4=13.99%, 10=22.88%, 20=8.22%, 50=5.16%
  lat (msec)   : 100=4.85%, 250=15.59%, 500=3.96%, 750=0.71%, 1000=0.13%
  lat (msec)   : 2000=0.05%, >=2000=0.01%
  cpu          : usr=0.30%, sys=1.53%, ctx=6759330, majf=0, minf=88
  IO depths    : 1=0.1%, 2=0.1%, 4=0.1%, 8=0.1%, 16=19.1%, 32=80.9%, >=64=0.0%
     submit    : 0=0.0%, 4=100.0%, 8=0.0%, 16=0.0%, 32=0.0%, 64=0.0%, >=64=0.0%
     complete  : 0=0.0%, 4=100.0%, 8=0.0%, 16=0.0%, 32=0.0%, 64=0.0%, >=64=0.0%
     issued rwts: total=5367940,2745087,0,0 short=0,0,0,0 dropped=0,0,0,0
     latency   : target=0, window=0, percentile=100.00%, depth=16

Run status group 0 (all jobs):
   READ: bw=268MiB/s (281MB/s), 268MiB/s-268MiB/s (281MB/s-281MB/s), io=774GiB (831GB), run=2961461-2961461msec
  WRITE: bw=265MiB/s (278MB/s), 265MiB/s-265MiB/s (278MB/s-278MB/s), io=766GiB (822GB), run=2961461-2961461msec

randrw_4k: (groupid=0, jobs=6): err= 0: pid=28486: Sat Aug 29 02:10:19 2026
  read: IOPS=1819, BW=271MiB/s (284MB/s)(800GiB/3021460msec)
    slat (nsec): min=1151, max=841001, avg=24273.66, stdev=44751.30
    clat (usec): min=96, max=69709k, avg=31582.94, stdev=378967.06
     lat (usec): min=110, max=69709k, avg=31607.21, stdev=378966.88
    clat percentiles (usec):
     |  1.00th=[    494],  5.00th=[    537], 10.00th=[    586],
     | 20.00th=[   1106], 30.00th=[   2212], 40.00th=[   3326],
     | 50.00th=[   4686], 60.00th=[   6521], 70.00th=[   9896],
     | 80.00th=[  24249], 90.00th=[  88605], 95.00th=[ 177210],
     | 99.00th=[ 350225], 99.50th=[ 413139], 99.90th=[ 566232],
     | 99.95th=[ 666895], 99.99th=[1216349]
   bw (  KiB/s): min=  297, max=2252880, per=100.00%, avg=297394.47, stdev=98595.49, samples=34820
   iops        : min=    0, max= 8340, avg=1877.75, stdev=157.27, samples=34820
  write: IOPS=931, BW=268MiB/s (281MB/s)(791GiB/3021460msec); 0 zone resets
    slat (nsec): min=1259, max=878316, avg=57355.31, stdev=82917.92
    clat (usec): min=179, max=69273k, avg=109948.72, stdev=157402.34
     lat (usec): min=185, max=69273k, avg=110006.07, stdev=157395.07
    clat percentiles (usec):
     |  1.00th=[    233],  5.00th=[    351], 10.00th=[    506],
     | 20.00th=[   2638], 30.00th=[   5211], 40.00th=[   8225],
     | 50.00th=[  14091], 60.00th=[ 135267], 70.00th=[ 193987],
     | 80.00th=[ 217056], 90.00th=[ 246416], 95.00th=[ 354419],
     | 99.00th=[ 624952], 99.50th=[ 742392], 99.90th=[1098908],
     | 99.95th=[1266680], 99.99th=[1820328]
   bw (  KiB/s): min= 1759, max=2137544, per=100.00%, avg=298865.31, stdev=99038.63, samples=33842
   iops        : min=    7, max= 4496, avg=996.29, stdev=119.41, samples=33842
  lat (usec)   : 100=0.01%, 250=0.99%, 500=3.28%, 750=10.12%, 1000=2.46%
  lat (msec)   : 2=7.58%, 4=14.02%, 10=22.99%, 20=8.26%, 50=5.13%
  lat (msec)   : 100=4.88%, 250=15.40%, 500=3.99%, 750=0.71%, 1000=0.13%
  lat (msec)   : 2000=0.05%, >=2000=0.01%
  cpu          : usr=0.30%, sys=1.55%, ctx=6924831, majf=0, minf=88
  IO depths    : 1=0.1%, 2=0.1%, 4=0.1%, 8=0.1%, 16=19.3%, 32=80.7%, >=64=0.0%
     submit    : 0=0.0%, 4=100.0%, 8=0.0%, 16=0.0%, 32=0.0%, 64=0.0%, >=64=0.0%
     complete  : 0=0.0%, 4=100.0%, 8=0.0%, 16=0.0%, 32=0.0%, 64=0.0%, >=64=0.0%
     issued rwts: total=5496550,2815232,0,0 short=0,0,0,0 dropped=0,0,0,0
     latency   : target=0, window=0, percentile=100.00%, depth=16

Run status group 0 (all jobs):
   READ: bw=271MiB/s (284MB/s), 271MiB/s-271MiB/s (284MB/s-284MB/s), io=800GiB (859GB), run=3021460-3021460msec
  WRITE: bw=268MiB/s (281MB/s), 268MiB/s-268MiB/s (281MB/s-281MB/s), io=791GiB (850GB), run=3021460-3021460msec

randrw_4k: (groupid=0, jobs=6): err= 0: pid=28486: Sat Aug 29 02:11:20 2026
  read: IOPS=1826, BW=275MiB/s (288MB/s)(827GiB/3081461msec)
    slat (nsec): min=1151, max=841001, avg=24464.79, stdev=44938.79
    clat (usec): min=96, max=69709k, avg=31805.60, stdev=374777.02
     lat (usec): min=110, max=69709k, avg=31830.06, stdev=374776.82
    clat percentiles (usec):
     |  1.00th=[    494],  5.00th=[    537], 10.00th=[    586],
     | 20.00th=[   1123], 30.00th=[   2212], 40.00th=[   3326],
     | 50.00th=[   4686], 60.00th=[   6521], 70.00th=[   9896],
     | 80.00th=[  24511], 90.00th=[  89654], 95.00th=[ 179307],
     | 99.00th=[ 350225], 99.50th=[ 413139], 99.90th=[ 566232],
     | 99.95th=[ 666895], 99.99th=[1216349]
   bw (  KiB/s): min=  297, max=2252880, per=100.00%, avg=301511.55, stdev=99866.45, samples=35524
   iops        : min=    0, max= 8340, avg=1884.24, stdev=158.26, samples=35524
  write: IOPS=936, BW=272MiB/s (285MB/s)(818GiB/3081461msec); 0 zone resets
    slat (nsec): min=1259, max=878316, avg=57745.68, stdev=83070.35
    clat (usec): min=179, max=69273k, avg=108706.71, stdev=157401.19
     lat (usec): min=185, max=69273k, avg=108764.46, stdev=157393.82
    clat percentiles (usec):
     |  1.00th=[    233],  5.00th=[    351], 10.00th=[    515],
     | 20.00th=[   2573], 30.00th=[   5014], 40.00th=[   7898],
     | 50.00th=[  13304], 60.00th=[ 126354], 70.00th=[ 193987],
     | 80.00th=[ 217056], 90.00th=[ 246416], 95.00th=[ 354419],
     | 99.00th=[ 624952], 99.50th=[ 742392], 99.90th=[1098908],
     | 99.95th=[1266680], 99.99th=[1803551]
   bw (  KiB/s): min= 1759, max=2137544, per=100.00%, avg=303303.13, stdev=100259.75, samples=34502
   iops        : min=    7, max= 4496, avg=1002.16, stdev=120.79, samples=34502
  lat (usec)   : 100=0.01%, 250=0.99%, 500=3.25%, 750=10.06%, 1000=2.45%
  lat (msec)   : 2=7.64%, 4=14.18%, 10=23.12%, 20=8.19%, 50=5.09%
  lat (msec)   : 100=4.89%, 250=15.20%, 500=4.02%, 750=0.73%, 1000=0.13%
  lat (msec)   : 2000=0.05%, >=2000=0.01%
  cpu          : usr=0.30%, sys=1.57%, ctx=7083151, majf=0, minf=88
  IO depths    : 1=0.1%, 2=0.1%, 4=0.1%, 8=0.1%, 16=19.5%, 32=80.5%, >=64=0.0%
     submit    : 0=0.0%, 4=100.0%, 8=0.0%, 16=0.0%, 32=0.0%, 64=0.0%, >=64=0.0%
     complete  : 0=0.0%, 4=100.0%, 8=0.0%, 16=0.0%, 32=0.0%, 64=0.0%, >=64=0.0%
     issued rwts: total=5626921,2886700,0,0 short=0,0,0,0 dropped=0,0,0,0
     latency   : target=0, window=0, percentile=100.00%, depth=16

Run status group 0 (all jobs):
   READ: bw=275MiB/s (288MB/s), 275MiB/s-275MiB/s (288MB/s-288MB/s), io=827GiB (888GB), run=3081461-3081461msec
  WRITE: bw=272MiB/s (285MB/s), 272MiB/s-272MiB/s (285MB/s-285MB/s), io=818GiB (878GB), run=3081461-3081461msec

randrw_4k: (groupid=0, jobs=6): err= 0: pid=28486: Sat Aug 29 02:12:19 2026
  read: IOPS=1826, BW=277MiB/s (290MB/s)(850GiB/3141460msec)
    slat (nsec): min=1151, max=14592k, avg=24653.89, stdev=47443.21
    clat (usec): min=96, max=69709k, avg=32064.68, stdev=371270.53
     lat (usec): min=110, max=69709k, avg=32089.33, stdev=371270.32
    clat percentiles (usec):
     |  1.00th=[    494],  5.00th=[    537], 10.00th=[    586],
     | 20.00th=[   1139], 30.00th=[   2245], 40.00th=[   3359],
     | 50.00th=[   4686], 60.00th=[   6521], 70.00th=[   9896],
     | 80.00th=[  25297], 90.00th=[  91751], 95.00th=[ 181404],
     | 99.00th=[ 350225], 99.50th=[ 413139], 99.90th=[ 566232],
     | 99.95th=[ 666895], 99.99th=[1199571]
   bw (  KiB/s): min=  297, max=2252880, per=100.00%, avg=303672.77, stdev=100737.30, samples=36230
   iops        : min=    0, max= 8340, avg=1884.73, stdev=158.95, samples=36230
  write: IOPS=938, BW=274MiB/s (287MB/s)(841GiB/3141460msec); 0 zone resets
    slat (nsec): min=1259, max=16607k, avg=58136.70, stdev=84258.62
    clat (usec): min=2, max=69273k, avg=107945.82, stdev=157672.78
     lat (usec): min=185, max=69273k, avg=108003.96, stdev=157665.37
    clat percentiles (usec):
     |  1.00th=[    233],  5.00th=[    351], 10.00th=[    529],
     | 20.00th=[   2540], 30.00th=[   4948], 40.00th=[   7701],
     | 50.00th=[  12649], 60.00th=[ 116917], 70.00th=[ 191890],
     | 80.00th=[ 217056], 90.00th=[ 246416], 95.00th=[ 358613],
     | 99.00th=[ 624952], 99.50th=[ 742392], 99.90th=[1098908],
     | 99.95th=[1266680], 99.99th=[1820328]
   bw (  KiB/s): min= 1759, max=2137544, per=100.00%, avg=305871.79, stdev=101292.35, samples=35175
   iops        : min=    7, max= 4496, avg=1003.98, stdev=121.91, samples=35175
  lat (usec)   : 4=0.01%, 100=0.01%, 250=0.99%, 500=3.22%, 750=9.98%
  lat (usec)   : 1000=2.43%
  lat (msec)   : 2=7.67%, 4=14.29%, 10=23.23%, 20=8.13%, 50=5.09%
  lat (msec)   : 100=4.93%, 250=15.06%, 500=4.06%, 750=0.75%, 1000=0.13%
  lat (msec)   : 2000=0.05%, >=2000=0.01%
  cpu          : usr=0.31%, sys=1.58%, ctx=7221602, majf=0, minf=89
  IO depths    : 1=0.1%, 2=0.1%, 4=0.1%, 8=0.1%, 16=19.6%, 32=80.4%, >=64=0.0%
     submit    : 0=0.0%, 4=100.0%, 8=0.0%, 16=0.0%, 32=0.0%, 64=0.0%, >=64=0.0%
     complete  : 0=0.0%, 4=100.0%, 8=0.0%, 16=0.0%, 32=0.0%, 64=0.0%, >=64=0.0%
     issued rwts: total=5739378,2948199,0,0 short=0,0,0,0 dropped=0,0,0,0
     latency   : target=0, window=0, percentile=100.00%, depth=16

Run status group 0 (all jobs):
   READ: bw=277MiB/s (290MB/s), 277MiB/s-277MiB/s (290MB/s-290MB/s), io=850GiB (912GB), run=3141460-3141460msec
  WRITE: bw=274MiB/s (287MB/s), 274MiB/s-274MiB/s (287MB/s-287MB/s), io=841GiB (903GB), run=3141460-3141460msec

randrw_4k: (groupid=0, jobs=6): err= 0: pid=28486: Sat Aug 29 02:13:19 2026
  read: IOPS=1809, BW=273MiB/s (286MB/s)(853GiB/3201460msec)
    slat (nsec): min=1151, max=16544k, avg=24632.13, stdev=49047.48
    clat (usec): min=2, max=69709k, avg=32821.85, stdev=369919.18
     lat (usec): min=110, max=69709k, avg=32846.48, stdev=369919.00
    clat percentiles (usec):
     |  1.00th=[    494],  5.00th=[    537], 10.00th=[    586],
     | 20.00th=[   1156], 30.00th=[   2245], 40.00th=[   3392],
     | 50.00th=[   4752], 60.00th=[   6652], 70.00th=[  10159],
     | 80.00th=[  26870], 90.00th=[  93848], 95.00th=[ 185598],
     | 99.00th=[ 358613], 99.50th=[ 421528], 99.90th=[ 574620],
     | 99.95th=[ 683672], 99.99th=[1216349]
   bw (  KiB/s): min=  297, max=2252880, per=100.00%, avg=299028.82, stdev=100305.00, samples=36945
   iops        : min=    0, max= 8340, avg=1865.21, stdev=159.91, samples=36945
  write: IOPS=928, BW=270MiB/s (283MB/s)(844GiB/3201460msec); 0 zone resets
    slat (nsec): min=1259, max=32243k, avg=58072.06, stdev=90072.32
    clat (usec): min=2, max=69273k, avg=108246.39, stdev=158853.64
     lat (usec): min=185, max=69273k, avg=108304.46, stdev=158846.64
    clat percentiles (usec):
     |  1.00th=[    233],  5.00th=[    351], 10.00th=[    523],
     | 20.00th=[   2540], 30.00th=[   4948], 40.00th=[   7701],
     | 50.00th=[  12780], 60.00th=[ 115868], 70.00th=[ 191890],
     | 80.00th=[ 217056], 90.00th=[ 248513], 95.00th=[ 362808],
     | 99.00th=[ 633340], 99.50th=[ 742392], 99.90th=[1115685],
     | 99.95th=[1300235], 99.99th=[1954546]
   bw (  KiB/s): min= 1759, max=2137544, per=100.00%, avg=301245.37, stdev=100846.90, samples=35884
   iops        : min=    7, max= 4496, avg=992.40, stdev=121.77, samples=35884
  lat (usec)   : 4=0.01%, 50=0.01%, 100=0.01%, 250=1.00%, 500=3.21%
  lat (usec)   : 750=9.93%, 1000=2.42%
  lat (msec)   : 2=7.62%, 4=14.20%, 10=23.09%, 20=8.12%, 50=5.18%
  lat (msec)   : 100=5.03%, 250=15.07%, 500=4.16%, 750=0.76%, 1000=0.13%
  lat (msec)   : 2000=0.05%, >=2000=0.01%
  cpu          : usr=0.30%, sys=1.56%, ctx=7294965, majf=0, minf=97
  IO depths    : 1=0.1%, 2=0.1%, 4=0.1%, 8=0.1%, 16=19.5%, 32=80.5%, >=64=0.0%
     submit    : 0=0.0%, 4=100.0%, 8=0.0%, 16=0.0%, 32=0.0%, 64=0.0%, >=64=0.0%
     complete  : 0=0.0%, 4=100.0%, 8=0.0%, 16=0.0%, 32=0.0%, 64=0.0%, >=64=0.0%
     issued rwts: total=5791721,2972955,0,0 short=0,0,0,0 dropped=0,0,0,0
     latency   : target=0, window=0, percentile=100.00%, depth=16

Run status group 0 (all jobs):
   READ: bw=273MiB/s (286MB/s), 273MiB/s-273MiB/s (286MB/s-286MB/s), io=853GiB (916GB), run=3201460-3201460msec
  WRITE: bw=270MiB/s (283MB/s), 270MiB/s-270MiB/s (283MB/s-283MB/s), io=844GiB (907GB), run=3201460-3201460msec

randrw_4k: (groupid=0, jobs=6): err= 0: pid=28486: Sat Aug 29 02:14:19 2026
  read: IOPS=1815, BW=276MiB/s (290MB/s)(880GiB/3261460msec)
    slat (nsec): min=1151, max=16544k, avg=24808.32, stdev=49112.17
    clat (usec): min=2, max=69709k, avg=32957.76, stdev=366070.59
     lat (usec): min=110, max=69709k, avg=32982.57, stdev=366070.40
    clat percentiles (usec):
     |  1.00th=[    494],  5.00th=[    537], 10.00th=[    586],
     | 20.00th=[   1172], 30.00th=[   2278], 40.00th=[   3392],
     | 50.00th=[   4752], 60.00th=[   6652], 70.00th=[  10159],
     | 80.00th=[  27132], 90.00th=[  94897], 95.00th=[ 185598],
     | 99.00th=[ 358613], 99.50th=[ 421528], 99.90th=[ 574620],
     | 99.95th=[ 683672], 99.99th=[1199571]
   bw (  KiB/s): min=  297, max=2252880, per=100.00%, avg=302932.98, stdev=101623.88, samples=37648
   iops        : min=    0, max= 8340, avg=1871.57, stdev=161.12, samples=37648
  write: IOPS=933, BW=274MiB/s (287MB/s)(871GiB/3261460msec); 0 zone resets
    slat (nsec): min=1259, max=32243k, avg=58437.93, stdev=90045.98
    clat (usec): min=2, max=69273k, avg=107194.54, stdev=158946.01
     lat (usec): min=185, max=69273k, avg=107252.98, stdev=158938.88
    clat percentiles (usec):
     |  1.00th=[    233],  5.00th=[    351], 10.00th=[    545],
     | 20.00th=[   2507], 30.00th=[   4817], 40.00th=[   7504],
     | 50.00th=[  12256], 60.00th=[ 107480], 70.00th=[ 191890],
     | 80.00th=[ 217056], 90.00th=[ 248513], 95.00th=[ 362808],
     | 99.00th=[ 633340], 99.50th=[ 742392], 99.90th=[1115685],
     | 99.95th=[1283458], 99.99th=[1937769]
   bw (  KiB/s): min= 1759, max=2137544, per=100.00%, avg=305508.61, stdev=102144.23, samples=36526
   iops        : min=    7, max= 4496, avg=998.23, stdev=123.22, samples=36526
  lat (usec)   : 4=0.01%, 50=0.01%, 100=0.01%, 250=0.99%, 500=3.18%
  lat (usec)   : 750=9.87%, 1000=2.41%
  lat (msec)   : 2=7.69%, 4=14.37%, 10=23.27%, 20=8.04%, 50=5.14%
  lat (msec)   : 100=5.03%, 250=14.86%, 500=4.19%, 750=0.78%, 1000=0.13%
  lat (msec)   : 2000=0.05%, >=2000=0.01%
  cpu          : usr=0.31%, sys=1.58%, ctx=7451046, majf=0, minf=97
  IO depths    : 1=0.1%, 2=0.1%, 4=0.1%, 8=0.1%, 16=19.7%, 32=80.3%, >=64=0.0%
     submit    : 0=0.0%, 4=100.0%, 8=0.0%, 16=0.0%, 32=0.0%, 64=0.0%, >=64=0.0%
     complete  : 0=0.0%, 4=100.0%, 8=0.0%, 16=0.0%, 32=0.0%, 64=0.0%, >=64=0.0%
     issued rwts: total=5921569,3043906,0,0 short=0,0,0,0 dropped=0,0,0,0
     latency   : target=0, window=0, percentile=100.00%, depth=16

Run status group 0 (all jobs):
   READ: bw=276MiB/s (290MB/s), 276MiB/s-276MiB/s (290MB/s-290MB/s), io=880GiB (945GB), run=3261460-3261460msec
  WRITE: bw=274MiB/s (287MB/s), 274MiB/s-274MiB/s (287MB/s-287MB/s), io=871GiB (935GB), run=3261460-3261460msec

randrw_4k: (groupid=0, jobs=6): err= 0: pid=28486: Sat Aug 29 02:15:19 2026
  read: IOPS=1819, BW=278MiB/s (292MB/s)(903GiB/3321460msec)
    slat (nsec): min=1151, max=18757k, avg=24968.94, stdev=50882.98
    clat (usec): min=2, max=69709k, avg=33071.24, stdev=362578.88
     lat (usec): min=110, max=69709k, avg=33096.21, stdev=362578.68
    clat percentiles (usec):
     |  1.00th=[    494],  5.00th=[    537], 10.00th=[    586],
     | 20.00th=[   1188], 30.00th=[   2311], 40.00th=[   3425],
     | 50.00th=[   4817], 60.00th=[   6718], 70.00th=[  10290],
     | 80.00th=[  27132], 90.00th=[  94897], 95.00th=[ 187696],
     | 99.00th=[ 358613], 99.50th=[ 421528], 99.90th=[ 583009],
     | 99.95th=[ 683672], 99.99th=[1199571]
   bw (  KiB/s): min=  297, max=2252880, per=100.00%, avg=305168.86, stdev=101704.51, samples=38345
   iops        : min=    0, max= 8340, avg=1875.14, stdev=162.12, samples=38345
  write: IOPS=935, BW=275MiB/s (289MB/s)(893GiB/3321460msec); 0 zone resets
    slat (nsec): min=1259, max=32243k, avg=58742.35, stdev=91955.88
    clat (usec): min=2, max=69273k, avg=106520.54, stdev=159484.20
     lat (usec): min=185, max=69273k, avg=106579.29, stdev=159477.10
    clat percentiles (usec):
     |  1.00th=[    233],  5.00th=[    351], 10.00th=[    562],
     | 20.00th=[   2507], 30.00th=[   4817], 40.00th=[   7439],
     | 50.00th=[  11863], 60.00th=[  94897], 70.00th=[ 189793],
     | 80.00th=[ 217056], 90.00th=[ 248513], 95.00th=[ 367002],
     | 99.00th=[ 633340], 99.50th=[ 742392], 99.90th=[1115685],
     | 99.95th=[1300235], 99.99th=[1954546]
   bw (  KiB/s): min= 1759, max=2137544, per=100.00%, avg=307782.56, stdev=102229.18, samples=37167
   iops        : min=    7, max= 4496, avg=1001.99, stdev=123.69, samples=37167
  lat (usec)   : 4=0.01%, 10=0.01%, 50=0.01%, 100=0.01%, 250=0.98%
  lat (usec)   : 500=3.14%, 750=9.80%, 1000=2.38%
  lat (msec)   : 2=7.64%, 4=14.34%, 10=23.51%, 20=8.21%, 50=5.12%
  lat (msec)   : 100=5.01%, 250=14.66%, 500=4.20%, 750=0.81%, 1000=0.13%
  lat (msec)   : 2000=0.05%, >=2000=0.01%
  cpu          : usr=0.31%, sys=1.59%, ctx=7603874, majf=0, minf=100
  IO depths    : 1=0.1%, 2=0.1%, 4=0.1%, 8=0.1%, 16=19.8%, 32=80.2%, >=64=0.0%
     submit    : 0=0.0%, 4=100.0%, 8=0.0%, 16=0.0%, 32=0.0%, 64=0.0%, >=64=0.0%
     complete  : 0=0.0%, 4=100.0%, 8=0.0%, 16=0.0%, 32=0.0%, 64=0.0%, >=64=0.0%
     issued rwts: total=6043486,3108793,0,0 short=0,0,0,0 dropped=0,0,0,0
     latency   : target=0, window=0, percentile=100.00%, depth=16

Run status group 0 (all jobs):
   READ: bw=278MiB/s (292MB/s), 278MiB/s-278MiB/s (292MB/s-292MB/s), io=903GiB (969GB), run=3321460-3321460msec
  WRITE: bw=275MiB/s (289MB/s), 275MiB/s-275MiB/s (289MB/s-289MB/s), io=893GiB (959GB), run=3321460-3321460msec

randrw_4k: (groupid=0, jobs=6): err= 0: pid=28486: Sat Aug 29 02:16:19 2026
  read: IOPS=1802, BW=275MiB/s (288MB/s)(907GiB/3381461msec)
    slat (nsec): min=1151, max=19313k, avg=24970.49, stdev=53479.03
    clat (usec): min=2, max=69709k, avg=33710.42, stdev=361327.41
     lat (usec): min=110, max=69709k, avg=33735.40, stdev=361327.22
    clat percentiles (usec):
     |  1.00th=[    494],  5.00th=[    537], 10.00th=[    586],
     | 20.00th=[   1205], 30.00th=[   2311], 40.00th=[   3458],
     | 50.00th=[   4883], 60.00th=[   6783], 70.00th=[  10421],
     | 80.00th=[  28705], 90.00th=[  96994], 95.00th=[ 191890],
     | 99.00th=[ 367002], 99.50th=[ 425722], 99.90th=[ 591397],
     | 99.95th=[ 700449], 99.99th=[1199571]
   bw (  KiB/s): min=  297, max=2252880, per=100.00%, avg=300692.58, stdev=101299.12, samples=39063
   iops        : min=    0, max= 8340, avg=1856.68, stdev=162.95, samples=39063
  write: IOPS=926, BW=272MiB/s (285MB/s)(897GiB/3381461msec); 0 zone resets
    slat (nsec): min=1259, max=48927k, avg=58747.84, stdev=97996.53
    clat (usec): min=2, max=69273k, avg=106981.50, stdev=160627.40
     lat (usec): min=185, max=69273k, avg=107040.25, stdev=160620.65
    clat percentiles (usec):
     |  1.00th=[    233],  5.00th=[    351], 10.00th=[    570],
     | 20.00th=[   2540], 30.00th=[   4817], 40.00th=[   7439],
     | 50.00th=[  11994], 60.00th=[  93848], 70.00th=[ 189793],
     | 80.00th=[ 217056], 90.00th=[ 248513], 95.00th=[ 367002],
     | 99.00th=[ 641729], 99.50th=[ 750781], 99.90th=[1149240],
     | 99.95th=[1317012], 99.99th=[2055209]
   bw (  KiB/s): min= 1759, max=2137544, per=100.00%, avg=303428.65, stdev=101821.51, samples=37870
   iops        : min=    7, max= 4496, avg=991.02, stdev=123.57, samples=37870
  lat (usec)   : 4=0.01%, 10=0.01%, 20=0.01%, 50=0.01%, 100=0.01%
  lat (usec)   : 250=0.98%, 500=3.13%, 750=9.75%, 1000=2.37%
  lat (msec)   : 2=7.59%, 4=14.26%, 10=23.40%, 20=8.21%, 50=5.23%
  lat (msec)   : 100=5.11%, 250=14.65%, 500=4.30%, 750=0.82%, 1000=0.14%
  lat (msec)   : 2000=0.06%, >=2000=0.01%
  cpu          : usr=0.31%, sys=1.57%, ctx=7675505, majf=0, minf=121
  IO depths    : 1=0.1%, 2=0.1%, 4=0.1%, 8=0.1%, 16=19.7%, 32=80.3%, >=64=0.0%
     submit    : 0=0.0%, 4=100.0%, 8=0.0%, 16=0.0%, 32=0.0%, 64=0.0%, >=64=0.0%
     complete  : 0=0.0%, 4=100.0%, 8=0.0%, 16=0.0%, 32=0.0%, 64=0.0%, >=64=0.0%
     issued rwts: total=6095547,3133017,0,0 short=0,0,0,0 dropped=0,0,0,0
     latency   : target=0, window=0, percentile=100.00%, depth=16

Run status group 0 (all jobs):
   READ: bw=275MiB/s (288MB/s), 275MiB/s-275MiB/s (288MB/s-288MB/s), io=907GiB (973GB), run=3381461-3381461msec
  WRITE: bw=272MiB/s (285MB/s), 272MiB/s-272MiB/s (285MB/s-285MB/s), io=897GiB (963GB), run=3381461-3381461msec

randrw_4k: (groupid=0, jobs=6): err= 0: pid=28486: Sat Aug 29 02:17:19 2026
  read: IOPS=1785, BW=271MiB/s (284MB/s)(911GiB/3441461msec)
    slat (nsec): min=1151, max=19313k, avg=24977.06, stdev=54786.86
    clat (usec): min=2, max=69709k, avg=34341.11, stdev=360200.36
     lat (usec): min=110, max=69709k, avg=34366.09, stdev=360200.20
    clat percentiles (usec):
     |  1.00th=[    494],  5.00th=[    537], 10.00th=[    586],
     | 20.00th=[   1221], 30.00th=[   2343], 40.00th=[   3490],
     | 50.00th=[   4883], 60.00th=[   6849], 70.00th=[  10683],
     | 80.00th=[  30016], 90.00th=[  99091], 95.00th=[ 193987],
     | 99.00th=[ 371196], 99.50th=[ 429917], 99.90th=[ 599786],
     | 99.95th=[ 734004], 99.99th=[1216349]
   bw (  KiB/s): min=  297, max=2252880, per=100.00%, avg=296724.49, stdev=100914.69, samples=39773
   iops        : min=    0, max= 8340, avg=1838.37, stdev=163.94, samples=39773
  write: IOPS=917, BW=268MiB/s (281MB/s)(901GiB/3441461msec); 0 zone resets
    slat (nsec): min=1259, max=48927k, avg=58793.29, stdev=104950.92
    clat (nsec): min=891, max=69273M, avg=107459994.07, stdev=161721146.60
     lat (usec): min=185, max=69273k, avg=107518.79, stdev=161714.74
    clat percentiles (usec):
     |  1.00th=[    233],  5.00th=[    351], 10.00th=[    578],
     | 20.00th=[   2540], 30.00th=[   4817], 40.00th=[   7504],
     | 50.00th=[  12125], 60.00th=[  93848], 70.00th=[ 189793],
     | 80.00th=[ 217056], 90.00th=[ 250610], 95.00th=[ 371196],
     | 99.00th=[ 641729], 99.50th=[ 759170], 99.90th=[1166017],
     | 99.95th=[1350566], 99.99th=[2197816]
   bw (  KiB/s): min= 1759, max=2137544, per=100.00%, avg=299335.06, stdev=101449.92, samples=38577
   iops        : min=    7, max= 4496, avg=980.14, stdev=123.51, samples=38577
  lat (nsec)   : 1000=0.01%
  lat (usec)   : 4=0.01%, 10=0.01%, 20=0.01%, 50=0.01%, 100=0.01%
  lat (usec)   : 250=0.97%, 500=3.11%, 750=9.69%, 1000=2.36%
  lat (msec)   : 2=7.56%, 4=14.18%, 10=23.31%, 20=8.23%, 50=5.33%
  lat (msec)   : 100=5.20%, 250=14.63%, 500=4.40%, 750=0.84%, 1000=0.14%
  lat (msec)   : 2000=0.06%, >=2000=0.01%
  cpu          : usr=0.30%, sys=1.55%, ctx=7741731, majf=0, minf=145
  IO depths    : 1=0.1%, 2=0.1%, 4=0.1%, 8=0.1%, 16=19.6%, 32=80.4%, >=64=0.0%
     submit    : 0=0.0%, 4=100.0%, 8=0.0%, 16=0.0%, 32=0.0%, 64=0.0%, >=64=0.0%
     complete  : 0=0.0%, 4=100.0%, 8=0.0%, 16=0.0%, 32=0.0%, 64=0.0%, >=64=0.0%
     issued rwts: total=6145307,3156622,0,0 short=0,0,0,0 dropped=0,0,0,0
     latency   : target=0, window=0, percentile=100.00%, depth=16

Run status group 0 (all jobs):
   READ: bw=271MiB/s (284MB/s), 271MiB/s-271MiB/s (284MB/s-284MB/s), io=911GiB (978GB), run=3441461-3441461msec
  WRITE: bw=268MiB/s (281MB/s), 268MiB/s-268MiB/s (281MB/s-281MB/s), io=901GiB (967GB), run=3441461-3441461msec

randrw_4k: (groupid=0, jobs=6): err= 0: pid=28486: Sat Aug 29 02:18:19 2026
  read: IOPS=1790, BW=274MiB/s (287MB/s)(935GiB/3501460msec)
    slat (nsec): min=1151, max=19313k, avg=25132.27, stdev=54948.85
    clat (usec): min=2, max=69709k, avg=34430.67, stdev=356748.75
     lat (usec): min=110, max=69709k, avg=34455.80, stdev=356748.56
    clat percentiles (usec):
     |  1.00th=[    494],  5.00th=[    537], 10.00th=[    586],
     | 20.00th=[   1237], 30.00th=[   2376], 40.00th=[   3523],
     | 50.00th=[   4948], 60.00th=[   6915], 70.00th=[  10814],
     | 80.00th=[  30540], 90.00th=[ 100140], 95.00th=[ 193987],
     | 99.00th=[ 371196], 99.50th=[ 429917], 99.90th=[ 599786],
     | 99.95th=[ 734004], 99.99th=[1216349]
   bw (  KiB/s): min=  297, max=2252880, per=100.00%, avg=299277.85, stdev=101312.45, samples=40486
   iops        : min=    0, max= 8340, avg=1842.87, stdev=164.38, samples=40486
  write: IOPS=920, BW=271MiB/s (284MB/s)(925GiB/3501460msec); 0 zone resets
    slat (nsec): min=1259, max=48927k, avg=59138.40, stdev=105098.87
    clat (nsec): min=891, max=69273M, avg=106676926.46, stdev=161771352.93
     lat (usec): min=185, max=69273k, avg=106736.06, stdev=161764.89
    clat percentiles (usec):
     |  1.00th=[    233],  5.00th=[    351], 10.00th=[    594],
     | 20.00th=[   2573], 30.00th=[   4817], 40.00th=[   7439],
     | 50.00th=[  11863], 60.00th=[  83362], 70.00th=[ 189793],
     | 80.00th=[ 217056], 90.00th=[ 250610], 95.00th=[ 375391],
     | 99.00th=[ 641729], 99.50th=[ 759170], 99.90th=[1166017],
     | 99.95th=[1350566], 99.99th=[2197816]
   bw (  KiB/s): min= 1759, max=2137544, per=100.00%, avg=302174.29, stdev=101870.23, samples=39269
   iops        : min=    7, max= 4496, avg=983.63, stdev=124.12, samples=39269
  lat (nsec)   : 1000=0.01%
  lat (usec)   : 4=0.01%, 10=0.01%, 20=0.01%, 50=0.01%, 100=0.01%
  lat (usec)   : 250=0.96%, 500=3.07%, 750=9.60%, 1000=2.34%
  lat (msec)   : 2=7.54%, 4=14.20%, 10=23.48%, 20=8.33%, 50=5.32%
  lat (msec)   : 100=5.23%, 250=14.47%, 500=4.41%, 750=0.85%, 1000=0.14%
  lat (msec)   : 2000=0.06%, >=2000=0.01%
  cpu          : usr=0.31%, sys=1.56%, ctx=7895967, majf=0, minf=145
  IO depths    : 1=0.1%, 2=0.1%, 4=0.1%, 8=0.1%, 16=19.8%, 32=80.2%, >=64=0.0%
     submit    : 0=0.0%, 4=100.0%, 8=0.0%, 16=0.0%, 32=0.0%, 64=0.0%, >=64=0.0%
     complete  : 0=0.0%, 4=100.0%, 8=0.0%, 16=0.0%, 32=0.0%, 64=0.0%, >=64=0.0%
     issued rwts: total=6270106,3224583,0,0 short=0,0,0,0 dropped=0,0,0,0
     latency   : target=0, window=0, percentile=100.00%, depth=16

Run status group 0 (all jobs):
   READ: bw=274MiB/s (287MB/s), 274MiB/s-274MiB/s (287MB/s-287MB/s), io=935GiB (1004GB), run=3501460-3501460msec
  WRITE: bw=271MiB/s (284MB/s), 271MiB/s-271MiB/s (284MB/s-284MB/s), io=925GiB (994GB), run=3501460-3501460msec

randrw_4k: (groupid=0, jobs=6): err= 0: pid=28486: Sat Aug 29 02:19:19 2026
  read: IOPS=1774, BW=270MiB/s (283MB/s)(938GiB/3561460msec)
    slat (nsec): min=1151, max=19313k, avg=25094.15, stdev=56077.73
    clat (usec): min=2, max=69709k, avg=35090.41, stdev=355646.46
     lat (usec): min=110, max=69709k, avg=35115.51, stdev=355646.31
    clat percentiles (usec):
     |  1.00th=[    494],  5.00th=[    537], 10.00th=[    594],
     | 20.00th=[   1254], 30.00th=[   2376], 40.00th=[   3556],
     | 50.00th=[   5014], 60.00th=[   6980], 70.00th=[  11076],
     | 80.00th=[  32113], 90.00th=[ 102237], 95.00th=[ 198181],
     | 99.00th=[ 375391], 99.50th=[ 438305], 99.90th=[ 616563],
     | 99.95th=[ 750781], 99.99th=[1249903]
   bw (  KiB/s): min=  297, max=2252880, per=100.00%, avg=294918.01, stdev=100868.40, samples=41201
   iops        : min=    0, max= 8340, avg=1825.71, stdev=165.06, samples=41201
  write: IOPS=912, BW=267MiB/s (280MB/s)(928GiB/3561460msec); 0 zone resets
    slat (nsec): min=1259, max=48927k, avg=59055.22, stdev=111055.38
    clat (nsec): min=891, max=69273M, avg=107029450.51, stdev=162696434.82
     lat (usec): min=185, max=69273k, avg=107088.51, stdev=162690.36
    clat percentiles (usec):
     |  1.00th=[    233],  5.00th=[    351], 10.00th=[    594],
     | 20.00th=[   2573], 30.00th=[   4817], 40.00th=[   7439],
     | 50.00th=[  11863], 60.00th=[  83362], 70.00th=[ 189793],
     | 80.00th=[ 217056], 90.00th=[ 250610], 95.00th=[ 375391],
     | 99.00th=[ 641729], 99.50th=[ 759170], 99.90th=[1182794],
     | 99.95th=[1367344], 99.99th=[2298479]
   bw (  KiB/s): min= 1759, max=2137544, per=100.00%, avg=297854.40, stdev=101428.96, samples=39967
   iops        : min=    7, max= 4496, avg=973.44, stdev=123.93, samples=39967
  lat (nsec)   : 1000=0.01%
  lat (usec)   : 4=0.01%, 10=0.01%, 20=0.01%, 50=0.01%, 100=0.01%
  lat (usec)   : 250=0.96%, 500=3.06%, 750=9.57%, 1000=2.33%
  lat (msec)   : 2=7.50%, 4=14.12%, 10=23.35%, 20=8.33%, 50=5.43%
  lat (msec)   : 100=5.32%, 250=14.46%, 500=4.51%, 750=0.86%, 1000=0.14%
  lat (msec)   : 2000=0.06%, >=2000=0.01%
  cpu          : usr=0.30%, sys=1.55%, ctx=7968655, majf=0, minf=150
  IO depths    : 1=0.1%, 2=0.1%, 4=0.1%, 8=0.1%, 16=19.7%, 32=80.3%, >=64=0.0%
     submit    : 0=0.0%, 4=100.0%, 8=0.0%, 16=0.0%, 32=0.0%, 64=0.0%, >=64=0.0%
     complete  : 0=0.0%, 4=100.0%, 8=0.0%, 16=0.0%, 32=0.0%, 64=0.0%, >=64=0.0%
     issued rwts: total=6321440,3248174,0,0 short=0,0,0,0 dropped=0,0,0,0
     latency   : target=0, window=0, percentile=100.00%, depth=16

Run status group 0 (all jobs):
   READ: bw=270MiB/s (283MB/s), 270MiB/s-270MiB/s (283MB/s-283MB/s), io=938GiB (1007GB), run=3561460-3561460msec
  WRITE: bw=267MiB/s (280MB/s), 267MiB/s-267MiB/s (280MB/s-280MB/s), io=928GiB (997GB), run=3561460-3561460msec

randrw_4k: (groupid=0, jobs=6): err= 0: pid=28486: Sat Aug 29 02:20:19 2026
  read: IOPS=1760, BW=267MiB/s (279MB/s)(943GiB/3621460msec)
    slat (nsec): min=1151, max=19581k, avg=25121.21, stdev=59140.06
    clat (usec): min=2, max=69709k, avg=35635.33, stdev=354468.25
     lat (usec): min=110, max=69709k, avg=35660.45, stdev=354468.12
    clat percentiles (usec):
     |  1.00th=[    494],  5.00th=[    537], 10.00th=[    594],
     | 20.00th=[   1270], 30.00th=[   2409], 40.00th=[   3589],
     | 50.00th=[   5014], 60.00th=[   7111], 70.00th=[  11338],
     | 80.00th=[  33424], 90.00th=[ 104334], 95.00th=[ 200279],
     | 99.00th=[ 379585], 99.50th=[ 442500], 99.90th=[ 624952],
     | 99.95th=[ 759170], 99.99th=[1266680]
   bw (  KiB/s): min=  297, max=2252880, per=100.00%, avg=291204.24, stdev=100482.60, samples=41909
   iops        : min=    0, max= 8340, avg=1809.84, stdev=165.58, samples=41909
  write: IOPS=903, BW=264MiB/s (277MB/s)(933GiB/3621460msec); 0 zone resets
    slat (nsec): min=1259, max=48927k, avg=59116.00, stdev=118317.66
    clat (nsec): min=891, max=69273M, avg=107505244.49, stdev=164000777.13
     lat (usec): min=185, max=69273k, avg=107564.36, stdev=163995.11
    clat percentiles (usec):
     |  1.00th=[    233],  5.00th=[    351], 10.00th=[    603],
     | 20.00th=[   2573], 30.00th=[   4883], 40.00th=[   7504],
     | 50.00th=[  11994], 60.00th=[  82314], 70.00th=[ 189793],
     | 80.00th=[ 217056], 90.00th=[ 250610], 95.00th=[ 379585],
     | 99.00th=[ 650118], 99.50th=[ 767558], 99.90th=[1216349],
     | 99.95th=[1434452], 99.99th=[2466251]
   bw (  KiB/s): min= 1759, max=2137544, per=100.00%, avg=294099.33, stdev=101053.42, samples=40671
   iops        : min=    7, max= 4496, avg=964.01, stdev=123.76, samples=40671
  lat (nsec)   : 1000=0.01%
  lat (usec)   : 2=0.01%, 4=0.01%, 10=0.01%, 20=0.01%, 50=0.01%
  lat (usec)   : 100=0.01%, 250=0.96%, 500=3.05%, 750=9.51%, 1000=2.31%
  lat (msec)   : 2=7.45%, 4=14.04%, 10=23.27%, 20=8.35%, 50=5.53%
  lat (msec)   : 100=5.41%, 250=14.43%, 500=4.60%, 750=0.87%, 1000=0.15%
  lat (msec)   : 2000=0.07%, >=2000=0.01%
  cpu          : usr=0.30%, sys=1.53%, ctx=8039383, majf=0, minf=165
  IO depths    : 1=0.1%, 2=0.1%, 4=0.1%, 8=0.1%, 16=19.6%, 32=80.4%, >=64=0.0%
     submit    : 0=0.0%, 4=100.0%, 8=0.0%, 16=0.0%, 32=0.0%, 64=0.0%, >=64=0.0%
     complete  : 0=0.0%, 4=100.0%, 8=0.0%, 16=0.0%, 32=0.0%, 64=0.0%, >=64=0.0%
     issued rwts: total=6374062,3273496,0,0 short=0,0,0,0 dropped=0,0,0,0
     latency   : target=0, window=0, percentile=100.00%, depth=16

Run status group 0 (all jobs):
   READ: bw=267MiB/s (279MB/s), 267MiB/s-267MiB/s (279MB/s-279MB/s), io=943GiB (1012GB), run=3621460-3621460msec
  WRITE: bw=264MiB/s (277MB/s), 264MiB/s-264MiB/s (277MB/s-277MB/s), io=933GiB (1001GB), run=3621460-3621460msec

randrw_4k: (groupid=0, jobs=6): err= 0: pid=28486: Sat Aug 29 02:21:20 2026
  read: IOPS=1760, BW=268MiB/s (281MB/s)(962GiB/3681460msec)
    slat (nsec): min=1151, max=19581k, avg=25202.11, stdev=59351.26
    clat (usec): min=2, max=69709k, avg=35864.49, stdev=351709.88
     lat (usec): min=110, max=69709k, avg=35889.69, stdev=351709.75
    clat percentiles (usec):
     |  1.00th=[    494],  5.00th=[    545], 10.00th=[    594],
     | 20.00th=[   1287], 30.00th=[   2409], 40.00th=[   3621],
     | 50.00th=[   5080], 60.00th=[   7111], 70.00th=[  11469],
     | 80.00th=[  34341], 90.00th=[ 105382], 95.00th=[ 202376],
     | 99.00th=[ 379585], 99.50th=[ 442500], 99.90th=[ 624952],
     | 99.95th=[ 767558], 99.99th=[1283458]
   bw (  KiB/s): min=  297, max=2252880, per=100.00%, avg=292491.94, stdev=101028.02, samples=42615
   iops        : min=    0, max= 8340, avg=1810.14, stdev=166.11, samples=42615
  write: IOPS=905, BW=265MiB/s (278MB/s)(953GiB/3681460msec); 0 zone resets
    slat (nsec): min=1259, max=48927k, avg=59307.71, stdev=118596.47
    clat (nsec): min=891, max=69273M, avg=106913077.22, stdev=164223452.10
     lat (usec): min=185, max=69273k, avg=106972.39, stdev=164217.82
    clat percentiles (usec):
     |  1.00th=[    233],  5.00th=[    355], 10.00th=[    619],
     | 20.00th=[   2573], 30.00th=[   4817], 40.00th=[   7373],
     | 50.00th=[  11731], 60.00th=[  77071], 70.00th=[ 187696],
     | 80.00th=[ 217056], 90.00th=[ 252707], 95.00th=[ 379585],
     | 99.00th=[ 650118], 99.50th=[ 767558], 99.90th=[1216349],
     | 99.95th=[1434452], 99.99th=[2466251]
   bw (  KiB/s): min= 1759, max=2137544, per=100.00%, avg=295726.34, stdev=101663.65, samples=41337
   iops        : min=    7, max= 4496, avg=965.37, stdev=124.46, samples=41337
  lat (nsec)   : 1000=0.01%
  lat (usec)   : 2=0.01%, 4=0.01%, 10=0.01%, 20=0.01%, 50=0.01%
  lat (usec)   : 100=0.01%, 250=0.95%, 500=3.02%, 750=9.44%, 1000=2.30%
  lat (msec)   : 2=7.45%, 4=14.10%, 10=23.35%, 20=8.34%, 50=5.56%
  lat (msec)   : 100=5.45%, 250=14.31%, 500=4.63%, 750=0.88%, 1000=0.15%
  lat (msec)   : 2000=0.07%, >=2000=0.01%
  cpu          : usr=0.30%, sys=1.54%, ctx=8175636, majf=0, minf=165
  IO depths    : 1=0.1%, 2=0.1%, 4=0.1%, 8=0.1%, 16=19.7%, 32=80.3%, >=64=0.0%
     submit    : 0=0.0%, 4=100.0%, 8=0.0%, 16=0.0%, 32=0.0%, 64=0.0%, >=64=0.0%
     complete  : 0=0.0%, 4=100.0%, 8=0.0%, 16=0.0%, 32=0.0%, 64=0.0%, >=64=0.0%
     issued rwts: total=6482577,3331805,0,0 short=0,0,0,0 dropped=0,0,0,0
     latency   : target=0, window=0, percentile=100.00%, depth=16

Run status group 0 (all jobs):
   READ: bw=268MiB/s (281MB/s), 268MiB/s-268MiB/s (281MB/s-281MB/s), io=962GiB (1033GB), run=3681460-3681460msec
  WRITE: bw=265MiB/s (278MB/s), 265MiB/s-265MiB/s (278MB/s-278MB/s), io=953GiB (1023GB), run=3681460-3681460msec

randrw_4k: (groupid=0, jobs=6): err= 0: pid=28486: Sat Aug 29 02:22:20 2026
  read: IOPS=1768, BW=271MiB/s (284MB/s)(990GiB/3741460msec)
    slat (nsec): min=1151, max=19581k, avg=25322.70, stdev=59169.45
    clat (usec): min=2, max=69709k, avg=35939.36, stdev=348335.27
     lat (usec): min=110, max=69709k, avg=35964.69, stdev=348335.12
    clat percentiles (usec):
     |  1.00th=[    494],  5.00th=[    545], 10.00th=[    594],
     | 20.00th=[   1303], 30.00th=[   2442], 40.00th=[   3621],
     | 50.00th=[   5080], 60.00th=[   7111], 70.00th=[  11469],
     | 80.00th=[  34866], 90.00th=[ 105382], 95.00th=[ 202376],
     | 99.00th=[ 379585], 99.50th=[ 442500], 99.90th=[ 624952],
     | 99.95th=[ 759170], 99.99th=[1283458]
   bw (  KiB/s): min=  297, max=2252880, per=100.00%, avg=295851.75, stdev=102029.01, samples=43319
   iops        : min=    0, max= 8340, avg=1817.21, stdev=166.82, samples=43319
  write: IOPS=909, BW=268MiB/s (281MB/s)(980GiB/3741460msec); 0 zone resets
    slat (nsec): min=1259, max=48927k, avg=59558.19, stdev=117982.35
    clat (nsec): min=891, max=69273M, avg=105887786.65, stdev=163972486.67
     lat (usec): min=185, max=69273k, avg=105947.35, stdev=163966.74
    clat percentiles (usec):
     |  1.00th=[    233],  5.00th=[    355], 10.00th=[    627],
     | 20.00th=[   2540], 30.00th=[   4686], 40.00th=[   7177],
     | 50.00th=[  11338], 60.00th=[  63701], 70.00th=[ 185598],
     | 80.00th=[ 217056], 90.00th=[ 252707], 95.00th=[ 383779],
     | 99.00th=[ 650118], 99.50th=[ 767558], 99.90th=[1216349],
     | 99.95th=[1434452], 99.99th=[2466251]
   bw (  KiB/s): min= 1759, max=2137544, per=100.00%, avg=299406.72, stdev=102698.14, samples=42001
   iops        : min=    7, max= 4496, avg=970.72, stdev=125.63, samples=42001
  lat (nsec)   : 1000=0.01%
  lat (usec)   : 2=0.01%, 4=0.01%, 10=0.01%, 20=0.01%, 50=0.01%
  lat (usec)   : 100=0.01%, 250=0.94%, 500=2.99%, 750=9.38%, 1000=2.30%
  lat (msec)   : 2=7.49%, 4=14.23%, 10=23.49%, 20=8.28%, 50=5.52%
  lat (msec)   : 100=5.46%, 250=14.17%, 500=4.64%, 750=0.89%, 1000=0.14%
  lat (msec)   : 2000=0.07%, >=2000=0.01%
  cpu          : usr=0.30%, sys=1.55%, ctx=8342711, majf=0, minf=165
  IO depths    : 1=0.1%, 2=0.1%, 4=0.1%, 8=0.1%, 16=19.8%, 32=80.2%, >=64=0.0%
     submit    : 0=0.0%, 4=100.0%, 8=0.0%, 16=0.0%, 32=0.0%, 64=0.0%, >=64=0.0%
     complete  : 0=0.0%, 4=100.0%, 8=0.0%, 16=0.0%, 32=0.0%, 64=0.0%, >=64=0.0%
     issued rwts: total=6615587,3404530,0,0 short=0,0,0,0 dropped=0,0,0,0
     latency   : target=0, window=0, percentile=100.00%, depth=16

Run status group 0 (all jobs):
   READ: bw=271MiB/s (284MB/s), 271MiB/s-271MiB/s (284MB/s-284MB/s), io=990GiB (1063GB), run=3741460-3741460msec
  WRITE: bw=268MiB/s (281MB/s), 268MiB/s-268MiB/s (281MB/s-281MB/s), io=980GiB (1052GB), run=3741460-3741460msec

randrw_4k: (groupid=0, jobs=6): err= 0: pid=28486: Sat Aug 29 02:23:19 2026
  read: IOPS=1775, BW=274MiB/s (287MB/s)(1016GiB/3801460msec)
    slat (nsec): min=1151, max=19581k, avg=25433.93, stdev=58994.35
    clat (usec): min=2, max=69709k, avg=35992.19, stdev=345065.93
     lat (usec): min=110, max=69709k, avg=36017.62, stdev=345065.77
    clat percentiles (usec):
     |  1.00th=[    494],  5.00th=[    545], 10.00th=[    594],
     | 20.00th=[   1319], 30.00th=[   2442], 40.00th=[   3654],
     | 50.00th=[   5080], 60.00th=[   7111], 70.00th=[  11469],
     | 80.00th=[  34866], 90.00th=[ 106431], 95.00th=[ 202376],
     | 99.00th=[ 379585], 99.50th=[ 438305], 99.90th=[ 616563],
     | 99.95th=[ 759170], 99.99th=[1266680]
   bw (  KiB/s): min=  297, max=2252880, per=100.00%, avg=299029.55, stdev=102715.02, samples=44030
   iops        : min=    0, max= 8340, avg=1823.88, stdev=167.33, samples=44030
  write: IOPS=914, BW=271MiB/s (284MB/s)(1007GiB/3801460msec); 0 zone resets
    slat (nsec): min=1259, max=48927k, avg=59799.78, stdev=117403.91
    clat (nsec): min=891, max=69273M, avg=104950112.60, stdev=163825512.03
     lat (usec): min=185, max=69273k, avg=105009.91, stdev=163819.66
    clat percentiles (usec):
     |  1.00th=[    233],  5.00th=[    355], 10.00th=[    644],
     | 20.00th=[   2507], 30.00th=[   4621], 40.00th=[   6980],
     | 50.00th=[  10945], 60.00th=[  55837], 70.00th=[ 183501],
     | 80.00th=[ 214959], 90.00th=[ 252707], 95.00th=[ 383779],
     | 99.00th=[ 650118], 99.50th=[ 759170], 99.90th=[1199571],
     | 99.95th=[1434452], 99.99th=[2432697]
   bw (  KiB/s): min= 1759, max=2137544, per=100.00%, avg=302784.65, stdev=103453.18, samples=42671
   iops        : min=    7, max= 4496, avg=975.95, stdev=126.50, samples=42671
  lat (nsec)   : 1000=0.01%
  lat (usec)   : 2=0.01%, 4=0.01%, 10=0.01%, 20=0.01%, 50=0.01%
  lat (usec)   : 100=0.01%, 250=0.94%, 500=2.96%, 750=9.32%, 1000=2.29%
  lat (msec)   : 2=7.51%, 4=14.35%, 10=23.65%, 20=8.23%, 50=5.49%
  lat (msec)   : 100=5.47%, 250=14.02%, 500=4.64%, 750=0.90%, 1000=0.14%
  lat (msec)   : 2000=0.07%, >=2000=0.01%
  cpu          : usr=0.31%, sys=1.56%, ctx=8508772, majf=0, minf=165
  IO depths    : 1=0.1%, 2=0.1%, 4=0.1%, 8=0.1%, 16=19.9%, 32=80.1%, >=64=0.0%
     submit    : 0=0.0%, 4=100.0%, 8=0.0%, 16=0.0%, 32=0.0%, 64=0.0%, >=64=0.0%
     complete  : 0=0.0%, 4=100.0%, 8=0.0%, 16=0.0%, 32=0.0%, 64=0.0%, >=64=0.0%
     issued rwts: total=6748161,3477442,0,0 short=0,0,0,0 dropped=0,0,0,0
     latency   : target=0, window=0, percentile=100.00%, depth=16

Run status group 0 (all jobs):
   READ: bw=274MiB/s (287MB/s), 274MiB/s-274MiB/s (287MB/s-287MB/s), io=1016GiB (1091GB), run=3801460-3801460msec
  WRITE: bw=271MiB/s (284MB/s), 271MiB/s-271MiB/s (284MB/s-284MB/s), io=1007GiB (1081GB), run=3801460-3801460msec

randrw_4k: (groupid=0, jobs=6): err= 0: pid=28486: Sat Aug 29 02:24:19 2026
  read: IOPS=1782, BW=277MiB/s (290MB/s)(1044GiB/3861460msec)
    slat (nsec): min=1151, max=19581k, avg=25539.90, stdev=58816.41
    clat (usec): min=2, max=69709k, avg=36037.62, stdev=341806.36
     lat (usec): min=110, max=69709k, avg=36063.16, stdev=341806.18
    clat percentiles (usec):
     |  1.00th=[    494],  5.00th=[    545], 10.00th=[    594],
     | 20.00th=[   1336], 30.00th=[   2474], 40.00th=[   3654],
     | 50.00th=[   5080], 60.00th=[   7111], 70.00th=[  11469],
     | 80.00th=[  35390], 90.00th=[ 106431], 95.00th=[ 202376],
     | 99.00th=[ 379585], 99.50th=[ 438305], 99.90th=[ 616563],
     | 99.95th=[ 750781], 99.99th=[1266680]
   bw (  KiB/s): min=  297, max=2252880, per=100.00%, avg=302373.24, stdev=103604.08, samples=44736
   iops        : min=    0, max= 8340, avg=1831.57, stdev=168.20, samples=44736
  write: IOPS=919, BW=274MiB/s (287MB/s)(1034GiB/3861460msec); 0 zone resets
    slat (nsec): min=1259, max=48927k, avg=60025.03, stdev=116832.32
    clat (nsec): min=891, max=69273M, avg=103979611.92, stdev=163633822.22
     lat (usec): min=185, max=69273k, avg=104039.64, stdev=163627.89
    clat percentiles (usec):
     |  1.00th=[    233],  5.00th=[    355], 10.00th=[    652],
     | 20.00th=[   2474], 30.00th=[   4555], 40.00th=[   6849],
     | 50.00th=[  10552], 60.00th=[  51643], 70.00th=[ 181404],
     | 80.00th=[ 214959], 90.00th=[ 252707], 95.00th=[ 387974],
     | 99.00th=[ 650118], 99.50th=[ 759170], 99.90th=[1199571],
     | 99.95th=[1417675], 99.99th=[2432697]
   bw (  KiB/s): min= 1759, max=2137544, per=100.00%, avg=306394.86, stdev=104307.59, samples=43325
   iops        : min=    7, max= 4496, avg=981.88, stdev=127.57, samples=43325
  lat (nsec)   : 1000=0.01%
  lat (usec)   : 2=0.01%, 4=0.01%, 10=0.01%, 20=0.01%, 50=0.01%
  lat (usec)   : 100=0.01%, 250=0.94%, 500=2.94%, 750=9.26%, 1000=2.29%
  lat (msec)   : 2=7.55%, 4=14.48%, 10=23.78%, 20=8.18%, 50=5.45%
  lat (msec)   : 100=5.48%, 250=13.87%, 500=4.65%, 750=0.91%, 1000=0.14%
  lat (msec)   : 2000=0.06%, >=2000=0.01%
  cpu          : usr=0.31%, sys=1.58%, ctx=8679720, majf=0, minf=165
  IO depths    : 1=0.1%, 2=0.1%, 4=0.1%, 8=0.1%, 16=20.1%, 32=79.9%, >=64=0.0%
     submit    : 0=0.0%, 4=100.0%, 8=0.0%, 16=0.0%, 32=0.0%, 64=0.0%, >=64=0.0%
     complete  : 0=0.0%, 4=100.0%, 8=0.0%, 16=0.0%, 32=0.0%, 64=0.0%, >=64=0.0%
     issued rwts: total=6884588,3551868,0,0 short=0,0,0,0 dropped=0,0,0,0
     latency   : target=0, window=0, percentile=100.00%, depth=16

Run status group 0 (all jobs):
   READ: bw=277MiB/s (290MB/s), 277MiB/s-277MiB/s (290MB/s-290MB/s), io=1044GiB (1121GB), run=3861460-3861460msec
  WRITE: bw=274MiB/s (287MB/s), 274MiB/s-274MiB/s (287MB/s-287MB/s), io=1034GiB (1110GB), run=3861460-3861460msec

randrw_4k: (groupid=0, jobs=6): err= 0: pid=28486: Sat Aug 29 02:25:20 2026
  read: IOPS=1791, BW=279MiB/s (293MB/s)(1070GiB/3921460msec)
    slat (nsec): min=1151, max=19581k, avg=25614.91, stdev=58616.35
    clat (usec): min=2, max=69709k, avg=36063.67, stdev=338602.56
     lat (usec): min=110, max=69709k, avg=36089.29, stdev=338602.37
    clat percentiles (usec):
     |  1.00th=[    494],  5.00th=[    545], 10.00th=[    594],
     | 20.00th=[   1352], 30.00th=[   2474], 40.00th=[   3654],
     | 50.00th=[   5080], 60.00th=[   7111], 70.00th=[  11469],
     | 80.00th=[  35390], 90.00th=[ 106431], 95.00th=[ 204473],
     | 99.00th=[ 379585], 99.50th=[ 438305], 99.90th=[ 616563],
     | 99.95th=[ 750781], 99.99th=[1249903]
   bw (  KiB/s): min=  297, max=2252880, per=100.00%, avg=305406.27, stdev=104272.81, samples=45443
   iops        : min=    0, max= 8340, avg=1839.83, stdev=169.22, samples=45443
  write: IOPS=924, BW=277MiB/s (290MB/s)(1060GiB/3921460msec); 0 zone resets
    slat (nsec): min=1259, max=48927k, avg=60185.05, stdev=116248.28
    clat (nsec): min=891, max=69273M, avg=103039446.47, stdev=163467501.59
     lat (usec): min=185, max=69273k, avg=103099.63, stdev=163461.51
    clat percentiles (usec):
     |  1.00th=[    233],  5.00th=[    355], 10.00th=[    668],
     | 20.00th=[   2442], 30.00th=[   4424], 40.00th=[   6718],
     | 50.00th=[  10290], 60.00th=[  47973], 70.00th=[ 177210],
     | 80.00th=[ 214959], 90.00th=[ 252707], 95.00th=[ 387974],
     | 99.00th=[ 650118], 99.50th=[ 759170], 99.90th=[1199571],
     | 99.95th=[1417675], 99.99th=[2399142]
   bw (  KiB/s): min= 1759, max=2137544, per=100.00%, avg=309701.43, stdev=105025.63, samples=43977
   iops        : min=    7, max= 4496, avg=987.83, stdev=128.63, samples=43977
  lat (nsec)   : 1000=0.01%
  lat (usec)   : 2=0.01%, 4=0.01%, 10=0.01%, 20=0.01%, 50=0.01%
  lat (usec)   : 100=0.01%, 250=0.94%, 500=2.92%, 750=9.21%, 1000=2.29%
  lat (msec)   : 2=7.59%, 4=14.61%, 10=23.95%, 20=8.13%, 50=5.41%
  lat (msec)   : 100=5.46%, 250=13.70%, 500=4.66%, 750=0.92%, 1000=0.14%
  lat (msec)   : 2000=0.06%, >=2000=0.01%
  cpu          : usr=0.31%, sys=1.59%, ctx=8854065, majf=0, minf=165
  IO depths    : 1=0.1%, 2=0.1%, 4=0.1%, 8=0.1%, 16=20.2%, 32=79.8%, >=64=0.0%
     submit    : 0=0.0%, 4=100.0%, 8=0.0%, 16=0.0%, 32=0.0%, 64=0.0%, >=64=0.0%
     complete  : 0=0.0%, 4=100.0%, 8=0.0%, 16=0.0%, 32=0.0%, 64=0.0%, >=64=0.0%
     issued rwts: total=7024088,3626910,0,0 short=0,0,0,0 dropped=0,0,0,0
     latency   : target=0, window=0, percentile=100.00%, depth=16

Run status group 0 (all jobs):
   READ: bw=279MiB/s (293MB/s), 279MiB/s-279MiB/s (293MB/s-293MB/s), io=1070GiB (1149GB), run=3921460-3921460msec
  WRITE: bw=277MiB/s (290MB/s), 277MiB/s-277MiB/s (290MB/s-290MB/s), io=1060GiB (1138GB), run=3921460-3921460msec

randrw_4k: (groupid=0, jobs=6): err= 0: pid=28486: Sat Aug 29 02:26:19 2026
  read: IOPS=1798, BW=282MiB/s (296MB/s)(1097GiB/3981460msec)
    slat (nsec): min=1151, max=19581k, avg=25708.60, stdev=58448.14
    clat (usec): min=2, max=69709k, avg=36096.56, stdev=335501.46
     lat (usec): min=110, max=69709k, avg=36122.27, stdev=335501.26
    clat percentiles (usec):
     |  1.00th=[    494],  5.00th=[    545], 10.00th=[    594],
     | 20.00th=[   1369], 30.00th=[   2474], 40.00th=[   3654],
     | 50.00th=[   5080], 60.00th=[   7111], 70.00th=[  11469],
     | 80.00th=[  35914], 90.00th=[ 107480], 95.00th=[ 204473],
     | 99.00th=[ 379585], 99.50th=[ 438305], 99.90th=[ 616563],
     | 99.95th=[ 742392], 99.99th=[1249903]
   bw (  KiB/s): min=  297, max=2252880, per=100.00%, avg=308534.26, stdev=104913.72, samples=46149
   iops        : min=    0, max= 8340, avg=1847.35, stdev=169.97, samples=46149
  write: IOPS=929, BW=280MiB/s (293MB/s)(1087GiB/3981460msec); 0 zone resets
    slat (nsec): min=1259, max=48927k, avg=60390.48, stdev=115717.00
    clat (nsec): min=891, max=69273M, avg=102142261.16, stdev=163237931.20
     lat (usec): min=185, max=69273k, avg=102202.65, stdev=163231.86
    clat percentiles (usec):
     |  1.00th=[    233],  5.00th=[    355], 10.00th=[    676],
     | 20.00th=[   2409], 30.00th=[   4359], 40.00th=[   6521],
     | 50.00th=[  10028], 60.00th=[  43254], 70.00th=[ 170918],
     | 80.00th=[ 214959], 90.00th=[ 252707], 95.00th=[ 387974],
     | 99.00th=[ 641729], 99.50th=[ 759170], 99.90th=[1182794],
     | 99.95th=[1400898], 99.99th=[2365588]
   bw (  KiB/s): min= 1758, max=2137544, per=100.00%, avg=313028.07, stdev=105735.69, samples=44638
   iops        : min=    6, max= 4496, avg=993.25, stdev=129.57, samples=44638
  lat (nsec)   : 1000=0.01%
  lat (usec)   : 2=0.01%, 4=0.01%, 10=0.01%, 20=0.01%, 50=0.01%
  lat (usec)   : 100=0.01%, 250=0.95%, 500=2.90%, 750=9.15%, 1000=2.29%
  lat (msec)   : 2=7.63%, 4=14.73%, 10=24.08%, 20=8.08%, 50=5.38%
  lat (msec)   : 100=5.47%, 250=13.56%, 500=4.67%, 750=0.92%, 1000=0.14%
  lat (msec)   : 2000=0.06%, >=2000=0.01%
  cpu          : usr=0.31%, sys=1.60%, ctx=9026982, majf=0, minf=165
  IO depths    : 1=0.1%, 2=0.1%, 4=0.1%, 8=0.1%, 16=20.3%, 32=79.7%, >=64=0.0%
     submit    : 0=0.0%, 4=100.0%, 8=0.0%, 16=0.0%, 32=0.0%, 64=0.0%, >=64=0.0%
     complete  : 0=0.0%, 4=100.0%, 8=0.0%, 16=0.0%, 32=0.0%, 64=0.0%, >=64=0.0%
     issued rwts: total=7161830,3701583,0,0 short=0,0,0,0 dropped=0,0,0,0
     latency   : target=0, window=0, percentile=100.00%, depth=16

Run status group 0 (all jobs):
   READ: bw=282MiB/s (296MB/s), 282MiB/s-282MiB/s (296MB/s-296MB/s), io=1097GiB (1178GB), run=3981460-3981460msec
  WRITE: bw=280MiB/s (293MB/s), 280MiB/s-280MiB/s (293MB/s-293MB/s), io=1087GiB (1167GB), run=3981460-3981460msec

randrw_4k: (groupid=0, jobs=6): err= 0: pid=28486: Sat Aug 29 02:27:19 2026
  read: IOPS=1805, BW=285MiB/s (299MB/s)(1125GiB/4041460msec)
    slat (nsec): min=1151, max=19581k, avg=25807.52, stdev=58291.23
    clat (usec): min=2, max=69709k, avg=36136.98, stdev=332534.10
     lat (usec): min=110, max=69709k, avg=36162.78, stdev=332533.89
    clat percentiles (usec):
     |  1.00th=[    494],  5.00th=[    545], 10.00th=[    594],
     | 20.00th=[   1369], 30.00th=[   2507], 40.00th=[   3654],
     | 50.00th=[   5080], 60.00th=[   7111], 70.00th=[  11469],
     | 80.00th=[  35914], 90.00th=[ 107480], 95.00th=[ 204473],
     | 99.00th=[ 379585], 99.50th=[ 438305], 99.90th=[ 616563],
     | 99.95th=[ 742392], 99.99th=[1249903]
   bw (  KiB/s): min=  297, max=2252880, per=100.00%, avg=311620.67, stdev=105612.59, samples=46857
   iops        : min=    0, max= 8340, avg=1854.04, stdev=170.61, samples=46857
  write: IOPS=934, BW=282MiB/s (296MB/s)(1114GiB/4041460msec); 0 zone resets
    slat (nsec): min=1259, max=48927k, avg=60591.94, stdev=115201.96
    clat (nsec): min=891, max=69273M, avg=101312085.85, stdev=163020526.09
     lat (usec): min=185, max=69273k, avg=101372.68, stdev=163014.38
    clat percentiles (usec):
     |  1.00th=[    233],  5.00th=[    355], 10.00th=[    685],
     | 20.00th=[   2376], 30.00th=[   4293], 40.00th=[   6390],
     | 50.00th=[   9765], 60.00th=[  38536], 70.00th=[ 168821],
     | 80.00th=[ 214959], 90.00th=[ 252707], 95.00th=[ 392168],
     | 99.00th=[ 641729], 99.50th=[ 750781], 99.90th=[1182794],
     | 99.95th=[1400898], 99.99th=[2365588]
   bw (  KiB/s): min= 1758, max=2137544, per=100.00%, avg=316142.41, stdev=106403.90, samples=45307
   iops        : min=    6, max= 4496, avg=998.00, stdev=130.40, samples=45307
  lat (nsec)   : 1000=0.01%
  lat (usec)   : 2=0.01%, 4=0.01%, 10=0.01%, 20=0.01%, 50=0.01%
  lat (usec)   : 100=0.01%, 250=0.96%, 500=2.87%, 750=9.10%, 1000=2.29%
  lat (msec)   : 2=7.66%, 4=14.85%, 10=24.19%, 20=8.03%, 50=5.35%
  lat (msec)   : 100=5.47%, 250=13.43%, 500=4.67%, 750=0.93%, 1000=0.14%
  lat (msec)   : 2000=0.06%, >=2000=0.01%
  cpu          : usr=0.32%, sys=1.62%, ctx=9197512, majf=0, minf=165
  IO depths    : 1=0.1%, 2=0.1%, 4=0.1%, 8=0.1%, 16=20.4%, 32=79.6%, >=64=0.0%
     submit    : 0=0.0%, 4=100.0%, 8=0.0%, 16=0.0%, 32=0.0%, 64=0.0%, >=64=0.0%
     complete  : 0=0.0%, 4=100.0%, 8=0.0%, 16=0.0%, 32=0.0%, 64=0.0%, >=64=0.0%
     issued rwts: total=7298029,3775228,0,0 short=0,0,0,0 dropped=0,0,0,0
     latency   : target=0, window=0, percentile=100.00%, depth=16

Run status group 0 (all jobs):
   READ: bw=285MiB/s (299MB/s), 285MiB/s-285MiB/s (299MB/s-299MB/s), io=1125GiB (1208GB), run=4041460-4041460msec
  WRITE: bw=282MiB/s (296MB/s), 282MiB/s-282MiB/s (296MB/s-296MB/s), io=1114GiB (1196GB), run=4041460-4041460msec

randrw_4k: (groupid=0, jobs=6): err= 0: pid=28486: Sat Aug 29 02:28:19 2026
  read: IOPS=1811, BW=288MiB/s (302MB/s)(1152GiB/4101460msec)
    slat (nsec): min=1151, max=19581k, avg=25907.79, stdev=58146.48
    clat (usec): min=2, max=69709k, avg=36186.78, stdev=329702.30
     lat (usec): min=110, max=69709k, avg=36212.68, stdev=329702.08
    clat percentiles (usec):
     |  1.00th=[    494],  5.00th=[    545], 10.00th=[    594],
     | 20.00th=[   1385], 30.00th=[   2507], 40.00th=[   3654],
     | 50.00th=[   5080], 60.00th=[   7111], 70.00th=[  11469],
     | 80.00th=[  36439], 90.00th=[ 108528], 95.00th=[ 204473],
     | 99.00th=[ 379585], 99.50th=[ 438305], 99.90th=[ 608175],
     | 99.95th=[ 742392], 99.99th=[1233126]
   bw (  KiB/s): min=  297, max=2252880, per=100.00%, avg=314543.71, stdev=106287.96, samples=47566
   iops        : min=    0, max= 8340, avg=1860.05, stdev=171.07, samples=47566
  write: IOPS=938, BW=285MiB/s (299MB/s)(1141GiB/4101460msec); 0 zone resets
    slat (nsec): min=1259, max=48927k, avg=60813.35, stdev=114722.88
    clat (nsec): min=891, max=69273M, avg=100525853.35, stdev=162819103.47
     lat (usec): min=185, max=69273k, avg=100586.67, stdev=162812.87
    clat percentiles (usec):
     |  1.00th=[    235],  5.00th=[    355], 10.00th=[    693],
     | 20.00th=[   2343], 30.00th=[   4228], 40.00th=[   6325],
     | 50.00th=[   9503], 60.00th=[  29754], 70.00th=[ 168821],
     | 80.00th=[ 212861], 90.00th=[ 252707], 95.00th=[ 392168],
     | 99.00th=[ 641729], 99.50th=[ 750781], 99.90th=[1182794],
     | 99.95th=[1384121], 99.99th=[2332034]
   bw (  KiB/s): min= 1758, max=2137544, per=100.00%, avg=319247.04, stdev=107086.57, samples=45974
   iops        : min=    6, max= 4496, avg=1002.69, stdev=131.19, samples=45974
  lat (nsec)   : 1000=0.01%
  lat (usec)   : 2=0.01%, 4=0.01%, 10=0.01%, 20=0.01%, 50=0.01%
  lat (usec)   : 100=0.01%, 250=0.95%, 500=2.85%, 750=9.05%, 1000=2.29%
  lat (msec)   : 2=7.69%, 4=14.95%, 10=24.31%, 20=7.99%, 50=5.32%
  lat (msec)   : 100=5.47%, 250=13.31%, 500=4.68%, 750=0.94%, 1000=0.13%
  lat (msec)   : 2000=0.06%, >=2000=0.01%
  cpu          : usr=0.32%, sys=1.63%, ctx=9365029, majf=0, minf=165
  IO depths    : 1=0.1%, 2=0.1%, 4=0.1%, 8=0.1%, 16=20.5%, 32=79.5%, >=64=0.0%
     submit    : 0=0.0%, 4=100.0%, 8=0.0%, 16=0.0%, 32=0.0%, 64=0.0%, >=64=0.0%
     complete  : 0=0.0%, 4=100.0%, 8=0.0%, 16=0.0%, 32=0.0%, 64=0.0%, >=64=0.0%
     issued rwts: total=7431391,3848517,0,0 short=0,0,0,0 dropped=0,0,0,0
     latency   : target=0, window=0, percentile=100.00%, depth=16

Run status group 0 (all jobs):
   READ: bw=288MiB/s (302MB/s), 288MiB/s-288MiB/s (302MB/s-302MB/s), io=1152GiB (1237GB), run=4101460-4101460msec
  WRITE: bw=285MiB/s (299MB/s), 285MiB/s-285MiB/s (299MB/s-299MB/s), io=1141GiB (1226GB), run=4101460-4101460msec

randrw_4k: (groupid=0, jobs=6): err= 0: pid=28486: Sat Aug 29 02:29:19 2026
  read: IOPS=1817, BW=290MiB/s (304MB/s)(1180GiB/4161460msec)
    slat (nsec): min=1151, max=19581k, avg=26002.35, stdev=58001.15
    clat (usec): min=2, max=69709k, avg=36237.90, stdev=326951.81
     lat (usec): min=110, max=69709k, avg=36263.90, stdev=326951.57
    clat percentiles (usec):
     |  1.00th=[    494],  5.00th=[    545], 10.00th=[    603],
     | 20.00th=[   1401], 30.00th=[   2507], 40.00th=[   3687],
     | 50.00th=[   5080], 60.00th=[   7111], 70.00th=[  11469],
     | 80.00th=[  36963], 90.00th=[ 108528], 95.00th=[ 204473],
     | 99.00th=[ 379585], 99.50th=[ 438305], 99.90th=[ 608175],
     | 99.95th=[ 734004], 99.99th=[1233126]
   bw (  KiB/s): min=  297, max=2252880, per=100.00%, avg=317456.16, stdev=106886.69, samples=48273
   iops        : min=    0, max= 8340, avg=1865.64, stdev=171.46, samples=48273
  write: IOPS=942, BW=288MiB/s (302MB/s)(1169GiB/4161460msec); 0 zone resets
    slat (nsec): min=1259, max=48927k, avg=61021.01, stdev=114257.23
    clat (nsec): min=891, max=69273M, avg=99801746.48, stdev=162645976.51
     lat (usec): min=185, max=69273k, avg=99862.77, stdev=162639.66
    clat percentiles (usec):
     |  1.00th=[    235],  5.00th=[    355], 10.00th=[    701],
     | 20.00th=[   2343], 30.00th=[   4228], 40.00th=[   6194],
     | 50.00th=[   9241], 60.00th=[  23987], 70.00th=[ 168821],
     | 80.00th=[ 212861], 90.00th=[ 252707], 95.00th=[ 396362],
     | 99.00th=[ 641729], 99.50th=[ 750781], 99.90th=[1166017],
     | 99.95th=[1384121], 99.99th=[2298479]
   bw (  KiB/s): min= 1758, max=2137544, per=100.00%, avg=322455.19, stdev=107705.55, samples=46628
   iops        : min=    6, max= 4496, avg=1007.20, stdev=131.93, samples=46628
  lat (nsec)   : 1000=0.01%
  lat (usec)   : 2=0.01%, 4=0.01%, 10=0.01%, 20=0.01%, 50=0.01%
  lat (usec)   : 100=0.01%, 250=0.95%, 500=2.83%, 750=9.00%, 1000=2.28%
  lat (msec)   : 2=7.71%, 4=15.04%, 10=24.42%, 20=7.95%, 50=5.29%
  lat (msec)   : 100=5.49%, 250=13.21%, 500=4.68%, 750=0.95%, 1000=0.13%
  lat (msec)   : 2000=0.06%, >=2000=0.01%
  cpu          : usr=0.32%, sys=1.64%, ctx=9531185, majf=0, minf=165
  IO depths    : 1=0.1%, 2=0.1%, 4=0.1%, 8=0.1%, 16=20.6%, 32=79.4%, >=64=0.0%
     submit    : 0=0.0%, 4=100.0%, 8=0.0%, 16=0.0%, 32=0.0%, 64=0.0%, >=64=0.0%
     complete  : 0=0.0%, 4=100.0%, 8=0.0%, 16=0.0%, 32=0.0%, 64=0.0%, >=64=0.0%
     issued rwts: total=7563612,3920771,0,0 short=0,0,0,0 dropped=0,0,0,0
     latency   : target=0, window=0, percentile=100.00%, depth=16

Run status group 0 (all jobs):
   READ: bw=290MiB/s (304MB/s), 290MiB/s-290MiB/s (304MB/s-304MB/s), io=1180GiB (1267GB), run=4161460-4161460msec
  WRITE: bw=288MiB/s (302MB/s), 288MiB/s-288MiB/s (302MB/s-302MB/s), io=1169GiB (1255GB), run=4161460-4161460msec

randrw_4k: (groupid=0, jobs=6): err= 0: pid=28486: Sat Aug 29 02:30:19 2026
  read: IOPS=1823, BW=293MiB/s (307MB/s)(1208GiB/4221460msec)
    slat (nsec): min=1151, max=19581k, avg=26106.68, stdev=57877.76
    clat (usec): min=2, max=69709k, avg=36295.91, stdev=324270.24
     lat (usec): min=110, max=69709k, avg=36322.01, stdev=324269.99
    clat percentiles (usec):
     |  1.00th=[    494],  5.00th=[    545], 10.00th=[    603],
     | 20.00th=[   1418], 30.00th=[   2540], 40.00th=[   3687],
     | 50.00th=[   5080], 60.00th=[   7111], 70.00th=[  11600],
     | 80.00th=[  37487], 90.00th=[ 109577], 95.00th=[ 204473],
     | 99.00th=[ 379585], 99.50th=[ 438305], 99.90th=[ 608175],
     | 99.95th=[ 734004], 99.99th=[1216349]
   bw (  KiB/s): min=  297, max=2252880, per=100.00%, avg=320222.52, stdev=107371.35, samples=48987
   iops        : min=    0, max= 8340, avg=1871.01, stdev=171.61, samples=48987
  write: IOPS=945, BW=290MiB/s (304MB/s)(1196GiB/4221460msec); 0 zone resets
    slat (nsec): min=1259, max=48927k, avg=61247.41, stdev=113827.74
    clat (nsec): min=891, max=69273M, avg=99065824.28, stdev=162428255.08
     lat (usec): min=185, max=69273k, avg=99127.07, stdev=162421.86
    clat percentiles (usec):
     |  1.00th=[    235],  5.00th=[    355], 10.00th=[    709],
     | 20.00th=[   2311], 30.00th=[   4146], 40.00th=[   6128],
     | 50.00th=[   9110], 60.00th=[  19792], 70.00th=[ 168821],
     | 80.00th=[ 212861], 90.00th=[ 252707], 95.00th=[ 396362],
     | 99.00th=[ 641729], 99.50th=[ 750781], 99.90th=[1166017],
     | 99.95th=[1367344], 99.99th=[2298479]
   bw (  KiB/s): min= 1758, max=2137544, per=100.00%, avg=325225.21, stdev=108177.21, samples=47316
   iops        : min=    6, max= 4496, avg=1010.96, stdev=132.47, samples=47316
  lat (nsec)   : 1000=0.01%
  lat (usec)   : 2=0.01%, 4=0.01%, 10=0.01%, 20=0.01%, 50=0.01%
  lat (usec)   : 100=0.01%, 250=0.95%, 500=2.81%, 750=8.95%, 1000=2.28%
  lat (msec)   : 2=7.74%, 4=15.14%, 10=24.50%, 20=7.91%, 50=5.28%
  lat (msec)   : 100=5.51%, 250=13.11%, 500=4.68%, 750=0.95%, 1000=0.13%
  lat (msec)   : 2000=0.06%, >=2000=0.01%
  cpu          : usr=0.32%, sys=1.65%, ctx=9698145, majf=0, minf=165
  IO depths    : 1=0.1%, 2=0.1%, 4=0.1%, 8=0.1%, 16=20.7%, 32=79.3%, >=64=0.0%
     submit    : 0=0.0%, 4=100.0%, 8=0.0%, 16=0.0%, 32=0.0%, 64=0.0%, >=64=0.0%
     complete  : 0=0.0%, 4=100.0%, 8=0.0%, 16=0.0%, 32=0.0%, 64=0.0%, >=64=0.0%
     issued rwts: total=7696418,3993365,0,0 short=0,0,0,0 dropped=0,0,0,0
     latency   : target=0, window=0, percentile=100.00%, depth=16

Run status group 0 (all jobs):
   READ: bw=293MiB/s (307MB/s), 293MiB/s-293MiB/s (307MB/s-307MB/s), io=1208GiB (1297GB), run=4221460-4221460msec
  WRITE: bw=290MiB/s (304MB/s), 290MiB/s-290MiB/s (304MB/s-304MB/s), io=1196GiB (1284GB), run=4221460-4221460msec

randrw_4k: (groupid=0, jobs=6): err= 0: pid=28486: Sat Aug 29 02:31:19 2026
  read: IOPS=1828, BW=295MiB/s (310MB/s)(1235GiB/4281459msec)
    slat (nsec): min=1151, max=19581k, avg=26204.57, stdev=57760.13
    clat (usec): min=2, max=69709k, avg=36348.83, stdev=321660.70
     lat (usec): min=110, max=69709k, avg=36375.03, stdev=321660.44
    clat percentiles (usec):
     |  1.00th=[    494],  5.00th=[    545], 10.00th=[    603],
     | 20.00th=[   1434], 30.00th=[   2540], 40.00th=[   3687],
     | 50.00th=[   5080], 60.00th=[   7111], 70.00th=[  11600],
     | 80.00th=[  38011], 90.00th=[ 109577], 95.00th=[ 204473],
     | 99.00th=[ 375391], 99.50th=[ 438305], 99.90th=[ 608175],
     | 99.95th=[ 725615], 99.99th=[1216349]
   bw (  KiB/s): min=  297, max=2252880, per=100.00%, avg=323129.83, stdev=107938.48, samples=49688
   iops        : min=    0, max= 8340, avg=1876.38, stdev=171.98, samples=49688
  write: IOPS=949, BW=293MiB/s (307MB/s)(1223GiB/4281459msec); 0 zone resets
    slat (nsec): min=1259, max=48927k, avg=61467.73, stdev=113414.69
    clat (nsec): min=891, max=69273M, avg=98372491.21, stdev=162223183.19
     lat (usec): min=185, max=69273k, avg=98433.96, stdev=162216.71
    clat percentiles (usec):
     |  1.00th=[    235],  5.00th=[    359], 10.00th=[    709],
     | 20.00th=[   2278], 30.00th=[   4113], 40.00th=[   5997],
     | 50.00th=[   8848], 60.00th=[  17695], 70.00th=[ 166724],
     | 80.00th=[ 212861], 90.00th=[ 252707], 95.00th=[ 396362],
     | 99.00th=[ 641729], 99.50th=[ 742392], 99.90th=[1149240],
     | 99.95th=[1367344], 99.99th=[2264925]
   bw (  KiB/s): min= 1758, max=2137544, per=100.00%, avg=328352.15, stdev=108799.39, samples=47957
   iops        : min=    6, max= 4496, avg=1015.63, stdev=133.18, samples=47957
  lat (nsec)   : 1000=0.01%
  lat (usec)   : 2=0.01%, 4=0.01%, 10=0.01%, 20=0.01%, 50=0.01%
  lat (usec)   : 100=0.01%, 250=0.94%, 500=2.79%, 750=8.90%, 1000=2.28%
  lat (msec)   : 2=7.76%, 4=15.23%, 10=24.59%, 20=7.87%, 50=5.26%
  lat (msec)   : 100=5.53%, 250=13.02%, 500=4.68%, 750=0.95%, 1000=0.13%
  lat (msec)   : 2000=0.06%, >=2000=0.01%
  cpu          : usr=0.32%, sys=1.66%, ctx=9863687, majf=0, minf=165
  IO depths    : 1=0.1%, 2=0.1%, 4=0.1%, 8=0.1%, 16=20.9%, 32=79.1%, >=64=0.0%
     submit    : 0=0.0%, 4=100.0%, 8=0.0%, 16=0.0%, 32=0.0%, 64=0.0%, >=64=0.0%
     complete  : 0=0.0%, 4=100.0%, 8=0.0%, 16=0.0%, 32=0.0%, 64=0.0%, >=64=0.0%
     issued rwts: total=7828654,4066002,0,0 short=0,0,0,0 dropped=0,0,0,0
     latency   : target=0, window=0, percentile=100.00%, depth=16

Run status group 0 (all jobs):
   READ: bw=295MiB/s (310MB/s), 295MiB/s-295MiB/s (310MB/s-310MB/s), io=1235GiB (1326GB), run=4281459-4281459msec
  WRITE: bw=293MiB/s (307MB/s), 293MiB/s-293MiB/s (307MB/s-307MB/s), io=1223GiB (1314GB), run=4281459-4281459msec

randrw_4k: (groupid=0, jobs=6): err= 0: pid=28486: Sat Aug 29 02:32:19 2026
  read: IOPS=1833, BW=298MiB/s (312MB/s)(1262GiB/4341460msec)
    slat (nsec): min=1151, max=19581k, avg=26280.62, stdev=57626.75
    clat (usec): min=2, max=69709k, avg=36397.95, stdev=319180.77
     lat (usec): min=110, max=69709k, avg=36424.23, stdev=319180.49
    clat percentiles (usec):
     |  1.00th=[    494],  5.00th=[    545], 10.00th=[    603],
     | 20.00th=[   1450], 30.00th=[   2540], 40.00th=[   3720],
     | 50.00th=[   5080], 60.00th=[   7111], 70.00th=[  11600],
     | 80.00th=[  38011], 90.00th=[ 110625], 95.00th=[ 204473],
     | 99.00th=[ 379585], 99.50th=[ 438305], 99.90th=[ 599786],
     | 99.95th=[ 725615], 99.99th=[1199571]
   bw (  KiB/s): min=  297, max=2252880, per=100.00%, avg=325705.13, stdev=108351.91, samples=50384
   iops        : min=    0, max= 8340, avg=1881.56, stdev=172.60, samples=50384
  write: IOPS=952, BW=295MiB/s (309MB/s)(1249GiB/4341460msec); 0 zone resets
    slat (nsec): min=1259, max=48927k, avg=61621.56, stdev=112992.67
    clat (nsec): min=891, max=69273M, avg=97742258.44, stdev=162161823.27
     lat (usec): min=185, max=69273k, avg=97803.88, stdev=162155.30
    clat percentiles (usec):
     |  1.00th=[    235],  5.00th=[    359], 10.00th=[    717],
     | 20.00th=[   2278], 30.00th=[   4080], 40.00th=[   5932],
     | 50.00th=[   8717], 60.00th=[  16450], 70.00th=[ 166724],
     | 80.00th=[ 210764], 90.00th=[ 252707], 95.00th=[ 400557],
     | 99.00th=[ 641729], 99.50th=[ 742392], 99.90th=[1149240],
     | 99.95th=[1350566], 99.99th=[2264925]
   bw (  KiB/s): min= 1758, max=2137544, per=100.00%, avg=331101.70, stdev=109276.12, samples=48574
   iops        : min=    6, max= 4496, avg=1020.30, stdev=133.88, samples=48574
  lat (nsec)   : 1000=0.01%
  lat (usec)   : 2=0.01%, 4=0.01%, 10=0.01%, 20=0.01%, 50=0.01%
  lat (usec)   : 100=0.01%, 250=0.93%, 500=2.77%, 750=8.86%, 1000=2.28%
  lat (msec)   : 2=7.78%, 4=15.33%, 10=24.72%, 20=7.84%, 50=5.22%
  lat (msec)   : 100=5.53%, 250=12.89%, 500=4.70%, 750=0.97%, 1000=0.13%
  lat (msec)   : 2000=0.06%, >=2000=0.01%
  cpu          : usr=0.33%, sys=1.67%, ctx=10027324, majf=0, minf=165
  IO depths    : 1=0.1%, 2=0.1%, 4=0.1%, 8=0.1%, 16=20.9%, 32=79.1%, >=64=0.0%
     submit    : 0=0.0%, 4=100.0%, 8=0.0%, 16=0.0%, 32=0.0%, 64=0.0%, >=64=0.0%
     complete  : 0=0.0%, 4=100.0%, 8=0.0%, 16=0.0%, 32=0.0%, 64=0.0%, >=64=0.0%
     issued rwts: total=7960467,4137245,0,0 short=0,0,0,0 dropped=0,0,0,0
     latency   : target=0, window=0, percentile=100.00%, depth=16

Run status group 0 (all jobs):
   READ: bw=298MiB/s (312MB/s), 298MiB/s-298MiB/s (312MB/s-312MB/s), io=1262GiB (1355GB), run=4341460-4341460msec
  WRITE: bw=295MiB/s (309MB/s), 295MiB/s-295MiB/s (309MB/s-309MB/s), io=1249GiB (1341GB), run=4341460-4341460msec

randrw_4k: (groupid=0, jobs=6): err= 0: pid=28486: Sat Aug 29 02:33:19 2026
  read: IOPS=1838, BW=300MiB/s (314MB/s)(1289GiB/4401460msec)
    slat (nsec): min=1151, max=19581k, avg=26359.05, stdev=57495.58
    clat (usec): min=2, max=69709k, avg=36448.34, stdev=316730.10
     lat (usec): min=110, max=69709k, avg=36474.70, stdev=316729.81
    clat percentiles (usec):
     |  1.00th=[    494],  5.00th=[    545], 10.00th=[    603],
     | 20.00th=[   1467], 30.00th=[   2573], 40.00th=[   3720],
     | 50.00th=[   5080], 60.00th=[   7111], 70.00th=[  11600],
     | 80.00th=[  38011], 90.00th=[ 110625], 95.00th=[ 206570],
     | 99.00th=[ 379585], 99.50th=[ 438305], 99.90th=[ 599786],
     | 99.95th=[ 725615], 99.99th=[1199571]
   bw (  KiB/s): min=  297, max=2252880, per=100.00%, avg=328127.88, stdev=108744.07, samples=51095
   iops        : min=    0, max= 8340, avg=1886.38, stdev=172.89, samples=51095
  write: IOPS=956, BW=297MiB/s (311MB/s)(1276GiB/4401460msec); 0 zone resets
    slat (nsec): min=1259, max=48927k, avg=61776.38, stdev=112568.52
    clat (nsec): min=891, max=69273M, avg=97089209.62, stdev=162014373.30
     lat (usec): min=185, max=69273k, avg=97150.99, stdev=162007.80
    clat percentiles (usec):
     |  1.00th=[    235],  5.00th=[    359], 10.00th=[    725],
     | 20.00th=[   2245], 30.00th=[   4015], 40.00th=[   5866],
     | 50.00th=[   8586], 60.00th=[  15533], 70.00th=[ 164627],
     | 80.00th=[ 210764], 90.00th=[ 252707], 95.00th=[ 400557],
     | 99.00th=[ 641729], 99.50th=[ 742392], 99.90th=[1132463],
     | 99.95th=[1350566], 99.99th=[2231370]
   bw (  KiB/s): min= 1758, max=2137544, per=100.00%, avg=333577.87, stdev=109659.44, samples=49263
   iops        : min=    6, max= 4496, avg=1023.69, stdev=134.45, samples=49263
  lat (nsec)   : 1000=0.01%
  lat (usec)   : 2=0.01%, 4=0.01%, 10=0.01%, 20=0.01%, 50=0.01%
  lat (usec)   : 100=0.01%, 250=0.93%, 500=2.75%, 750=8.82%, 1000=2.28%
  lat (msec)   : 2=7.81%, 4=15.42%, 10=24.81%, 20=7.80%, 50=5.20%
  lat (msec)   : 100=5.53%, 250=12.78%, 500=4.70%, 750=0.97%, 1000=0.13%
  lat (msec)   : 2000=0.05%, >=2000=0.01%
  cpu          : usr=0.33%, sys=1.68%, ctx=10193833, majf=0, minf=165
  IO depths    : 1=0.1%, 2=0.1%, 4=0.1%, 8=0.1%, 16=21.0%, 32=79.0%, >=64=0.0%
     submit    : 0=0.0%, 4=100.0%, 8=0.0%, 16=0.0%, 32=0.0%, 64=0.0%, >=64=0.0%
     complete  : 0=0.0%, 4=100.0%, 8=0.0%, 16=0.0%, 32=0.0%, 64=0.0%, >=64=0.0%
     issued rwts: total=8093117,4210182,0,0 short=0,0,0,0 dropped=0,0,0,0
     latency   : target=0, window=0, percentile=100.00%, depth=16

Run status group 0 (all jobs):
   READ: bw=300MiB/s (314MB/s), 300MiB/s-300MiB/s (314MB/s-314MB/s), io=1289GiB (1384GB), run=4401460-4401460msec
  WRITE: bw=297MiB/s (311MB/s), 297MiB/s-297MiB/s (311MB/s-311MB/s), io=1276GiB (1370GB), run=4401460-4401460msec

randrw_4k: (groupid=0, jobs=6): err= 0: pid=28486: Sat Aug 29 02:34:19 2026
  read: IOPS=1843, BW=302MiB/s (317MB/s)(1317GiB/4461460msec)
    slat (nsec): min=1151, max=19581k, avg=26454.81, stdev=57390.78
    clat (usec): min=2, max=69709k, avg=36499.88, stdev=314317.15
     lat (usec): min=110, max=69709k, avg=36526.34, stdev=314316.85
    clat percentiles (usec):
     |  1.00th=[    494],  5.00th=[    545], 10.00th=[    603],
     | 20.00th=[   1467], 30.00th=[   2573], 40.00th=[   3720],
     | 50.00th=[   5080], 60.00th=[   7111], 70.00th=[  11600],
     | 80.00th=[  38536], 90.00th=[ 111674], 95.00th=[ 206570],
     | 99.00th=[ 375391], 99.50th=[ 438305], 99.90th=[ 599786],
     | 99.95th=[ 717226], 99.99th=[1182794]
   bw (  KiB/s): min=  297, max=2252880, per=100.00%, avg=330662.50, stdev=109164.17, samples=51808
   iops        : min=    0, max= 8340, avg=1890.84, stdev=173.04, samples=51808
  write: IOPS=959, BW=299MiB/s (314MB/s)(1304GiB/4461460msec); 0 zone resets
    slat (nsec): min=1259, max=48927k, avg=61983.33, stdev=112182.61
    clat (nsec): min=891, max=69273M, avg=96462065.63, stdev=161794081.83
     lat (usec): min=185, max=69273k, avg=96524.05, stdev=161787.43
    clat percentiles (usec):
     |  1.00th=[    235],  5.00th=[    359], 10.00th=[    725],
     | 20.00th=[   2245], 30.00th=[   3982], 40.00th=[   5800],
     | 50.00th=[   8455], 60.00th=[  14746], 70.00th=[ 162530],
     | 80.00th=[ 210764], 90.00th=[ 252707], 95.00th=[ 400557],
     | 99.00th=[ 641729], 99.50th=[ 742392], 99.90th=[1132463],
     | 99.95th=[1350566], 99.99th=[2231370]
   bw (  KiB/s): min= 1758, max=2137544, per=100.00%, avg=336250.76, stdev=110105.10, samples=49949
   iops        : min=    6, max= 4496, avg=1027.08, stdev=134.97, samples=49949
  lat (nsec)   : 1000=0.01%
  lat (usec)   : 2=0.01%, 4=0.01%, 10=0.01%, 20=0.01%, 50=0.01%
  lat (usec)   : 100=0.01%, 250=0.93%, 500=2.74%, 750=8.78%, 1000=2.27%
  lat (msec)   : 2=7.82%, 4=15.50%, 10=24.89%, 20=7.76%, 50=5.17%
  lat (msec)   : 100=5.55%, 250=12.72%, 500=4.70%, 750=0.98%, 1000=0.13%
  lat (msec)   : 2000=0.05%, >=2000=0.01%
  cpu          : usr=0.33%, sys=1.69%, ctx=10359478, majf=0, minf=165
  IO depths    : 1=0.1%, 2=0.1%, 4=0.1%, 8=0.1%, 16=21.2%, 32=78.8%, >=64=0.0%
     submit    : 0=0.0%, 4=100.0%, 8=0.0%, 16=0.0%, 32=0.0%, 64=0.0%, >=64=0.0%
     complete  : 0=0.0%, 4=100.0%, 8=0.0%, 16=0.0%, 32=0.0%, 64=0.0%, >=64=0.0%
     issued rwts: total=8224363,4282953,0,0 short=0,0,0,0 dropped=0,0,0,0
     latency   : target=0, window=0, percentile=100.00%, depth=16

Run status group 0 (all jobs):
   READ: bw=302MiB/s (317MB/s), 302MiB/s-302MiB/s (317MB/s-317MB/s), io=1317GiB (1414GB), run=4461460-4461460msec
  WRITE: bw=299MiB/s (314MB/s), 299MiB/s-299MiB/s (314MB/s-314MB/s), io=1304GiB (1400GB), run=4461460-4461460msec

randrw_4k: (groupid=0, jobs=6): err= 0: pid=28486: Sat Aug 29 02:35:19 2026
  read: IOPS=1848, BW=304MiB/s (319MB/s)(1343GiB/4521460msec)
    slat (nsec): min=1151, max=19581k, avg=26525.30, stdev=57269.40
    clat (usec): min=2, max=69709k, avg=36539.51, stdev=311990.00
     lat (usec): min=110, max=69709k, avg=36566.04, stdev=311989.69
    clat percentiles (usec):
     |  1.00th=[    494],  5.00th=[    545], 10.00th=[    603],
     | 20.00th=[   1483], 30.00th=[   2573], 40.00th=[   3720],
     | 50.00th=[   5080], 60.00th=[   7111], 70.00th=[  11600],
     | 80.00th=[  39060], 90.00th=[ 111674], 95.00th=[ 206570],
     | 99.00th=[ 379585], 99.50th=[ 438305], 99.90th=[ 599786],
     | 99.95th=[ 717226], 99.99th=[1182794]
   bw (  KiB/s): min=  297, max=2252880, per=100.00%, avg=333157.37, stdev=109538.06, samples=52506
   iops        : min=    0, max= 8340, avg=1895.58, stdev=173.52, samples=52506
  write: IOPS=963, BW=301MiB/s (316MB/s)(1331GiB/4521460msec); 0 zone resets
    slat (nsec): min=1259, max=48927k, avg=62135.19, stdev=111800.32
    clat (nsec): min=891, max=69273M, avg=95891512.97, stdev=161727234.48
     lat (usec): min=185, max=69273k, avg=95953.65, stdev=161720.53
    clat percentiles (usec):
     |  1.00th=[    235],  5.00th=[    359], 10.00th=[    734],
     | 20.00th=[   2212], 30.00th=[   3949], 40.00th=[   5735],
     | 50.00th=[   8291], 60.00th=[  14222], 70.00th=[ 156238],
     | 80.00th=[ 210764], 90.00th=[ 252707], 95.00th=[ 404751],
     | 99.00th=[ 641729], 99.50th=[ 734004], 99.90th=[1132463],
     | 99.95th=[1333789], 99.99th=[2197816]
   bw (  KiB/s): min= 1758, max=2137544, per=100.00%, avg=338999.18, stdev=110541.13, samples=50564
   iops        : min=    6, max= 4496, avg=1031.54, stdev=135.60, samples=50564
  lat (nsec)   : 1000=0.01%
  lat (usec)   : 2=0.01%, 4=0.01%, 10=0.01%, 20=0.01%, 50=0.01%
  lat (usec)   : 100=0.01%, 250=0.92%, 500=2.72%, 750=8.75%, 1000=2.27%
  lat (msec)   : 2=7.85%, 4=15.59%, 10=24.98%, 20=7.72%, 50=5.15%
  lat (msec)   : 100=5.55%, 250=12.63%, 500=4.70%, 750=0.99%, 1000=0.13%
  lat (msec)   : 2000=0.05%, >=2000=0.01%
  cpu          : usr=0.33%, sys=1.70%, ctx=10524558, majf=0, minf=165
  IO depths    : 1=0.1%, 2=0.1%, 4=0.1%, 8=0.1%, 16=21.2%, 32=78.8%, >=64=0.0%
     submit    : 0=0.0%, 4=100.0%, 8=0.0%, 16=0.0%, 32=0.0%, 64=0.0%, >=64=0.0%
     complete  : 0=0.0%, 4=100.0%, 8=0.0%, 16=0.0%, 32=0.0%, 64=0.0%, >=64=0.0%
     issued rwts: total=8356316,4354746,0,0 short=0,0,0,0 dropped=0,0,0,0
     latency   : target=0, window=0, percentile=100.00%, depth=16

Run status group 0 (all jobs):
   READ: bw=304MiB/s (319MB/s), 304MiB/s-304MiB/s (319MB/s-319MB/s), io=1343GiB (1443GB), run=4521460-4521460msec
  WRITE: bw=301MiB/s (316MB/s), 301MiB/s-301MiB/s (316MB/s-316MB/s), io=1331GiB (1429GB), run=4521460-4521460msec

randrw_4k: (groupid=0, jobs=6): err= 0: pid=28486: Sat Aug 29 02:36:19 2026
  read: IOPS=1852, BW=306MiB/s (321MB/s)(1370GiB/4581459msec)
    slat (nsec): min=1151, max=19581k, avg=26585.66, stdev=57142.81
    clat (usec): min=2, max=69709k, avg=36575.32, stdev=309730.84
     lat (usec): min=110, max=69709k, avg=36601.91, stdev=309730.52
    clat percentiles (usec):
     |  1.00th=[    494],  5.00th=[    545], 10.00th=[    603],
     | 20.00th=[   1500], 30.00th=[   2573], 40.00th=[   3720],
     | 50.00th=[   5080], 60.00th=[   7111], 70.00th=[  11600],
     | 80.00th=[  39060], 90.00th=[ 111674], 95.00th=[ 206570],
     | 99.00th=[ 379585], 99.50th=[ 438305], 99.90th=[ 599786],
     | 99.95th=[ 717226], 99.99th=[1166017]
   bw (  KiB/s): min=  297, max=2252880, per=100.00%, avg=335501.87, stdev=109906.70, samples=53209
   iops        : min=    0, max= 8340, avg=1900.39, stdev=173.90, samples=53209
  write: IOPS=966, BW=303MiB/s (318MB/s)(1357GiB/4581459msec); 0 zone resets
    slat (nsec): min=1259, max=48927k, avg=62250.68, stdev=111407.72
    clat (nsec): min=891, max=69273M, avg=95341588.79, stdev=161644487.85
     lat (usec): min=185, max=69273k, avg=95403.84, stdev=161637.75
    clat percentiles (usec):
     |  1.00th=[    235],  5.00th=[    359], 10.00th=[    742],
     | 20.00th=[   2212], 30.00th=[   3916], 40.00th=[   5669],
     | 50.00th=[   8160], 60.00th=[  13698], 70.00th=[ 152044],
     | 80.00th=[ 208667], 90.00th=[ 252707], 95.00th=[ 404751],
     | 99.00th=[ 641729], 99.50th=[ 734004], 99.90th=[1115685],
     | 99.95th=[1333789], 99.99th=[2197816]
   bw (  KiB/s): min= 1758, max=2137544, per=100.00%, avg=341464.46, stdev=110896.45, samples=51207
   iops        : min=    6, max= 4496, avg=1035.57, stdev=136.10, samples=51207
  lat (nsec)   : 1000=0.01%
  lat (usec)   : 2=0.01%, 4=0.01%, 10=0.01%, 20=0.01%, 50=0.01%
  lat (usec)   : 100=0.01%, 250=0.92%, 500=2.70%, 750=8.72%, 1000=2.27%
  lat (msec)   : 2=7.87%, 4=15.67%, 10=25.08%, 20=7.69%, 50=5.12%
  lat (msec)   : 100=5.54%, 250=12.52%, 500=4.71%, 750=1.00%, 1000=0.13%
  lat (msec)   : 2000=0.05%, >=2000=0.01%
  cpu          : usr=0.33%, sys=1.71%, ctx=10689038, majf=0, minf=165
  IO depths    : 1=0.1%, 2=0.1%, 4=0.1%, 8=0.1%, 16=21.3%, 32=78.7%, >=64=0.0%
     submit    : 0=0.0%, 4=100.0%, 8=0.0%, 16=0.0%, 32=0.0%, 64=0.0%, >=64=0.0%
     complete  : 0=0.0%, 4=100.0%, 8=0.0%, 16=0.0%, 32=0.0%, 64=0.0%, >=64=0.0%
     issued rwts: total=8487937,4426436,0,0 short=0,0,0,0 dropped=0,0,0,0
     latency   : target=0, window=0, percentile=100.00%, depth=16

Run status group 0 (all jobs):
   READ: bw=306MiB/s (321MB/s), 306MiB/s-306MiB/s (321MB/s-321MB/s), io=1370GiB (1471GB), run=4581459-4581459msec
  WRITE: bw=303MiB/s (318MB/s), 303MiB/s-303MiB/s (318MB/s-318MB/s), io=1357GiB (1457GB), run=4581459-4581459msec

randrw_4k: (groupid=0, jobs=6): err= 0: pid=28486: Sat Aug 29 02:37:19 2026
  read: IOPS=1857, BW=308MiB/s (323MB/s)(1397GiB/4641459msec)
    slat (nsec): min=1151, max=19581k, avg=26660.18, stdev=57037.13
    clat (usec): min=2, max=69709k, avg=36613.98, stdev=307502.11
     lat (usec): min=110, max=69709k, avg=36640.64, stdev=307501.77
    clat percentiles (usec):
     |  1.00th=[    494],  5.00th=[    545], 10.00th=[    611],
     | 20.00th=[   1500], 30.00th=[   2606], 40.00th=[   3720],
     | 50.00th=[   5080], 60.00th=[   7111], 70.00th=[  11600],
     | 80.00th=[  39584], 90.00th=[ 111674], 95.00th=[ 206570],
     | 99.00th=[ 379585], 99.50th=[ 438305], 99.90th=[ 599786],
     | 99.95th=[ 708838], 99.99th=[1166017]
   bw (  KiB/s): min=  297, max=2252880, per=100.00%, avg=337888.06, stdev=110245.35, samples=53910
   iops        : min=    0, max= 8340, avg=1904.82, stdev=174.33, samples=53910
  write: IOPS=969, BW=305MiB/s (320MB/s)(1384GiB/4641459msec); 0 zone resets
    slat (nsec): min=1259, max=48927k, avg=62406.93, stdev=111048.50
    clat (nsec): min=891, max=69273M, avg=94794477.24, stdev=161544702.58
     lat (usec): min=185, max=69273k, avg=94856.88, stdev=161537.91
    clat percentiles (usec):
     |  1.00th=[    235],  5.00th=[    359], 10.00th=[    742],
     | 20.00th=[   2212], 30.00th=[   3884], 40.00th=[   5604],
     | 50.00th=[   8029], 60.00th=[  13304], 70.00th=[ 145753],
     | 80.00th=[ 208667], 90.00th=[ 254804], 95.00th=[ 404751],
     | 99.00th=[ 641729], 99.50th=[ 734004], 99.90th=[1115685],
     | 99.95th=[1333789], 99.99th=[2197816]
   bw (  KiB/s): min= 1758, max=2137544, per=100.00%, avg=343965.83, stdev=111294.84, samples=51839
   iops        : min=    6, max= 4496, avg=1039.52, stdev=136.62, samples=51839
  lat (nsec)   : 1000=0.01%
  lat (usec)   : 2=0.01%, 4=0.01%, 10=0.01%, 20=0.01%, 50=0.01%
  lat (usec)   : 100=0.01%, 250=0.91%, 500=2.69%, 750=8.68%, 1000=2.27%
  lat (msec)   : 2=7.90%, 4=15.76%, 10=25.17%, 20=7.65%, 50=5.09%
  lat (msec)   : 100=5.55%, 250=12.42%, 500=4.72%, 750=1.00%, 1000=0.12%
  lat (msec)   : 2000=0.05%, >=2000=0.01%
  cpu          : usr=0.34%, sys=1.72%, ctx=10853529, majf=0, minf=165
  IO depths    : 1=0.1%, 2=0.1%, 4=0.1%, 8=0.1%, 16=21.4%, 32=78.6%, >=64=0.0%
     submit    : 0=0.0%, 4=100.0%, 8=0.0%, 16=0.0%, 32=0.0%, 64=0.0%, >=64=0.0%
     complete  : 0=0.0%, 4=100.0%, 8=0.0%, 16=0.0%, 32=0.0%, 64=0.0%, >=64=0.0%
     issued rwts: total=8620638,4498850,0,0 short=0,0,0,0 dropped=0,0,0,0
     latency   : target=0, window=0, percentile=100.00%, depth=16

Run status group 0 (all jobs):
   READ: bw=308MiB/s (323MB/s), 308MiB/s-308MiB/s (323MB/s-323MB/s), io=1397GiB (1500GB), run=4641459-4641459msec
  WRITE: bw=305MiB/s (320MB/s), 305MiB/s-305MiB/s (320MB/s-320MB/s), io=1384GiB (1486GB), run=4641459-4641459msec

randrw_4k: (groupid=0, jobs=6): err= 0: pid=28486: Sat Aug 29 02:38:19 2026
  read: IOPS=1861, BW=310MiB/s (325MB/s)(1424GiB/4701459msec)
    slat (nsec): min=1151, max=19581k, avg=26725.89, stdev=56928.56
    clat (usec): min=2, max=69709k, avg=36651.90, stdev=305348.87
     lat (usec): min=110, max=69709k, avg=36678.62, stdev=305348.52
    clat percentiles (usec):
     |  1.00th=[    494],  5.00th=[    545], 10.00th=[    611],
     | 20.00th=[   1516], 30.00th=[   2606], 40.00th=[   3752],
     | 50.00th=[   5080], 60.00th=[   7111], 70.00th=[  11600],
     | 80.00th=[  39584], 90.00th=[ 112722], 95.00th=[ 206570],
     | 99.00th=[ 379585], 99.50th=[ 434111], 99.90th=[ 599786],
     | 99.95th=[ 708838], 99.99th=[1166017]
   bw (  KiB/s): min=  297, max=2252880, per=100.00%, avg=339807.67, stdev=110434.45, samples=54624
   iops        : min=    0, max= 8340, avg=1908.68, stdev=174.38, samples=54624
  write: IOPS=972, BW=307MiB/s (322MB/s)(1410GiB/4701459msec); 0 zone resets
    slat (nsec): min=1259, max=48927k, avg=62551.48, stdev=110696.63
    clat (nsec): min=891, max=69273M, avg=94286562.71, stdev=161451140.01
     lat (usec): min=185, max=69273k, avg=94349.11, stdev=161444.30
    clat percentiles (usec):
     |  1.00th=[    235],  5.00th=[    359], 10.00th=[    750],
     | 20.00th=[   2180], 30.00th=[   3851], 40.00th=[   5538],
     | 50.00th=[   7898], 60.00th=[  12911], 70.00th=[ 141558],
     | 80.00th=[ 208667], 90.00th=[ 254804], 95.00th=[ 408945],
     | 99.00th=[ 641729], 99.50th=[ 734004], 99.90th=[1115685],
     | 99.95th=[1333789], 99.99th=[2164261]
   bw (  KiB/s): min= 1758, max=2137544, per=100.00%, avg=346078.54, stdev=111535.24, samples=52523
   iops        : min=    6, max= 4496, avg=1042.32, stdev=136.97, samples=52523
  lat (nsec)   : 1000=0.01%
  lat (usec)   : 2=0.01%, 4=0.01%, 10=0.01%, 20=0.01%, 50=0.01%
  lat (usec)   : 100=0.01%, 250=0.91%, 500=2.67%, 750=8.65%, 1000=2.27%
  lat (msec)   : 2=7.92%, 4=15.83%, 10=25.27%, 20=7.62%, 50=5.07%
  lat (msec)   : 100=5.55%, 250=12.34%, 500=4.73%, 750=1.01%, 1000=0.12%
  lat (msec)   : 2000=0.05%, >=2000=0.01%
  cpu          : usr=0.34%, sys=1.73%, ctx=11016991, majf=0, minf=165
  IO depths    : 1=0.1%, 2=0.1%, 4=0.1%, 8=0.1%, 16=21.5%, 32=78.5%, >=64=0.0%
     submit    : 0=0.0%, 4=100.0%, 8=0.0%, 16=0.0%, 32=0.0%, 64=0.0%, >=64=0.0%
     complete  : 0=0.0%, 4=100.0%, 8=0.0%, 16=0.0%, 32=0.0%, 64=0.0%, >=64=0.0%
     issued rwts: total=8751481,4570423,0,0 short=0,0,0,0 dropped=0,0,0,0
     latency   : target=0, window=0, percentile=100.00%, depth=16

Run status group 0 (all jobs):
   READ: bw=310MiB/s (325MB/s), 310MiB/s-310MiB/s (325MB/s-325MB/s), io=1424GiB (1529GB), run=4701459-4701459msec
  WRITE: bw=307MiB/s (322MB/s), 307MiB/s-307MiB/s (322MB/s-322MB/s), io=1410GiB (1514GB), run=4701459-4701459msec

randrw_4k: (groupid=0, jobs=6): err= 0: pid=28486: Sat Aug 29 02:39:19 2026
  read: IOPS=1865, BW=312MiB/s (327MB/s)(1450GiB/4761460msec)
    slat (nsec): min=1151, max=19581k, avg=26785.88, stdev=56819.01
    clat (usec): min=2, max=69709k, avg=36692.86, stdev=303252.18
     lat (usec): min=110, max=69709k, avg=36719.65, stdev=303251.83
    clat percentiles (usec):
     |  1.00th=[    494],  5.00th=[    545], 10.00th=[    611],
     | 20.00th=[   1532], 30.00th=[   2606], 40.00th=[   3752],
     | 50.00th=[   5080], 60.00th=[   7111], 70.00th=[  11600],
     | 80.00th=[  39584], 90.00th=[ 112722], 95.00th=[ 206570],
     | 99.00th=[ 379585], 99.50th=[ 434111], 99.90th=[ 591397],
     | 99.95th=[ 708838], 99.99th=[1149240]
   bw (  KiB/s): min=  297, max=2252880, per=100.00%, avg=341851.85, stdev=110638.64, samples=55333
   iops        : min=    0, max= 8340, avg=1912.78, stdev=174.58, samples=55333
  write: IOPS=974, BW=309MiB/s (324MB/s)(1436GiB/4761460msec); 0 zone resets
    slat (nsec): min=1259, max=48927k, avg=62670.98, stdev=110349.19
    clat (nsec): min=891, max=69273M, avg=93796730.38, stdev=161414565.91
     lat (usec): min=185, max=69273k, avg=93859.40, stdev=161407.69
    clat percentiles (usec):
     |  1.00th=[    235],  5.00th=[    359], 10.00th=[    750],
     | 20.00th=[   2180], 30.00th=[   3851], 40.00th=[   5473],
     | 50.00th=[   7832], 60.00th=[  12649], 70.00th=[ 137364],
     | 80.00th=[ 206570], 90.00th=[ 254804], 95.00th=[ 408945],
     | 99.00th=[ 641729], 99.50th=[ 734004], 99.90th=[1098908],
     | 99.95th=[1317012], 99.99th=[2164261]
   bw (  KiB/s): min= 1758, max=2137544, per=100.00%, avg=348126.02, stdev=111753.27, samples=53198
   iops        : min=    6, max= 4496, avg=1045.18, stdev=137.37, samples=53198
  lat (nsec)   : 1000=0.01%
  lat (usec)   : 2=0.01%, 4=0.01%, 10=0.01%, 20=0.01%, 50=0.01%
  lat (usec)   : 100=0.01%, 250=0.90%, 500=2.65%, 750=8.62%, 1000=2.26%
  lat (msec)   : 2=7.94%, 4=15.91%, 10=25.35%, 20=7.59%, 50=5.05%
  lat (msec)   : 100=5.54%, 250=12.25%, 500=4.73%, 750=1.02%, 1000=0.12%
  lat (msec)   : 2000=0.05%, >=2000=0.01%
  cpu          : usr=0.34%, sys=1.74%, ctx=11180914, majf=0, minf=165
  IO depths    : 1=0.1%, 2=0.1%, 4=0.1%, 8=0.1%, 16=21.5%, 32=78.5%, >=64=0.0%
     submit    : 0=0.0%, 4=100.0%, 8=0.0%, 16=0.0%, 32=0.0%, 64=0.0%, >=64=0.0%
     complete  : 0=0.0%, 4=100.0%, 8=0.0%, 16=0.0%, 32=0.0%, 64=0.0%, >=64=0.0%
     issued rwts: total=8882790,4641468,0,0 short=0,0,0,0 dropped=0,0,0,0
     latency   : target=0, window=0, percentile=100.00%, depth=16

Run status group 0 (all jobs):
   READ: bw=312MiB/s (327MB/s), 312MiB/s-312MiB/s (327MB/s-327MB/s), io=1450GiB (1557GB), run=4761460-4761460msec
  WRITE: bw=309MiB/s (324MB/s), 309MiB/s-309MiB/s (324MB/s-324MB/s), io=1436GiB (1542GB), run=4761460-4761460msec

randrw_4k: (groupid=0, jobs=6): err= 0: pid=28486: Sat Aug 29 02:40:20 2026
  read: IOPS=1870, BW=314MiB/s (329MB/s)(1478GiB/4821459msec)
    slat (nsec): min=1151, max=19581k, avg=26852.66, stdev=56715.75
    clat (usec): min=2, max=69709k, avg=36729.73, stdev=301148.65
     lat (usec): min=110, max=69709k, avg=36756.58, stdev=301148.28
    clat percentiles (usec):
     |  1.00th=[    498],  5.00th=[    545], 10.00th=[    611],
     | 20.00th=[   1532], 30.00th=[   2606], 40.00th=[   3752],
     | 50.00th=[   5145], 60.00th=[   7111], 70.00th=[  11600],
     | 80.00th=[  40109], 90.00th=[ 112722], 95.00th=[ 208667],
     | 99.00th=[ 379585], 99.50th=[ 434111], 99.90th=[ 591397],
     | 99.95th=[ 700449], 99.99th=[1149240]
   bw (  KiB/s): min=  297, max=2252880, per=100.00%, avg=344069.37, stdev=110935.88, samples=56039
   iops        : min=    0, max= 8340, avg=1917.17, stdev=174.90, samples=56039
  write: IOPS=977, BW=311MiB/s (326MB/s)(1463GiB/4821459msec); 0 zone resets
    slat (nsec): min=1259, max=48927k, avg=62798.28, stdev=110004.67
    clat (nsec): min=891, max=69273M, avg=93275294.05, stdev=161263818.75
     lat (usec): min=185, max=69273k, avg=93338.09, stdev=161256.91
    clat percentiles (usec):
     |  1.00th=[    235],  5.00th=[    359], 10.00th=[    758],
     | 20.00th=[   2180], 30.00th=[   3818], 40.00th=[   5407],
     | 50.00th=[   7701], 60.00th=[  12256], 70.00th=[ 135267],
     | 80.00th=[ 206570], 90.00th=[ 254804], 95.00th=[ 408945],
     | 99.00th=[ 641729], 99.50th=[ 734004], 99.90th=[1098908],
     | 99.95th=[1317012], 99.99th=[2164261]
   bw (  KiB/s): min= 1758, max=2137544, per=100.00%, avg=350487.62, stdev=112070.75, samples=53843
   iops        : min=    6, max= 4496, avg=1048.88, stdev=137.84, samples=53843
  lat (nsec)   : 1000=0.01%
  lat (usec)   : 2=0.01%, 4=0.01%, 10=0.01%, 20=0.01%, 50=0.01%
  lat (usec)   : 100=0.01%, 250=0.90%, 500=2.64%, 750=8.59%, 1000=2.26%
  lat (msec)   : 2=7.95%, 4=15.98%, 10=25.44%, 20=7.57%, 50=5.03%
  lat (msec)   : 100=5.55%, 250=12.16%, 500=4.74%, 750=1.02%, 1000=0.12%
  lat (msec)   : 2000=0.05%, >=2000=0.01%
  cpu          : usr=0.34%, sys=1.74%, ctx=11348191, majf=0, minf=165
  IO depths    : 1=0.1%, 2=0.1%, 4=0.1%, 8=0.1%, 16=21.6%, 32=78.4%, >=64=0.0%
     submit    : 0=0.0%, 4=100.0%, 8=0.0%, 16=0.0%, 32=0.0%, 64=0.0%, >=64=0.0%
     complete  : 0=0.0%, 4=100.0%, 8=0.0%, 16=0.0%, 32=0.0%, 64=0.0%, >=64=0.0%
     issued rwts: total=9016303,4714483,0,0 short=0,0,0,0 dropped=0,0,0,0
     latency   : target=0, window=0, percentile=100.00%, depth=16

Run status group 0 (all jobs):
   READ: bw=314MiB/s (329MB/s), 314MiB/s-314MiB/s (329MB/s-329MB/s), io=1478GiB (1587GB), run=4821459-4821459msec
  WRITE: bw=311MiB/s (326MB/s), 311MiB/s-311MiB/s (326MB/s-326MB/s), io=1463GiB (1571GB), run=4821459-4821459msec

randrw_4k: (groupid=0, jobs=6): err= 0: pid=28486: Sat Aug 29 02:41:20 2026
  read: IOPS=1874, BW=316MiB/s (331MB/s)(1504GiB/4881460msec)
    slat (nsec): min=1151, max=19581k, avg=26910.78, stdev=56610.54
    clat (usec): min=2, max=69709k, avg=36762.00, stdev=299119.18
     lat (usec): min=110, max=69709k, avg=36788.91, stdev=299118.80
    clat percentiles (usec):
     |  1.00th=[    498],  5.00th=[    545], 10.00th=[    611],
     | 20.00th=[   1549], 30.00th=[   2638], 40.00th=[   3752],
     | 50.00th=[   5145], 60.00th=[   7111], 70.00th=[  11600],
     | 80.00th=[  40109], 90.00th=[ 113771], 95.00th=[ 208667],
     | 99.00th=[ 379585], 99.50th=[ 434111], 99.90th=[ 591397],
     | 99.95th=[ 700449], 99.99th=[1132463]
   bw (  KiB/s): min=  297, max=2252880, per=100.00%, avg=346161.95, stdev=111205.03, samples=56745
   iops        : min=    0, max= 8340, avg=1921.26, stdev=175.14, samples=56745
  write: IOPS=980, BW=313MiB/s (328MB/s)(1490GiB/4881460msec); 0 zone resets
    slat (nsec): min=1259, max=48927k, avg=62906.84, stdev=109659.88
    clat (nsec): min=891, max=69273M, avg=92795407.26, stdev=161163619.45
     lat (usec): min=185, max=69273k, avg=92858.31, stdev=161156.68
    clat percentiles (usec):
     |  1.00th=[    235],  5.00th=[    359], 10.00th=[    758],
     | 20.00th=[   2147], 30.00th=[   3785], 40.00th=[   5407],
     | 50.00th=[   7635], 60.00th=[  11994], 70.00th=[ 129500],
     | 80.00th=[ 204473], 90.00th=[ 254804], 95.00th=[ 408945],
     | 99.00th=[ 641729], 99.50th=[ 734004], 99.90th=[1098908],
     | 99.95th=[1317012], 99.99th=[2139096]
   bw (  KiB/s): min= 1758, max=2137544, per=100.00%, avg=352680.37, stdev=112367.97, samples=54496
   iops        : min=    6, max= 4496, avg=1052.27, stdev=138.25, samples=54496
  lat (nsec)   : 1000=0.01%
  lat (usec)   : 2=0.01%, 4=0.01%, 10=0.01%, 20=0.01%, 50=0.01%
  lat (usec)   : 100=0.01%, 250=0.90%, 500=2.62%, 750=8.56%, 1000=2.26%
  lat (msec)   : 2=7.98%, 4=16.04%, 10=25.51%, 20=7.54%, 50=5.00%
  lat (msec)   : 100=5.54%, 250=12.09%, 500=4.74%, 750=1.03%, 1000=0.12%
  lat (msec)   : 2000=0.05%, >=2000=0.01%
  cpu          : usr=0.34%, sys=1.75%, ctx=11512826, majf=0, minf=165
  IO depths    : 1=0.1%, 2=0.1%, 4=0.1%, 8=0.1%, 16=21.7%, 32=78.3%, >=64=0.0%
     submit    : 0=0.0%, 4=100.0%, 8=0.0%, 16=0.0%, 32=0.0%, 64=0.0%, >=64=0.0%
     complete  : 0=0.0%, 4=100.0%, 8=0.0%, 16=0.0%, 32=0.0%, 64=0.0%, >=64=0.0%
     issued rwts: total=9148325,4786779,0,0 short=0,0,0,0 dropped=0,0,0,0
     latency   : target=0, window=0, percentile=100.00%, depth=16

Run status group 0 (all jobs):
   READ: bw=316MiB/s (331MB/s), 316MiB/s-316MiB/s (331MB/s-331MB/s), io=1504GiB (1615GB), run=4881460-4881460msec
  WRITE: bw=313MiB/s (328MB/s), 313MiB/s-313MiB/s (328MB/s-328MB/s), io=1490GiB (1600GB), run=4881460-4881460msec

randrw_4k: (groupid=0, jobs=6): err= 0: pid=28486: Sat Aug 29 02:42:19 2026
  read: IOPS=1877, BW=317MiB/s (333MB/s)(1531GiB/4941459msec)
    slat (nsec): min=1151, max=19581k, avg=26961.55, stdev=56506.92
    clat (usec): min=2, max=69709k, avg=36801.39, stdev=297172.55
     lat (usec): min=110, max=69709k, avg=36828.35, stdev=297172.16
    clat percentiles (usec):
     |  1.00th=[    498],  5.00th=[    545], 10.00th=[    611],
     | 20.00th=[   1549], 30.00th=[   2638], 40.00th=[   3752],
     | 50.00th=[   5145], 60.00th=[   7111], 70.00th=[  11600],
     | 80.00th=[  40109], 90.00th=[ 113771], 95.00th=[ 208667],
     | 99.00th=[ 379585], 99.50th=[ 434111], 99.90th=[ 591397],
     | 99.95th=[ 700449], 99.99th=[1132463]
   bw (  KiB/s): min=  297, max=2252880, per=100.00%, avg=347964.51, stdev=111314.30, samples=57452
   iops        : min=    0, max= 8340, avg=1924.96, stdev=175.28, samples=57452
  write: IOPS=983, BW=314MiB/s (329MB/s)(1516GiB/4941459msec); 0 zone resets
    slat (nsec): min=1259, max=48927k, avg=63018.85, stdev=109337.91
    clat (nsec): min=891, max=69273M, avg=92333313.00, stdev=161089686.27
     lat (usec): min=185, max=69273k, avg=92396.33, stdev=161082.71
    clat percentiles (usec):
     |  1.00th=[    235],  5.00th=[    359], 10.00th=[    766],
     | 20.00th=[   2147], 30.00th=[   3752], 40.00th=[   5342],
     | 50.00th=[   7504], 60.00th=[  11863], 70.00th=[ 124257],
     | 80.00th=[ 204473], 90.00th=[ 254804], 95.00th=[ 413139],
     | 99.00th=[ 641729], 99.50th=[ 734004], 99.90th=[1082131],
     | 99.95th=[1317012], 99.99th=[2139096]
   bw (  KiB/s): min= 1758, max=2137544, per=100.00%, avg=354622.93, stdev=112498.42, samples=55156
   iops        : min=    6, max= 4496, avg=1055.22, stdev=138.48, samples=55156
  lat (nsec)   : 1000=0.01%
  lat (usec)   : 2=0.01%, 4=0.01%, 10=0.01%, 20=0.01%, 50=0.01%
  lat (usec)   : 100=0.01%, 250=0.89%, 500=2.61%, 750=8.54%, 1000=2.26%
  lat (msec)   : 2=8.00%, 4=16.11%, 10=25.60%, 20=7.51%, 50=4.98%
  lat (msec)   : 100=5.54%, 250=12.00%, 500=4.74%, 750=1.04%, 1000=0.12%
  lat (msec)   : 2000=0.05%, >=2000=0.01%
  cpu          : usr=0.34%, sys=1.76%, ctx=11677597, majf=0, minf=165
  IO depths    : 1=0.1%, 2=0.1%, 4=0.1%, 8=0.1%, 16=21.8%, 32=78.2%, >=64=0.0%
     submit    : 0=0.0%, 4=100.0%, 8=0.0%, 16=0.0%, 32=0.0%, 64=0.0%, >=64=0.0%
     complete  : 0=0.0%, 4=100.0%, 8=0.0%, 16=0.0%, 32=0.0%, 64=0.0%, >=64=0.0%
     issued rwts: total=9279363,4858223,0,0 short=0,0,0,0 dropped=0,0,0,0
     latency   : target=0, window=0, percentile=100.00%, depth=16

Run status group 0 (all jobs):
   READ: bw=317MiB/s (333MB/s), 317MiB/s-317MiB/s (333MB/s-333MB/s), io=1531GiB (1643GB), run=4941459-4941459msec
  WRITE: bw=314MiB/s (329MB/s), 314MiB/s-314MiB/s (329MB/s-329MB/s), io=1516GiB (1628GB), run=4941459-4941459msec

randrw_4k: (groupid=0, jobs=6): err= 0: pid=28486: Sat Aug 29 02:43:19 2026
  read: IOPS=1881, BW=319MiB/s (334MB/s)(1558GiB/5001459msec)
    slat (nsec): min=1151, max=19581k, avg=27021.17, stdev=56410.41
    clat (usec): min=2, max=69709k, avg=36831.27, stdev=295222.84
     lat (usec): min=110, max=69709k, avg=36858.29, stdev=295222.44
    clat percentiles (usec):
     |  1.00th=[    498],  5.00th=[    545], 10.00th=[    611],
     | 20.00th=[   1565], 30.00th=[   2638], 40.00th=[   3752],
     | 50.00th=[   5080], 60.00th=[   7111], 70.00th=[  11469],
     | 80.00th=[  40633], 90.00th=[ 113771], 95.00th=[ 208667],
     | 99.00th=[ 379585], 99.50th=[ 434111], 99.90th=[ 591397],
     | 99.95th=[ 700449], 99.99th=[1132463]
   bw (  KiB/s): min=  297, max=2252880, per=100.00%, avg=350040.60, stdev=111581.47, samples=58157
   iops        : min=    0, max= 8340, avg=1928.92, stdev=175.51, samples=58157
  write: IOPS=985, BW=316MiB/s (331MB/s)(1543GiB/5001459msec); 0 zone resets
    slat (nsec): min=1259, max=48927k, avg=63136.16, stdev=109022.02
    clat (nsec): min=891, max=69273M, avg=91882447.30, stdev=160965621.82
     lat (usec): min=185, max=69273k, avg=91945.58, stdev=160958.61
    clat percentiles (usec):
     |  1.00th=[    235],  5.00th=[    359], 10.00th=[    766],
     | 20.00th=[   2147], 30.00th=[   3720], 40.00th=[   5276],
     | 50.00th=[   7439], 60.00th=[  11600], 70.00th=[ 119014],
     | 80.00th=[ 202376], 90.00th=[ 254804], 95.00th=[ 413139],
     | 99.00th=[ 641729], 99.50th=[ 725615], 99.90th=[1082131],
     | 99.95th=[1300235], 99.99th=[2122318]
   bw (  KiB/s): min= 1758, max=2137544, per=100.00%, avg=356733.10, stdev=112764.45, samples=55823
   iops        : min=    6, max= 4496, avg=1058.07, stdev=138.90, samples=55823
  lat (nsec)   : 1000=0.01%
  lat (usec)   : 2=0.01%, 4=0.01%, 10=0.01%, 20=0.01%, 50=0.01%
  lat (usec)   : 100=0.01%, 250=0.89%, 500=2.59%, 750=8.51%, 1000=2.26%
  lat (msec)   : 2=8.01%, 4=16.18%, 10=25.67%, 20=7.48%, 50=4.96%
  lat (msec)   : 100=5.54%, 250=11.93%, 500=4.75%, 750=1.04%, 1000=0.12%
  lat (msec)   : 2000=0.05%, >=2000=0.01%
  cpu          : usr=0.35%, sys=1.77%, ctx=11843537, majf=0, minf=165
  IO depths    : 1=0.1%, 2=0.1%, 4=0.1%, 8=0.1%, 16=21.8%, 32=78.2%, >=64=0.0%
     submit    : 0=0.0%, 4=100.0%, 8=0.0%, 16=0.0%, 32=0.0%, 64=0.0%, >=64=0.0%
     complete  : 0=0.0%, 4=100.0%, 8=0.0%, 16=0.0%, 32=0.0%, 64=0.0%, >=64=0.0%
     issued rwts: total=9411793,4930189,0,0 short=0,0,0,0 dropped=0,0,0,0
     latency   : target=0, window=0, percentile=100.00%, depth=16

Run status group 0 (all jobs):
   READ: bw=319MiB/s (334MB/s), 319MiB/s-319MiB/s (334MB/s-334MB/s), io=1558GiB (1673GB), run=5001459-5001459msec
  WRITE: bw=316MiB/s (331MB/s), 316MiB/s-316MiB/s (331MB/s-331MB/s), io=1543GiB (1657GB), run=5001459-5001459msec

randrw_4k: (groupid=0, jobs=6): err= 0: pid=28486: Sat Aug 29 02:44:19 2026
  read: IOPS=1885, BW=321MiB/s (336MB/s)(1586GiB/5061459msec)
    slat (nsec): min=1151, max=19581k, avg=27087.96, stdev=56318.37
    clat (usec): min=2, max=69709k, avg=36873.41, stdev=293307.72
     lat (usec): min=110, max=69709k, avg=36900.50, stdev=293307.31
    clat percentiles (usec):
     |  1.00th=[    498],  5.00th=[    545], 10.00th=[    611],
     | 20.00th=[   1565], 30.00th=[   2638], 40.00th=[   3752],
     | 50.00th=[   5145], 60.00th=[   7111], 70.00th=[  11600],
     | 80.00th=[  41157], 90.00th=[ 114820], 95.00th=[ 208667],
     | 99.00th=[ 379585], 99.50th=[ 434111], 99.90th=[ 591397],
     | 99.95th=[ 692061], 99.99th=[1132463]
   bw (  KiB/s): min=  297, max=2252880, per=100.00%, avg=352226.55, stdev=111826.09, samples=58858
   iops        : min=    0, max= 8340, avg=1932.58, stdev=175.52, samples=58858
  write: IOPS=988, BW=318MiB/s (333MB/s)(1571GiB/5061459msec); 0 zone resets
    slat (nsec): min=1259, max=48927k, avg=63272.03, stdev=108710.84
    clat (nsec): min=891, max=69273M, avg=91422994.76, stdev=160767529.30
     lat (usec): min=185, max=69273k, avg=91486.27, stdev=160760.47
    clat percentiles (usec):
     |  1.00th=[    235],  5.00th=[    359], 10.00th=[    775],
     | 20.00th=[   2114], 30.00th=[   3720], 40.00th=[   5276],
     | 50.00th=[   7373], 60.00th=[  11338], 70.00th=[ 112722],
     | 80.00th=[ 202376], 90.00th=[ 254804], 95.00th=[ 413139],
     | 99.00th=[ 641729], 99.50th=[ 725615], 99.90th=[1082131],
     | 99.95th=[1300235], 99.99th=[2105541]
   bw (  KiB/s): min= 1758, max=2137544, per=100.00%, avg=359000.33, stdev=113023.29, samples=56480
   iops        : min=    6, max= 4496, avg=1061.08, stdev=139.22, samples=56480
  lat (nsec)   : 1000=0.01%
  lat (usec)   : 2=0.01%, 4=0.01%, 10=0.01%, 20=0.01%, 50=0.01%
  lat (usec)   : 100=0.01%, 250=0.89%, 500=2.58%, 750=8.48%, 1000=2.26%
  lat (msec)   : 2=8.03%, 4=16.24%, 10=25.73%, 20=7.45%, 50=4.95%
  lat (msec)   : 100=5.55%, 250=11.88%, 500=4.75%, 750=1.05%, 1000=0.12%
  lat (msec)   : 2000=0.05%, >=2000=0.01%
  cpu          : usr=0.35%, sys=1.77%, ctx=12008880, majf=0, minf=165
  IO depths    : 1=0.1%, 2=0.1%, 4=0.1%, 8=0.1%, 16=21.9%, 32=78.1%, >=64=0.0%
     submit    : 0=0.0%, 4=100.0%, 8=0.0%, 16=0.0%, 32=0.0%, 64=0.0%, >=64=0.0%
     complete  : 0=0.0%, 4=100.0%, 8=0.0%, 16=0.0%, 32=0.0%, 64=0.0%, >=64=0.0%
     issued rwts: total=9543139,5002445,0,0 short=0,0,0,0 dropped=0,0,0,0
     latency   : target=0, window=0, percentile=100.00%, depth=16

Run status group 0 (all jobs):
   READ: bw=321MiB/s (336MB/s), 321MiB/s-321MiB/s (336MB/s-336MB/s), io=1586GiB (1703GB), run=5061459-5061459msec
  WRITE: bw=318MiB/s (333MB/s), 318MiB/s-318MiB/s (333MB/s-333MB/s), io=1571GiB (1686GB), run=5061459-5061459msec

randrw_4k: (groupid=0, jobs=6): err= 0: pid=28486: Sat Aug 29 02:45:19 2026
  read: IOPS=1889, BW=323MiB/s (338MB/s)(1613GiB/5121459msec)
    slat (nsec): min=1151, max=19581k, avg=27147.09, stdev=56231.93
    clat (usec): min=2, max=69709k, avg=36910.88, stdev=291452.70
     lat (usec): min=110, max=69709k, avg=36938.02, stdev=291452.27
    clat percentiles (usec):
     |  1.00th=[    498],  5.00th=[    545], 10.00th=[    611],
     | 20.00th=[   1582], 30.00th=[   2638], 40.00th=[   3785],
     | 50.00th=[   5145], 60.00th=[   7111], 70.00th=[  11600],
     | 80.00th=[  41157], 90.00th=[ 114820], 95.00th=[ 208667],
     | 99.00th=[ 375391], 99.50th=[ 434111], 99.90th=[ 591397],
     | 99.95th=[ 692061], 99.99th=[1115685]
   bw (  KiB/s): min=  297, max=2252880, per=100.00%, avg=354219.46, stdev=112020.99, samples=59563
   iops        : min=    0, max= 8340, avg=1936.22, stdev=175.67, samples=59563
  write: IOPS=990, BW=319MiB/s (335MB/s)(1598GiB/5121459msec); 0 zone resets
    slat (nsec): min=1259, max=48927k, avg=63396.03, stdev=108418.81
    clat (nsec): min=891, max=69273M, avg=90985962.72, stdev=160618499.56
     lat (usec): min=185, max=69273k, avg=91049.36, stdev=160611.41
    clat percentiles (usec):
     |  1.00th=[    235],  5.00th=[    363], 10.00th=[    775],
     | 20.00th=[   2114], 30.00th=[   3687], 40.00th=[   5211],
     | 50.00th=[   7308], 60.00th=[  11207], 70.00th=[ 109577],
     | 80.00th=[ 200279], 90.00th=[ 256902], 95.00th=[ 413139],
     | 99.00th=[ 641729], 99.50th=[ 725615], 99.90th=[1069548],
     | 99.95th=[1300235], 99.99th=[2105541]
   bw (  KiB/s): min= 1758, max=2137544, per=100.00%, avg=361058.34, stdev=113229.97, samples=57138
   iops        : min=    6, max= 4496, avg=1064.03, stdev=139.56, samples=57138
  lat (nsec)   : 1000=0.01%
  lat (usec)   : 2=0.01%, 4=0.01%, 10=0.01%, 20=0.01%, 50=0.01%
  lat (usec)   : 100=0.01%, 250=0.88%, 500=2.57%, 750=8.46%, 1000=2.25%
  lat (msec)   : 2=8.04%, 4=16.30%, 10=25.80%, 20=7.43%, 50=4.93%
  lat (msec)   : 100=5.55%, 250=11.81%, 500=4.76%, 750=1.05%, 1000=0.12%
  lat (msec)   : 2000=0.05%, >=2000=0.01%
  cpu          : usr=0.35%, sys=1.78%, ctx=12173392, majf=0, minf=165
  IO depths    : 1=0.1%, 2=0.1%, 4=0.1%, 8=0.1%, 16=22.0%, 32=78.0%, >=64=0.0%
     submit    : 0=0.0%, 4=100.0%, 8=0.0%, 16=0.0%, 32=0.0%, 64=0.0%, >=64=0.0%
     complete  : 0=0.0%, 4=100.0%, 8=0.0%, 16=0.0%, 32=0.0%, 64=0.0%, >=64=0.0%
     issued rwts: total=9674618,5074450,0,0 short=0,0,0,0 dropped=0,0,0,0
     latency   : target=0, window=0, percentile=100.00%, depth=16

Run status group 0 (all jobs):
   READ: bw=323MiB/s (338MB/s), 323MiB/s-323MiB/s (338MB/s-338MB/s), io=1613GiB (1732GB), run=5121459-5121459msec
  WRITE: bw=319MiB/s (335MB/s), 319MiB/s-319MiB/s (335MB/s-335MB/s), io=1598GiB (1715GB), run=5121459-5121459msec

randrw_4k: (groupid=0, jobs=6): err= 0: pid=28486: Sat Aug 29 02:46:20 2026
  read: IOPS=1892, BW=324MiB/s (340MB/s)(1640GiB/5181460msec)
    slat (nsec): min=1151, max=19581k, avg=27190.67, stdev=56133.05
    clat (usec): min=2, max=69709k, avg=36933.90, stdev=289620.98
     lat (usec): min=110, max=69709k, avg=36961.09, stdev=289620.55
    clat percentiles (usec):
     |  1.00th=[    498],  5.00th=[    545], 10.00th=[    611],
     | 20.00th=[   1582], 30.00th=[   2671], 40.00th=[   3785],
     | 50.00th=[   5145], 60.00th=[   7111], 70.00th=[  11600],
     | 80.00th=[  41157], 90.00th=[ 114820], 95.00th=[ 208667],
     | 99.00th=[ 379585], 99.50th=[ 434111], 99.90th=[ 591397],
     | 99.95th=[ 692061], 99.99th=[1115685]
   bw (  KiB/s): min=  297, max=2252880, per=100.00%, avg=355965.53, stdev=112116.21, samples=60266
   iops        : min=    0, max= 8340, avg=1939.76, stdev=175.99, samples=60266
  write: IOPS=993, BW=321MiB/s (337MB/s)(1624GiB/5181460msec); 0 zone resets
    slat (nsec): min=1259, max=48927k, avg=63482.54, stdev=108114.37
    clat (nsec): min=891, max=69273M, avg=90587268.35, stdev=160587171.33
     lat (usec): min=185, max=69273k, avg=90650.75, stdev=160580.06
    clat percentiles (usec):
     |  1.00th=[    235],  5.00th=[    363], 10.00th=[    775],
     | 20.00th=[   2114], 30.00th=[   3687], 40.00th=[   5211],
     | 50.00th=[   7242], 60.00th=[  11076], 70.00th=[ 103285],
     | 80.00th=[ 200279], 90.00th=[ 256902], 95.00th=[ 417334],
     | 99.00th=[ 641729], 99.50th=[ 725615], 99.90th=[1061159],
     | 99.95th=[1300235], 99.99th=[2088764]
   bw (  KiB/s): min= 1758, max=2137544, per=100.00%, avg=362929.90, stdev=113389.14, samples=57773
   iops        : min=    6, max= 4496, avg=1067.18, stdev=139.91, samples=57773
  lat (nsec)   : 1000=0.01%
  lat (usec)   : 2=0.01%, 4=0.01%, 10=0.01%, 20=0.01%, 50=0.01%
  lat (usec)   : 100=0.01%, 250=0.88%, 500=2.56%, 750=8.43%, 1000=2.25%
  lat (msec)   : 2=8.06%, 4=16.35%, 10=25.87%, 20=7.41%, 50=4.92%
  lat (msec)   : 100=5.56%, 250=11.74%, 500=4.76%, 750=1.06%, 1000=0.12%
  lat (msec)   : 2000=0.05%, >=2000=0.01%
  cpu          : usr=0.35%, sys=1.79%, ctx=12339547, majf=0, minf=165
  IO depths    : 1=0.1%, 2=0.1%, 4=0.1%, 8=0.1%, 16=22.0%, 32=78.0%, >=64=0.0%
     submit    : 0=0.0%, 4=100.0%, 8=0.0%, 16=0.0%, 32=0.0%, 64=0.0%, >=64=0.0%
     complete  : 0=0.0%, 4=100.0%, 8=0.0%, 16=0.0%, 32=0.0%, 64=0.0%, >=64=0.0%
     issued rwts: total=9807531,5146703,0,0 short=0,0,0,0 dropped=0,0,0,0
     latency   : target=0, window=0, percentile=100.00%, depth=16

Run status group 0 (all jobs):
   READ: bw=324MiB/s (340MB/s), 324MiB/s-324MiB/s (340MB/s-340MB/s), io=1640GiB (1761GB), run=5181460-5181460msec
  WRITE: bw=321MiB/s (337MB/s), 321MiB/s-321MiB/s (337MB/s-337MB/s), io=1624GiB (1744GB), run=5181460-5181460msec

randrw_4k: (groupid=0, jobs=6): err= 0: pid=28486: Sat Aug 29 02:47:19 2026
  read: IOPS=1896, BW=325MiB/s (341MB/s)(1666GiB/5241459msec)
    slat (nsec): min=1151, max=19581k, avg=27234.18, stdev=56038.97
    clat (usec): min=2, max=69709k, avg=36965.60, stdev=287860.98
     lat (usec): min=110, max=69709k, avg=36992.84, stdev=287860.54
    clat percentiles (usec):
     |  1.00th=[    498],  5.00th=[    545], 10.00th=[    619],
     | 20.00th=[   1598], 30.00th=[   2671], 40.00th=[   3785],
     | 50.00th=[   5145], 60.00th=[   7111], 70.00th=[  11600],
     | 80.00th=[  41157], 90.00th=[ 114820], 95.00th=[ 208667],
     | 99.00th=[ 379585], 99.50th=[ 434111], 99.90th=[ 591397],
     | 99.95th=[ 692061], 99.99th=[1115685]
   bw (  KiB/s): min=  297, max=2252880, per=100.00%, avg=357743.75, stdev=112241.17, samples=60965
   iops        : min=    0, max= 8340, avg=1943.52, stdev=176.23, samples=60965
  write: IOPS=995, BW=322MiB/s (338MB/s)(1650GiB/5241459msec); 0 zone resets
    slat (nsec): min=1259, max=48927k, avg=63557.21, stdev=107816.87
    clat (nsec): min=891, max=69273M, avg=90180312.79, stdev=160510305.91
     lat (usec): min=185, max=69273k, avg=90243.87, stdev=160503.18
    clat percentiles (usec):
     |  1.00th=[    235],  5.00th=[    363], 10.00th=[    783],
     | 20.00th=[   2114], 30.00th=[   3654], 40.00th=[   5145],
     | 50.00th=[   7177], 60.00th=[  10814], 70.00th=[  95945],
     | 80.00th=[ 200279], 90.00th=[ 256902], 95.00th=[ 417334],
     | 99.00th=[ 641729], 99.50th=[ 725615], 99.90th=[1061159],
     | 99.95th=[1283458], 99.99th=[2088764]
   bw (  KiB/s): min= 1758, max=2137544, per=100.00%, avg=364684.64, stdev=113511.26, samples=58421
   iops        : min=    6, max= 4496, avg=1070.11, stdev=140.17, samples=58421
  lat (nsec)   : 1000=0.01%
  lat (usec)   : 2=0.01%, 4=0.01%, 10=0.01%, 20=0.01%, 50=0.01%
  lat (usec)   : 100=0.01%, 250=0.88%, 500=2.54%, 750=8.40%, 1000=2.25%
  lat (msec)   : 2=8.07%, 4=16.41%, 10=25.96%, 20=7.39%, 50=4.90%
  lat (msec)   : 100=5.55%, 250=11.66%, 500=4.76%, 750=1.07%, 1000=0.12%
  lat (msec)   : 2000=0.04%, >=2000=0.01%
  cpu          : usr=0.35%, sys=1.80%, ctx=12504501, majf=0, minf=165
  IO depths    : 1=0.1%, 2=0.1%, 4=0.1%, 8=0.1%, 16=22.1%, 32=77.9%, >=64=0.0%
     submit    : 0=0.0%, 4=100.0%, 8=0.0%, 16=0.0%, 32=0.0%, 64=0.0%, >=64=0.0%
     complete  : 0=0.0%, 4=100.0%, 8=0.0%, 16=0.0%, 32=0.0%, 64=0.0%, >=64=0.0%
     issued rwts: total=9939443,5218196,0,0 short=0,0,0,0 dropped=0,0,0,0
     latency   : target=0, window=0, percentile=100.00%, depth=16

Run status group 0 (all jobs):
   READ: bw=325MiB/s (341MB/s), 325MiB/s-325MiB/s (341MB/s-341MB/s), io=1666GiB (1789GB), run=5241459-5241459msec
  WRITE: bw=322MiB/s (338MB/s), 322MiB/s-322MiB/s (338MB/s-338MB/s), io=1650GiB (1772GB), run=5241459-5241459msec

randrw_4k: (groupid=0, jobs=6): err= 0: pid=28486: Sat Aug 29 02:48:19 2026
  read: IOPS=1899, BW=327MiB/s (343MB/s)(1694GiB/5301459msec)
    slat (nsec): min=1151, max=19581k, avg=27290.78, stdev=55955.55
    clat (usec): min=2, max=69709k, avg=37000.03, stdev=286103.60
     lat (usec): min=110, max=69709k, avg=37027.32, stdev=286103.14
    clat percentiles (usec):
     |  1.00th=[    498],  5.00th=[    545], 10.00th=[    619],
     | 20.00th=[   1598], 30.00th=[   2671], 40.00th=[   3785],
     | 50.00th=[   5145], 60.00th=[   7111], 70.00th=[  11600],
     | 80.00th=[  41681], 90.00th=[ 115868], 95.00th=[ 208667],
     | 99.00th=[ 379585], 99.50th=[ 434111], 99.90th=[ 591397],
     | 99.95th=[ 683672], 99.99th=[1115685]
   bw (  KiB/s): min=  297, max=2252880, per=100.00%, avg=359510.13, stdev=112344.11, samples=61676
   iops        : min=    0, max= 8340, avg=1946.55, stdev=176.13, samples=61676
  write: IOPS=997, BW=324MiB/s (340MB/s)(1677GiB/5301459msec); 0 zone resets
    slat (nsec): min=1259, max=48927k, avg=63672.20, stdev=107537.54
    clat (nsec): min=891, max=69273M, avg=89778753.98, stdev=160365287.69
     lat (usec): min=185, max=69273k, avg=89842.43, stdev=160358.12
    clat percentiles (usec):
     |  1.00th=[    235],  5.00th=[    363], 10.00th=[    783],
     | 20.00th=[   2114], 30.00th=[   3654], 40.00th=[   5145],
     | 50.00th=[   7111], 60.00th=[  10683], 70.00th=[  88605],
     | 80.00th=[ 198181], 90.00th=[ 256902], 95.00th=[ 417334],
     | 99.00th=[ 641729], 99.50th=[ 725615], 99.90th=[1061159],
     | 99.95th=[1283458], 99.99th=[2071987]
   bw (  KiB/s): min= 1758, max=2137544, per=100.00%, avg=366490.66, stdev=113626.46, samples=59099
   iops        : min=    6, max= 4496, avg=1072.42, stdev=140.32, samples=59099
  lat (nsec)   : 1000=0.01%
  lat (usec)   : 2=0.01%, 4=0.01%, 10=0.01%, 20=0.01%, 50=0.01%
  lat (usec)   : 100=0.01%, 250=0.87%, 500=2.53%, 750=8.37%, 1000=2.24%
  lat (msec)   : 2=8.08%, 4=16.46%, 10=26.02%, 20=7.36%, 50=4.89%
  lat (msec)   : 100=5.57%, 250=11.61%, 500=4.76%, 750=1.07%, 1000=0.12%
  lat (msec)   : 2000=0.04%, >=2000=0.01%
  cpu          : usr=0.35%, sys=1.80%, ctx=12669731, majf=0, minf=165
  IO depths    : 1=0.1%, 2=0.1%, 4=0.1%, 8=0.1%, 16=22.2%, 32=77.8%, >=64=0.0%
     submit    : 0=0.0%, 4=100.0%, 8=0.0%, 16=0.0%, 32=0.0%, 64=0.0%, >=64=0.0%
     complete  : 0=0.0%, 4=100.0%, 8=0.0%, 16=0.0%, 32=0.0%, 64=0.0%, >=64=0.0%
     issued rwts: total=10070810,5290593,0,0 short=0,0,0,0 dropped=0,0,0,0
     latency   : target=0, window=0, percentile=100.00%, depth=16

Run status group 0 (all jobs):
   READ: bw=327MiB/s (343MB/s), 327MiB/s-327MiB/s (343MB/s-343MB/s), io=1694GiB (1818GB), run=5301459-5301459msec
  WRITE: bw=324MiB/s (340MB/s), 324MiB/s-324MiB/s (340MB/s-340MB/s), io=1677GiB (1801GB), run=5301459-5301459msec

randrw_4k: (groupid=0, jobs=6): err= 0: pid=28486: Sat Aug 29 02:49:19 2026
  read: IOPS=1902, BW=329MiB/s (345MB/s)(1721GiB/5361459msec)
    slat (nsec): min=1151, max=19581k, avg=27336.69, stdev=55865.89
    clat (usec): min=2, max=69709k, avg=37027.34, stdev=284373.89
     lat (usec): min=110, max=69709k, avg=37054.67, stdev=284373.43
    clat percentiles (usec):
     |  1.00th=[    498],  5.00th=[    545], 10.00th=[    619],
     | 20.00th=[   1614], 30.00th=[   2671], 40.00th=[   3785],
     | 50.00th=[   5145], 60.00th=[   7111], 70.00th=[  11600],
     | 80.00th=[  42206], 90.00th=[ 115868], 95.00th=[ 208667],
     | 99.00th=[ 375391], 99.50th=[ 434111], 99.90th=[ 583009],
     | 99.95th=[ 683672], 99.99th=[1098908]
   bw (  KiB/s): min=  297, max=2252880, per=100.00%, avg=361261.17, stdev=112475.32, samples=62381
   iops        : min=    0, max= 8340, avg=1949.88, stdev=176.24, samples=62381
  write: IOPS=1000, BW=326MiB/s (341MB/s)(1704GiB/5361459msec); 0 zone resets
    slat (nsec): min=1259, max=48927k, avg=63758.82, stdev=107245.77
    clat (nsec): min=891, max=69273M, avg=89401992.32, stdev=160262864.00
     lat (usec): min=185, max=69273k, avg=89465.75, stdev=160255.67
    clat percentiles (usec):
     |  1.00th=[    235],  5.00th=[    363], 10.00th=[    783],
     | 20.00th=[   2089], 30.00th=[   3621], 40.00th=[   5080],
     | 50.00th=[   7046], 60.00th=[  10552], 70.00th=[  83362],
     | 80.00th=[ 198181], 90.00th=[ 256902], 95.00th=[ 417334],
     | 99.00th=[ 641729], 99.50th=[ 725615], 99.90th=[1052771],
     | 99.95th=[1283458], 99.99th=[2055209]
   bw (  KiB/s): min= 1758, max=2137544, per=100.00%, avg=368455.94, stdev=113799.79, samples=59751
   iops        : min=    6, max= 4496, avg=1075.19, stdev=140.64, samples=59751
  lat (nsec)   : 1000=0.01%
  lat (usec)   : 2=0.01%, 4=0.01%, 10=0.01%, 20=0.01%, 50=0.01%
  lat (usec)   : 100=0.01%, 250=0.87%, 500=2.52%, 750=8.35%, 1000=2.24%
  lat (msec)   : 2=8.09%, 4=16.51%, 10=26.08%, 20=7.34%, 50=4.87%
  lat (msec)   : 100=5.57%, 250=11.56%, 500=4.76%, 750=1.07%, 1000=0.11%
  lat (msec)   : 2000=0.04%, >=2000=0.01%
  cpu          : usr=0.35%, sys=1.81%, ctx=12834758, majf=0, minf=165
  IO depths    : 1=0.1%, 2=0.1%, 4=0.1%, 8=0.1%, 16=22.2%, 32=77.8%, >=64=0.0%
     submit    : 0=0.0%, 4=100.0%, 8=0.0%, 16=0.0%, 32=0.0%, 64=0.0%, >=64=0.0%
     complete  : 0=0.0%, 4=100.0%, 8=0.0%, 16=0.0%, 32=0.0%, 64=0.0%, >=64=0.0%
     issued rwts: total=10202467,5362670,0,0 short=0,0,0,0 dropped=0,0,0,0
     latency   : target=0, window=0, percentile=100.00%, depth=16

Run status group 0 (all jobs):
   READ: bw=329MiB/s (345MB/s), 329MiB/s-329MiB/s (345MB/s-345MB/s), io=1721GiB (1848GB), run=5361459-5361459msec
  WRITE: bw=326MiB/s (341MB/s), 326MiB/s-326MiB/s (341MB/s-341MB/s), io=1704GiB (1830GB), run=5361459-5361459msec

randrw_4k: (groupid=0, jobs=6): err= 0: pid=28486: Sat Aug 29 02:50:19 2026
  read: IOPS=1905, BW=330MiB/s (346MB/s)(1746GiB/5421460msec)
    slat (nsec): min=1151, max=19581k, avg=27373.64, stdev=55779.97
    clat (usec): min=2, max=69709k, avg=37057.73, stdev=282753.49
     lat (usec): min=110, max=69709k, avg=37085.11, stdev=282753.02
    clat percentiles (usec):
     |  1.00th=[    498],  5.00th=[    545], 10.00th=[    619],
     | 20.00th=[   1614], 30.00th=[   2671], 40.00th=[   3785],
     | 50.00th=[   5145], 60.00th=[   7111], 70.00th=[  11600],
     | 80.00th=[  42206], 90.00th=[ 115868], 95.00th=[ 208667],
     | 99.00th=[ 379585], 99.50th=[ 434111], 99.90th=[ 583009],
     | 99.95th=[ 683672], 99.99th=[1098908]
   bw (  KiB/s): min=  297, max=2252880, per=100.00%, avg=362847.28, stdev=112561.39, samples=63082
   iops        : min=    0, max= 8340, avg=1953.08, stdev=176.58, samples=63082
  write: IOPS=1002, BW=327MiB/s (343MB/s)(1730GiB/5421460msec); 0 zone resets
    slat (nsec): min=1259, max=48927k, avg=63827.36, stdev=106978.41
    clat (nsec): min=891, max=69273M, avg=89046190.09, stdev=160257222.55
     lat (usec): min=185, max=69273k, avg=89110.02, stdev=160250.02
    clat percentiles (usec):
     |  1.00th=[    235],  5.00th=[    363], 10.00th=[    791],
     | 20.00th=[   2089], 30.00th=[   3589], 40.00th=[   5080],
     | 50.00th=[   6980], 60.00th=[  10421], 70.00th=[  79168],
     | 80.00th=[ 198181], 90.00th=[ 258999], 95.00th=[ 421528],
     | 99.00th=[ 641729], 99.50th=[ 725615], 99.90th=[1044382],
     | 99.95th=[1266680], 99.99th=[2055209]
   bw (  KiB/s): min= 1758, max=2137544, per=100.00%, avg=370178.09, stdev=113924.54, samples=60385
   iops        : min=    6, max= 4496, avg=1078.06, stdev=140.96, samples=60385
  lat (nsec)   : 1000=0.01%
  lat (usec)   : 2=0.01%, 4=0.01%, 10=0.01%, 20=0.01%, 50=0.01%
  lat (usec)   : 100=0.01%, 250=0.87%, 500=2.51%, 750=8.32%, 1000=2.24%
  lat (msec)   : 2=8.11%, 4=16.57%, 10=26.15%, 20=7.32%, 50=4.85%
  lat (msec)   : 100=5.56%, 250=11.48%, 500=4.77%, 750=1.08%, 1000=0.12%
  lat (msec)   : 2000=0.04%, >=2000=0.01%
  cpu          : usr=0.35%, sys=1.81%, ctx=12997547, majf=0, minf=165
  IO depths    : 1=0.1%, 2=0.1%, 4=0.1%, 8=0.1%, 16=22.3%, 32=77.7%, >=64=0.0%
     submit    : 0=0.0%, 4=100.0%, 8=0.0%, 16=0.0%, 32=0.0%, 64=0.0%, >=64=0.0%
     complete  : 0=0.0%, 4=100.0%, 8=0.0%, 16=0.0%, 32=0.0%, 64=0.0%, >=64=0.0%
     issued rwts: total=10332918,5433670,0,0 short=0,0,0,0 dropped=0,0,0,0
     latency   : target=0, window=0, percentile=100.00%, depth=16

Run status group 0 (all jobs):
   READ: bw=330MiB/s (346MB/s), 330MiB/s-330MiB/s (346MB/s-346MB/s), io=1746GiB (1875GB), run=5421460-5421460msec
  WRITE: bw=327MiB/s (343MB/s), 327MiB/s-327MiB/s (343MB/s-343MB/s), io=1730GiB (1857GB), run=5421460-5421460msec

randrw_4k: (groupid=0, jobs=6): err= 0: pid=28486: Sat Aug 29 02:51:20 2026
  read: IOPS=1909, BW=331MiB/s (347MB/s)(1772GiB/5481459msec)
    slat (nsec): min=1151, max=19581k, avg=27409.22, stdev=55696.52
    clat (usec): min=2, max=69709k, avg=37089.94, stdev=281145.92
     lat (usec): min=110, max=69709k, avg=37117.35, stdev=281145.45
    clat percentiles (usec):
     |  1.00th=[    498],  5.00th=[    545], 10.00th=[    619],
     | 20.00th=[   1631], 30.00th=[   2671], 40.00th=[   3785],
     | 50.00th=[   5145], 60.00th=[   7111], 70.00th=[  11600],
     | 80.00th=[  42206], 90.00th=[ 115868], 95.00th=[ 210764],
     | 99.00th=[ 379585], 99.50th=[ 434111], 99.90th=[ 583009],
     | 99.95th=[ 683672], 99.99th=[1098908]
   bw (  KiB/s): min=  297, max=2252880, per=100.00%, avg=364163.08, stdev=112546.05, samples=63790
   iops        : min=    0, max= 8340, avg=1956.01, stdev=176.71, samples=63790
  write: IOPS=1004, BW=328MiB/s (344MB/s)(1756GiB/5481459msec); 0 zone resets
    slat (nsec): min=1259, max=48927k, avg=63902.75, stdev=106725.23
    clat (nsec): min=891, max=69273M, avg=88689715.08, stdev=160254039.38
     lat (usec): min=185, max=69273k, avg=88753.62, stdev=160246.82
    clat percentiles (usec):
     |  1.00th=[    235],  5.00th=[    363], 10.00th=[    791],
     | 20.00th=[   2073], 30.00th=[   3589], 40.00th=[   5014],
     | 50.00th=[   6915], 60.00th=[  10290], 70.00th=[  72877],
     | 80.00th=[ 198181], 90.00th=[ 258999], 95.00th=[ 421528],
     | 99.00th=[ 641729], 99.50th=[ 725615], 99.90th=[1044382],
     | 99.95th=[1266680], 99.99th=[2038432]
   bw (  KiB/s): min= 1758, max=2137544, per=100.00%, avg=371524.55, stdev=113938.13, samples=61048
   iops        : min=    6, max= 4496, avg=1080.41, stdev=141.09, samples=61048
  lat (nsec)   : 1000=0.01%
  lat (usec)   : 2=0.01%, 4=0.01%, 10=0.01%, 20=0.01%, 50=0.01%
  lat (usec)   : 100=0.01%, 250=0.87%, 500=2.50%, 750=8.29%, 1000=2.25%
  lat (msec)   : 2=8.13%, 4=16.63%, 10=26.22%, 20=7.30%, 50=4.84%
  lat (msec)   : 100=5.55%, 250=11.40%, 500=4.78%, 750=1.09%, 1000=0.12%
  lat (msec)   : 2000=0.04%, >=2000=0.01%
  cpu          : usr=0.35%, sys=1.82%, ctx=13162444, majf=0, minf=165
  IO depths    : 1=0.1%, 2=0.1%, 4=0.1%, 8=0.1%, 16=22.3%, 32=77.7%, >=64=0.0%
     submit    : 0=0.0%, 4=100.0%, 8=0.0%, 16=0.0%, 32=0.0%, 64=0.0%, >=64=0.0%
     complete  : 0=0.0%, 4=100.0%, 8=0.0%, 16=0.0%, 32=0.0%, 64=0.0%, >=64=0.0%
     issued rwts: total=10464732,5505618,0,0 short=0,0,0,0 dropped=0,0,0,0
     latency   : target=0, window=0, percentile=100.00%, depth=16

Run status group 0 (all jobs):
   READ: bw=331MiB/s (347MB/s), 331MiB/s-331MiB/s (347MB/s-347MB/s), io=1772GiB (1903GB), run=5481459-5481459msec
  WRITE: bw=328MiB/s (344MB/s), 328MiB/s-328MiB/s (344MB/s-344MB/s), io=1756GiB (1885GB), run=5481459-5481459msec

randrw_4k: (groupid=0, jobs=6): err= 0: pid=28486: Sat Aug 29 02:52:20 2026
  read: IOPS=1912, BW=332MiB/s (348MB/s)(1798GiB/5541459msec)
    slat (nsec): min=1151, max=19581k, avg=27446.80, stdev=55612.12
    clat (usec): min=2, max=69709k, avg=37123.86, stdev=279575.90
     lat (usec): min=110, max=69709k, avg=37151.31, stdev=279575.41
    clat percentiles (usec):
     |  1.00th=[    498],  5.00th=[    545], 10.00th=[    619],
     | 20.00th=[   1631], 30.00th=[   2704], 40.00th=[   3785],
     | 50.00th=[   5145], 60.00th=[   7046], 70.00th=[  11469],
     | 80.00th=[  42206], 90.00th=[ 115868], 95.00th=[ 210764],
     | 99.00th=[ 379585], 99.50th=[ 438305], 99.90th=[ 591397],
     | 99.95th=[ 683672], 99.99th=[1098908]
   bw (  KiB/s): min=  297, max=2252880, per=100.00%, avg=365898.27, stdev=112719.93, samples=64480
   iops        : min=    0, max= 8340, avg=1959.21, stdev=177.10, samples=64480
  write: IOPS=1006, BW=329MiB/s (345MB/s)(1781GiB/5541459msec); 0 zone resets
    slat (nsec): min=1259, max=48927k, avg=63968.24, stdev=106463.46
    clat (nsec): min=891, max=69273M, avg=88335219.93, stdev=160204227.33
     lat (usec): min=185, max=69273k, avg=88399.19, stdev=160197.00
    clat percentiles (usec):
     |  1.00th=[    235],  5.00th=[    363], 10.00th=[    791],
     | 20.00th=[   2073], 30.00th=[   3556], 40.00th=[   5014],
     | 50.00th=[   6849], 60.00th=[  10159], 70.00th=[  65274],
     | 80.00th=[ 198181], 90.00th=[ 258999], 95.00th=[ 421528],
     | 99.00th=[ 641729], 99.50th=[ 725615], 99.90th=[1044382],
     | 99.95th=[1266680], 99.99th=[2038432]
   bw (  KiB/s): min= 1758, max=2137544, per=100.00%, avg=373410.51, stdev=114124.61, samples=61648
   iops        : min=    6, max= 4496, avg=1083.59, stdev=141.46, samples=61648
  lat (nsec)   : 1000=0.01%
  lat (usec)   : 2=0.01%, 4=0.01%, 10=0.01%, 20=0.01%, 50=0.01%
  lat (usec)   : 100=0.01%, 250=0.87%, 500=2.49%, 750=8.26%, 1000=2.26%
  lat (msec)   : 2=8.14%, 4=16.70%, 10=26.28%, 20=7.27%, 50=4.82%
  lat (msec)   : 100=5.54%, 250=11.32%, 500=4.78%, 750=1.10%, 1000=0.12%
  lat (msec)   : 2000=0.04%, >=2000=0.01%
  cpu          : usr=0.35%, sys=1.83%, ctx=13327396, majf=0, minf=165
  IO depths    : 1=0.1%, 2=0.1%, 4=0.1%, 8=0.1%, 16=22.4%, 32=77.6%, >=64=0.0%
     submit    : 0=0.0%, 4=100.0%, 8=0.0%, 16=0.0%, 32=0.0%, 64=0.0%, >=64=0.0%
     complete  : 0=0.0%, 4=100.0%, 8=0.0%, 16=0.0%, 32=0.0%, 64=0.0%, >=64=0.0%
     issued rwts: total=10596368,5576980,0,0 short=0,0,0,0 dropped=0,0,0,0
     latency   : target=0, window=0, percentile=100.00%, depth=16

Run status group 0 (all jobs):
   READ: bw=332MiB/s (348MB/s), 332MiB/s-332MiB/s (348MB/s-348MB/s), io=1798GiB (1931GB), run=5541459-5541459msec
  WRITE: bw=329MiB/s (345MB/s), 329MiB/s-329MiB/s (345MB/s-345MB/s), io=1781GiB (1913GB), run=5541459-5541459msec

randrw_4k: (groupid=0, jobs=6): err= 0: pid=28486: Sat Aug 29 02:53:19 2026
  read: IOPS=1916, BW=334MiB/s (350MB/s)(1825GiB/5601460msec)
    slat (nsec): min=1151, max=19581k, avg=27476.49, stdev=55525.84
    clat (usec): min=2, max=69709k, avg=37115.83, stdev=277910.91
     lat (usec): min=110, max=69709k, avg=37143.30, stdev=277910.41
    clat percentiles (usec):
     |  1.00th=[    498],  5.00th=[    545], 10.00th=[    619],
     | 20.00th=[   1631], 30.00th=[   2704], 40.00th=[   3785],
     | 50.00th=[   5145], 60.00th=[   7046], 70.00th=[  11469],
     | 80.00th=[  42206], 90.00th=[ 115868], 95.00th=[ 210764],
     | 99.00th=[ 379585], 99.50th=[ 438305], 99.90th=[ 591397],
     | 99.95th=[ 683672], 99.99th=[1082131]
   bw (  KiB/s): min=  297, max=2252880, per=100.00%, avg=367272.17, stdev=112733.30, samples=65187
   iops        : min=    0, max= 8340, avg=1963.54, stdev=177.35, samples=65187
  write: IOPS=1009, BW=331MiB/s (347MB/s)(1808GiB/5601460msec); 0 zone resets
    slat (nsec): min=1259, max=48927k, avg=64039.58, stdev=106213.02
    clat (nsec): min=891, max=69273M, avg=87951262.51, stdev=160088872.32
     lat (usec): min=185, max=69273k, avg=88015.30, stdev=160081.63
    clat percentiles (usec):
     |  1.00th=[    235],  5.00th=[    363], 10.00th=[    799],
     | 20.00th=[   2057], 30.00th=[   3556], 40.00th=[   4948],
     | 50.00th=[   6783], 60.00th=[  10028], 70.00th=[  58983],
     | 80.00th=[ 198181], 90.00th=[ 258999], 95.00th=[ 421528],
     | 99.00th=[ 641729], 99.50th=[ 725615], 99.90th=[1035994],
     | 99.95th=[1266680], 99.99th=[2021655]
   bw (  KiB/s): min= 1758, max=2137544, per=100.00%, avg=375007.74, stdev=114175.30, samples=62318
   iops        : min=    6, max= 4496, avg=1086.47, stdev=141.70, samples=62318
  lat (nsec)   : 1000=0.01%
  lat (usec)   : 2=0.01%, 4=0.01%, 10=0.01%, 20=0.01%, 50=0.01%
  lat (usec)   : 100=0.01%, 250=0.88%, 500=2.48%, 750=8.22%, 1000=2.27%
  lat (msec)   : 2=8.16%, 4=16.75%, 10=26.35%, 20=7.26%, 50=4.80%
  lat (msec)   : 100=5.54%, 250=11.26%, 500=4.78%, 750=1.10%, 1000=0.12%
  lat (msec)   : 2000=0.04%, >=2000=0.01%
  cpu          : usr=0.36%, sys=1.83%, ctx=13501029, majf=0, minf=165
  IO depths    : 1=0.1%, 2=0.1%, 4=0.1%, 8=0.1%, 16=22.4%, 32=77.6%, >=64=0.0%
     submit    : 0=0.0%, 4=100.0%, 8=0.0%, 16=0.0%, 32=0.0%, 64=0.0%, >=64=0.0%
     complete  : 0=0.0%, 4=100.0%, 8=0.0%, 16=0.0%, 32=0.0%, 64=0.0%, >=64=0.0%
     issued rwts: total=10734494,5652200,0,0 short=0,0,0,0 dropped=0,0,0,0
     latency   : target=0, window=0, percentile=100.00%, depth=16

Run status group 0 (all jobs):
   READ: bw=334MiB/s (350MB/s), 334MiB/s-334MiB/s (350MB/s-350MB/s), io=1825GiB (1959GB), run=5601460-5601460msec
  WRITE: bw=331MiB/s (347MB/s), 331MiB/s-331MiB/s (347MB/s-347MB/s), io=1808GiB (1942GB), run=5601460-5601460msec

randrw_4k: (groupid=0, jobs=6): err= 0: pid=28486: Sat Aug 29 02:54:19 2026
  read: IOPS=1920, BW=335MiB/s (351MB/s)(1852GiB/5661459msec)
    slat (nsec): min=1151, max=19581k, avg=27510.34, stdev=55438.83
    clat (usec): min=2, max=69709k, avg=37114.65, stdev=276277.54
     lat (usec): min=110, max=69709k, avg=37142.16, stdev=276277.04
    clat percentiles (usec):
     |  1.00th=[    498],  5.00th=[    545], 10.00th=[    619],
     | 20.00th=[   1647], 30.00th=[   2704], 40.00th=[   3785],
     | 50.00th=[   5145], 60.00th=[   7046], 70.00th=[  11469],
     | 80.00th=[  42206], 90.00th=[ 115868], 95.00th=[ 210764],
     | 99.00th=[ 379585], 99.50th=[ 438305], 99.90th=[ 591397],
     | 99.95th=[ 683672], 99.99th=[1082131]
   bw (  KiB/s): min=  297, max=2252880, per=100.00%, avg=368971.58, stdev=112813.14, samples=65889
   iops        : min=    0, max= 8340, avg=1967.57, stdev=177.70, samples=65889
  write: IOPS=1011, BW=332MiB/s (348MB/s)(1835GiB/5661459msec); 0 zone resets
    slat (nsec): min=1259, max=48927k, avg=64103.01, stdev=105952.18
    clat (nsec): min=891, max=69273M, avg=87586180.85, stdev=160000526.23
     lat (usec): min=185, max=69273k, avg=87650.28, stdev=159993.28
    clat percentiles (usec):
     |  1.00th=[    235],  5.00th=[    363], 10.00th=[    799],
     | 20.00th=[   2057], 30.00th=[   3523], 40.00th=[   4948],
     | 50.00th=[   6718], 60.00th=[   9896], 70.00th=[  55837],
     | 80.00th=[ 196084], 90.00th=[ 258999], 95.00th=[ 421528],
     | 99.00th=[ 641729], 99.50th=[ 725615], 99.90th=[1027605],
     | 99.95th=[1266680], 99.99th=[2004878]
   bw (  KiB/s): min= 1758, max=2137544, per=100.00%, avg=376766.19, stdev=114294.13, samples=62961
   iops        : min=    6, max= 4496, avg=1089.66, stdev=142.00, samples=62961
  lat (nsec)   : 1000=0.01%
  lat (usec)   : 2=0.01%, 4=0.01%, 10=0.01%, 20=0.01%, 50=0.01%
  lat (usec)   : 100=0.01%, 250=0.88%, 500=2.48%, 750=8.17%, 1000=2.28%
  lat (msec)   : 2=8.17%, 4=16.81%, 10=26.40%, 20=7.24%, 50=4.78%
  lat (msec)   : 100=5.54%, 250=11.20%, 500=4.78%, 750=1.10%, 1000=0.12%
  lat (msec)   : 2000=0.04%, >=2000=0.01%
  cpu          : usr=0.36%, sys=1.84%, ctx=13674426, majf=0, minf=165
  IO depths    : 1=0.1%, 2=0.1%, 4=0.1%, 8=0.1%, 16=22.4%, 32=77.6%, >=64=0.0%
     submit    : 0=0.0%, 4=100.0%, 8=0.0%, 16=0.0%, 32=0.0%, 64=0.0%, >=64=0.0%
     complete  : 0=0.0%, 4=100.0%, 8=0.0%, 16=0.0%, 32=0.0%, 64=0.0%, >=64=0.0%
     issued rwts: total=10872126,5727292,0,0 short=0,0,0,0 dropped=0,0,0,0
     latency   : target=0, window=0, percentile=100.00%, depth=16

Run status group 0 (all jobs):
   READ: bw=335MiB/s (351MB/s), 335MiB/s-335MiB/s (351MB/s-351MB/s), io=1852GiB (1988GB), run=5661459-5661459msec
  WRITE: bw=332MiB/s (348MB/s), 332MiB/s-332MiB/s (348MB/s-348MB/s), io=1835GiB (1970GB), run=5661459-5661459msec

randrw_4k: (groupid=0, jobs=6): err= 0: pid=28486: Sat Aug 29 02:55:19 2026
  read: IOPS=1923, BW=336MiB/s (353MB/s)(1879GiB/5721459msec)
    slat (nsec): min=1151, max=19581k, avg=27550.83, stdev=55362.01
    clat (usec): min=2, max=69709k, avg=37122.05, stdev=274696.42
     lat (usec): min=110, max=69709k, avg=37149.60, stdev=274695.91
    clat percentiles (usec):
     |  1.00th=[    494],  5.00th=[    545], 10.00th=[    619],
     | 20.00th=[   1647], 30.00th=[   2704], 40.00th=[   3818],
     | 50.00th=[   5145], 60.00th=[   7046], 70.00th=[  11469],
     | 80.00th=[  42206], 90.00th=[ 116917], 95.00th=[ 210764],
     | 99.00th=[ 379585], 99.50th=[ 434111], 99.90th=[ 583009],
     | 99.95th=[ 683672], 99.99th=[1082131]
   bw (  KiB/s): min=  297, max=2252880, per=100.00%, avg=370554.69, stdev=112907.98, samples=66596
   iops        : min=    0, max= 8340, avg=1971.05, stdev=177.82, samples=66596
  write: IOPS=1013, BW=333MiB/s (349MB/s)(1862GiB/5721459msec); 0 zone resets
    slat (nsec): min=1259, max=48927k, avg=64179.53, stdev=105708.88
    clat (nsec): min=891, max=69273M, avg=87243777.59, stdev=159889910.33
     lat (usec): min=185, max=69273k, avg=87307.96, stdev=159882.64
    clat percentiles (usec):
     |  1.00th=[    235],  5.00th=[    363], 10.00th=[    799],
     | 20.00th=[   2057], 30.00th=[   3523], 40.00th=[   4948],
     | 50.00th=[   6718], 60.00th=[   9765], 70.00th=[  53740],
     | 80.00th=[ 196084], 90.00th=[ 258999], 95.00th=[ 425722],
     | 99.00th=[ 641729], 99.50th=[ 717226], 99.90th=[1027605],
     | 99.95th=[1249903], 99.99th=[1988101]
   bw (  KiB/s): min= 1758, max=2137544, per=100.00%, avg=378305.52, stdev=114378.51, samples=63620
   iops        : min=    6, max= 4496, avg=1092.14, stdev=142.21, samples=63620
  lat (nsec)   : 1000=0.01%
  lat (usec)   : 2=0.01%, 4=0.01%, 10=0.01%, 20=0.01%, 50=0.01%
  lat (usec)   : 100=0.01%, 250=0.89%, 500=2.47%, 750=8.13%, 1000=2.28%
  lat (msec)   : 2=8.19%, 4=16.86%, 10=26.46%, 20=7.22%, 50=4.77%
  lat (msec)   : 100=5.55%, 250=11.14%, 500=4.78%, 750=1.11%, 1000=0.11%
  lat (msec)   : 2000=0.04%, >=2000=0.01%
  cpu          : usr=0.36%, sys=1.85%, ctx=13844792, majf=0, minf=165
  IO depths    : 1=0.1%, 2=0.1%, 4=0.1%, 8=0.1%, 16=22.5%, 32=77.5%, >=64=0.0%
     submit    : 0=0.0%, 4=100.0%, 8=0.0%, 16=0.0%, 32=0.0%, 64=0.0%, >=64=0.0%
     complete  : 0=0.0%, 4=100.0%, 8=0.0%, 16=0.0%, 32=0.0%, 64=0.0%, >=64=0.0%
     issued rwts: total=11008008,5800913,0,0 short=0,0,0,0 dropped=0,0,0,0
     latency   : target=0, window=0, percentile=100.00%, depth=16

Run status group 0 (all jobs):
   READ: bw=336MiB/s (353MB/s), 336MiB/s-336MiB/s (353MB/s-353MB/s), io=1879GiB (2018GB), run=5721459-5721459msec
  WRITE: bw=333MiB/s (349MB/s), 333MiB/s-333MiB/s (349MB/s-349MB/s), io=1862GiB (1999GB), run=5721459-5721459msec

randrw_4k: (groupid=0, jobs=6): err= 0: pid=28486: Sat Aug 29 02:56:19 2026
  read: IOPS=1927, BW=338MiB/s (354MB/s)(1907GiB/5781459msec)
    slat (nsec): min=1151, max=19581k, avg=27598.13, stdev=55298.75
    clat (usec): min=2, max=69709k, avg=37147.19, stdev=273182.58
     lat (usec): min=109, max=69709k, avg=37174.79, stdev=273182.06
    clat percentiles (usec):
     |  1.00th=[    494],  5.00th=[    553], 10.00th=[    627],
     | 20.00th=[   1663], 30.00th=[   2704], 40.00th=[   3818],
     | 50.00th=[   5145], 60.00th=[   7046], 70.00th=[  11469],
     | 80.00th=[  42730], 90.00th=[ 116917], 95.00th=[ 210764],
     | 99.00th=[ 379585], 99.50th=[ 434111], 99.90th=[ 583009],
     | 99.95th=[ 683672], 99.99th=[1082131]
   bw (  KiB/s): min=  297, max=2252880, per=100.00%, avg=372243.43, stdev=113027.48, samples=67300
   iops        : min=    0, max= 8340, avg=1974.25, stdev=177.97, samples=67300
  write: IOPS=1015, BW=335MiB/s (351MB/s)(1889GiB/5781459msec); 0 zone resets
    slat (nsec): min=1259, max=48927k, avg=64276.17, stdev=105488.00
    clat (nsec): min=891, max=69273M, avg=86907480.82, stdev=159756886.38
     lat (usec): min=185, max=69273k, avg=86971.76, stdev=159749.59
    clat percentiles (usec):
     |  1.00th=[    235],  5.00th=[    363], 10.00th=[    799],
     | 20.00th=[   2040], 30.00th=[   3523], 40.00th=[   4883],
     | 50.00th=[   6652], 60.00th=[   9765], 70.00th=[  51119],
     | 80.00th=[ 196084], 90.00th=[ 258999], 95.00th=[ 425722],
     | 99.00th=[ 641729], 99.50th=[ 717226], 99.90th=[1019216],
     | 99.95th=[1249903], 99.99th=[1988101]
   bw (  KiB/s): min= 1758, max=2137544, per=100.00%, avg=379975.02, stdev=114558.94, samples=64271
   iops        : min=    6, max= 4496, avg=1094.77, stdev=142.51, samples=64271
  lat (nsec)   : 1000=0.01%
  lat (usec)   : 2=0.01%, 4=0.01%, 10=0.01%, 20=0.01%, 50=0.01%
  lat (usec)   : 100=0.01%, 250=0.89%, 500=2.46%, 750=8.10%, 1000=2.29%
  lat (msec)   : 2=8.20%, 4=16.91%, 10=26.51%, 20=7.19%, 50=4.76%
  lat (msec)   : 100=5.55%, 250=11.09%, 500=4.78%, 750=1.11%, 1000=0.11%
  lat (msec)   : 2000=0.04%, >=2000=0.01%
  cpu          : usr=0.36%, sys=1.85%, ctx=14012194, majf=0, minf=165
  IO depths    : 1=0.1%, 2=0.1%, 4=0.1%, 8=0.1%, 16=22.5%, 32=77.5%, >=64=0.0%
     submit    : 0=0.0%, 4=100.0%, 8=0.0%, 16=0.0%, 32=0.0%, 64=0.0%, >=64=0.0%
     complete  : 0=0.0%, 4=100.0%, 8=0.0%, 16=0.0%, 32=0.0%, 64=0.0%, >=64=0.0%
     issued rwts: total=11140943,5873844,0,0 short=0,0,0,0 dropped=0,0,0,0
     latency   : target=0, window=0, percentile=100.00%, depth=16

Run status group 0 (all jobs):
   READ: bw=338MiB/s (354MB/s), 338MiB/s-338MiB/s (354MB/s-354MB/s), io=1907GiB (2047GB), run=5781459-5781459msec
  WRITE: bw=335MiB/s (351MB/s), 335MiB/s-335MiB/s (351MB/s-351MB/s), io=1889GiB (2029GB), run=5781459-5781459msec

randrw_4k: (groupid=0, jobs=6): err= 0: pid=28486: Sat Aug 29 02:57:20 2026
  read: IOPS=1929, BW=339MiB/s (355MB/s)(1934GiB/5841459msec)
    slat (nsec): min=1151, max=19581k, avg=27639.83, stdev=55233.43
    clat (usec): min=2, max=69709k, avg=37166.95, stdev=271696.01
     lat (usec): min=109, max=69709k, avg=37194.59, stdev=271695.48
    clat percentiles (usec):
     |  1.00th=[    494],  5.00th=[    553], 10.00th=[    627],
     | 20.00th=[   1663], 30.00th=[   2704], 40.00th=[   3818],
     | 50.00th=[   5145], 60.00th=[   7046], 70.00th=[  11469],
     | 80.00th=[  42730], 90.00th=[ 116917], 95.00th=[ 210764],
     | 99.00th=[ 379585], 99.50th=[ 434111], 99.90th=[ 583009],
     | 99.95th=[ 675283], 99.99th=[1082131]
   bw (  KiB/s): min=  297, max=2252880, per=100.00%, avg=373734.25, stdev=113129.82, samples=68006
   iops        : min=    0, max= 8340, avg=1977.13, stdev=178.12, samples=68006
  write: IOPS=1017, BW=336MiB/s (352MB/s)(1916GiB/5841459msec); 0 zone resets
    slat (nsec): min=1259, max=48927k, avg=64363.76, stdev=105266.07
    clat (nsec): min=891, max=69273M, avg=86590616.88, stdev=159653265.71
     lat (usec): min=185, max=69273k, avg=86654.98, stdev=159645.95
    clat percentiles (usec):
     |  1.00th=[    235],  5.00th=[    363], 10.00th=[    807],
     | 20.00th=[   2040], 30.00th=[   3490], 40.00th=[   4883],
     | 50.00th=[   6587], 60.00th=[   9634], 70.00th=[  49021],
     | 80.00th=[ 196084], 90.00th=[ 261096], 95.00th=[ 425722],
     | 99.00th=[ 641729], 99.50th=[ 717226], 99.90th=[1019216],
     | 99.95th=[1249903], 99.99th=[1971323]
   bw (  KiB/s): min= 1758, max=2137544, per=100.00%, avg=381617.58, stdev=114729.63, samples=64907
   iops        : min=    6, max= 4496, avg=1097.46, stdev=142.75, samples=64907
  lat (nsec)   : 1000=0.01%
  lat (usec)   : 2=0.01%, 4=0.01%, 10=0.01%, 20=0.01%, 50=0.01%
  lat (usec)   : 100=0.01%, 250=0.89%, 500=2.46%, 750=8.07%, 1000=2.29%
  lat (msec)   : 2=8.21%, 4=16.95%, 10=26.55%, 20=7.17%, 50=4.75%
  lat (msec)   : 100=5.56%, 250=11.05%, 500=4.78%, 750=1.11%, 1000=0.11%
  lat (msec)   : 2000=0.04%, >=2000=0.01%
  cpu          : usr=0.36%, sys=1.86%, ctx=14179113, majf=0, minf=165
  IO depths    : 1=0.1%, 2=0.1%, 4=0.1%, 8=0.1%, 16=22.6%, 32=77.4%, >=64=0.0%
     submit    : 0=0.0%, 4=100.0%, 8=0.0%, 16=0.0%, 32=0.0%, 64=0.0%, >=64=0.0%
     complete  : 0=0.0%, 4=100.0%, 8=0.0%, 16=0.0%, 32=0.0%, 64=0.0%, >=64=0.0%
     issued rwts: total=11273509,5946569,0,0 short=0,0,0,0 dropped=0,0,0,0
     latency   : target=0, window=0, percentile=100.00%, depth=16

Run status group 0 (all jobs):
   READ: bw=339MiB/s (355MB/s), 339MiB/s-339MiB/s (355MB/s-355MB/s), io=1934GiB (2076GB), run=5841459-5841459msec
  WRITE: bw=336MiB/s (352MB/s), 336MiB/s-336MiB/s (352MB/s-352MB/s), io=1916GiB (2058GB), run=5841459-5841459msec

randrw_4k: (groupid=0, jobs=6): err= 0: pid=28486: Sat Aug 29 02:58:19 2026
  read: IOPS=1932, BW=340MiB/s (357MB/s)(1960GiB/5901459msec)
    slat (nsec): min=1151, max=19581k, avg=27673.45, stdev=55165.44
    clat (usec): min=2, max=69709k, avg=37184.52, stdev=270277.08
     lat (usec): min=109, max=69709k, avg=37212.20, stdev=270276.55
    clat percentiles (usec):
     |  1.00th=[    494],  5.00th=[    553], 10.00th=[    627],
     | 20.00th=[   1663], 30.00th=[   2704], 40.00th=[   3818],
     | 50.00th=[   5145], 60.00th=[   7046], 70.00th=[  11469],
     | 80.00th=[  42730], 90.00th=[ 116917], 95.00th=[ 210764],
     | 99.00th=[ 379585], 99.50th=[ 434111], 99.90th=[ 583009],
     | 99.95th=[ 675283], 99.99th=[1082131]
   bw (  KiB/s): min=  297, max=2252880, per=100.00%, avg=375104.01, stdev=113172.83, samples=68707
   iops        : min=    0, max= 8340, avg=1979.84, stdev=178.34, samples=68707
  write: IOPS=1019, BW=337MiB/s (353MB/s)(1942GiB/5901459msec); 0 zone resets
    slat (nsec): min=1259, max=48927k, avg=64433.55, stdev=105055.16
    clat (nsec): min=891, max=69273M, avg=86313455.83, stdev=159662832.28
     lat (usec): min=185, max=69273k, avg=86377.89, stdev=159655.50
    clat percentiles (usec):
     |  1.00th=[    235],  5.00th=[    363], 10.00th=[    807],
     | 20.00th=[   2040], 30.00th=[   3490], 40.00th=[   4883],
     | 50.00th=[   6587], 60.00th=[   9503], 70.00th=[  47449],
     | 80.00th=[ 196084], 90.00th=[ 261096], 95.00th=[ 425722],
     | 99.00th=[ 641729], 99.50th=[ 717226], 99.90th=[1010828],
     | 99.95th=[1249903], 99.99th=[1971323]
   bw (  KiB/s): min= 1642, max=2137544, per=100.00%, avg=383057.66, stdev=114798.05, samples=65536
   iops        : min=    5, max= 4496, avg=1099.89, stdev=142.95, samples=65536
  lat (nsec)   : 1000=0.01%
  lat (usec)   : 2=0.01%, 4=0.01%, 10=0.01%, 20=0.01%, 50=0.01%
  lat (usec)   : 100=0.01%, 250=0.89%, 500=2.45%, 750=8.04%, 1000=2.30%
  lat (msec)   : 2=8.21%, 4=17.00%, 10=26.62%, 20=7.16%, 50=4.73%
  lat (msec)   : 100=5.55%, 250=10.99%, 500=4.78%, 750=1.12%, 1000=0.11%
  lat (msec)   : 2000=0.04%, >=2000=0.01%
  cpu          : usr=0.36%, sys=1.86%, ctx=14343343, majf=0, minf=165
  IO depths    : 1=0.1%, 2=0.1%, 4=0.1%, 8=0.1%, 16=22.6%, 32=77.4%, >=64=0.0%
     submit    : 0=0.0%, 4=100.0%, 8=0.0%, 16=0.0%, 32=0.0%, 64=0.0%, >=64=0.0%
     complete  : 0=0.0%, 4=100.0%, 8=0.0%, 16=0.0%, 32=0.0%, 64=0.0%, >=64=0.0%
     issued rwts: total=11405052,6017760,0,0 short=0,0,0,0 dropped=0,0,0,0
     latency   : target=0, window=0, percentile=100.00%, depth=16

Run status group 0 (all jobs):
   READ: bw=340MiB/s (357MB/s), 340MiB/s-340MiB/s (357MB/s-357MB/s), io=1960GiB (2104GB), run=5901459-5901459msec
  WRITE: bw=337MiB/s (353MB/s), 337MiB/s-337MiB/s (353MB/s-353MB/s), io=1942GiB (2085GB), run=5901459-5901459msec

randrw_4k: (groupid=0, jobs=6): err= 0: pid=28486: Sat Aug 29 02:59:19 2026
  read: IOPS=1935, BW=341MiB/s (358MB/s)(1987GiB/5961459msec)
    slat (nsec): min=1151, max=19581k, avg=27714.03, stdev=55103.28
    clat (usec): min=2, max=69709k, avg=37208.06, stdev=268849.63
     lat (usec): min=109, max=69709k, avg=37235.78, stdev=268849.09
    clat percentiles (usec):
     |  1.00th=[    494],  5.00th=[    553], 10.00th=[    627],
     | 20.00th=[   1680], 30.00th=[   2737], 40.00th=[   3818],
     | 50.00th=[   5145], 60.00th=[   7046], 70.00th=[  11469],
     | 80.00th=[  43254], 90.00th=[ 116917], 95.00th=[ 210764],
     | 99.00th=[ 379585], 99.50th=[ 434111], 99.90th=[ 583009],
     | 99.95th=[ 675283], 99.99th=[1082131]
   bw (  KiB/s): min=  297, max=2252880, per=100.00%, avg=376477.98, stdev=113183.00, samples=69417
   iops        : min=    0, max= 8340, avg=1982.67, stdev=178.33, samples=69417
  write: IOPS=1021, BW=338MiB/s (355MB/s)(1969GiB/5961459msec); 0 zone resets
    slat (nsec): min=1259, max=48927k, avg=64515.96, stdev=104850.24
    clat (nsec): min=891, max=69273M, avg=86008728.52, stdev=159570506.68
     lat (usec): min=185, max=69273k, avg=86073.25, stdev=159563.16
    clat percentiles (usec):
     |  1.00th=[    235],  5.00th=[    367], 10.00th=[    807],
     | 20.00th=[   2024], 30.00th=[   3458], 40.00th=[   4817],
     | 50.00th=[   6521], 60.00th=[   9372], 70.00th=[  44827],
     | 80.00th=[ 196084], 90.00th=[ 261096], 95.00th=[ 425722],
     | 99.00th=[ 641729], 99.50th=[ 717226], 99.90th=[1010828],
     | 99.95th=[1249903], 99.99th=[1971323]
   bw (  KiB/s): min= 1642, max=2137544, per=100.00%, avg=384366.54, stdev=114800.77, samples=66201
   iops        : min=    5, max= 4496, avg=1101.94, stdev=143.04, samples=66201
  lat (nsec)   : 1000=0.01%
  lat (usec)   : 2=0.01%, 4=0.01%, 10=0.01%, 20=0.01%, 50=0.01%
  lat (usec)   : 100=0.01%, 250=0.88%, 500=2.45%, 750=8.02%, 1000=2.30%
  lat (msec)   : 2=8.23%, 4=17.04%, 10=26.67%, 20=7.14%, 50=4.72%
  lat (msec)   : 100=5.55%, 250=10.94%, 500=4.79%, 750=1.12%, 1000=0.11%
  lat (msec)   : 2000=0.04%, >=2000=0.01%
  cpu          : usr=0.36%, sys=1.87%, ctx=14509977, majf=0, minf=165
  IO depths    : 1=0.1%, 2=0.1%, 4=0.1%, 8=0.1%, 16=22.7%, 32=77.3%, >=64=0.0%
     submit    : 0=0.0%, 4=100.0%, 8=0.0%, 16=0.0%, 32=0.0%, 64=0.0%, >=64=0.0%
     complete  : 0=0.0%, 4=100.0%, 8=0.0%, 16=0.0%, 32=0.0%, 64=0.0%, >=64=0.0%
     issued rwts: total=11537884,6089878,0,0 short=0,0,0,0 dropped=0,0,0,0
     latency   : target=0, window=0, percentile=100.00%, depth=16

Run status group 0 (all jobs):
   READ: bw=341MiB/s (358MB/s), 341MiB/s-341MiB/s (358MB/s-358MB/s), io=1987GiB (2133GB), run=5961459-5961459msec
  WRITE: bw=338MiB/s (355MB/s), 338MiB/s-338MiB/s (355MB/s-355MB/s), io=1969GiB (2114GB), run=5961459-5961459msec

randrw_4k: (groupid=0, jobs=6): err= 0: pid=28486: Sat Aug 29 03:00:19 2026
  read: IOPS=1938, BW=342MiB/s (359MB/s)(2014GiB/6021459msec)
    slat (nsec): min=1151, max=19581k, avg=27748.62, stdev=55034.19
    clat (usec): min=2, max=69709k, avg=37230.46, stdev=267458.63
     lat (usec): min=109, max=69709k, avg=37258.21, stdev=267458.08
    clat percentiles (usec):
     |  1.00th=[    494],  5.00th=[    553], 10.00th=[    627],
     | 20.00th=[   1680], 30.00th=[   2737], 40.00th=[   3818],
     | 50.00th=[   5145], 60.00th=[   7046], 70.00th=[  11469],
     | 80.00th=[  43254], 90.00th=[ 117965], 95.00th=[ 210764],
     | 99.00th=[ 379585], 99.50th=[ 434111], 99.90th=[ 583009],
     | 99.95th=[ 675283], 99.99th=[1082131]
   bw (  KiB/s): min=  297, max=2252880, per=100.00%, avg=377830.35, stdev=113199.14, samples=70124
   iops        : min=    0, max= 8340, avg=1985.25, stdev=178.38, samples=70124
  write: IOPS=1023, BW=339MiB/s (356MB/s)(1995GiB/6021459msec); 0 zone resets
    slat (nsec): min=1259, max=48927k, avg=64580.70, stdev=104630.24
    clat (nsec): min=891, max=69273M, avg=85712515.32, stdev=159479911.15
     lat (usec): min=185, max=69273k, avg=85777.10, stdev=159472.55
    clat percentiles (usec):
     |  1.00th=[    235],  5.00th=[    367], 10.00th=[    807],
     | 20.00th=[   2024], 30.00th=[   3458], 40.00th=[   4817],
     | 50.00th=[   6521], 60.00th=[   9372], 70.00th=[  42206],
     | 80.00th=[ 196084], 90.00th=[ 261096], 95.00th=[ 425722],
     | 99.00th=[ 641729], 99.50th=[ 717226], 99.90th=[1010828],
     | 99.95th=[1233126], 99.99th=[1971323]
   bw (  KiB/s): min= 1642, max=2137544, per=100.00%, avg=385790.43, stdev=114839.12, samples=66850
   iops        : min=    5, max= 4496, avg=1104.19, stdev=143.19, samples=66850
  lat (nsec)   : 1000=0.01%
  lat (usec)   : 2=0.01%, 4=0.01%, 10=0.01%, 20=0.01%, 50=0.01%
  lat (usec)   : 100=0.01%, 250=0.88%, 500=2.44%, 750=7.98%, 1000=2.31%
  lat (msec)   : 2=8.24%, 4=17.09%, 10=26.72%, 20=7.13%, 50=4.71%
  lat (msec)   : 100=5.55%, 250=10.89%, 500=4.79%, 750=1.13%, 1000=0.11%
  lat (msec)   : 2000=0.04%, >=2000=0.01%
  cpu          : usr=0.36%, sys=1.87%, ctx=14676607, majf=0, minf=165
  IO depths    : 1=0.1%, 2=0.1%, 4=0.1%, 8=0.1%, 16=22.7%, 32=77.3%, >=64=0.0%
     submit    : 0=0.0%, 4=100.0%, 8=0.0%, 16=0.0%, 32=0.0%, 64=0.0%, >=64=0.0%
     complete  : 0=0.0%, 4=100.0%, 8=0.0%, 16=0.0%, 32=0.0%, 64=0.0%, >=64=0.0%
     issued rwts: total=11670253,6162481,0,0 short=0,0,0,0 dropped=0,0,0,0
     latency   : target=0, window=0, percentile=100.00%, depth=16

Run status group 0 (all jobs):
   READ: bw=342MiB/s (359MB/s), 342MiB/s-342MiB/s (359MB/s-359MB/s), io=2014GiB (2162GB), run=6021459-6021459msec
  WRITE: bw=339MiB/s (356MB/s), 339MiB/s-339MiB/s (356MB/s-356MB/s), io=1995GiB (2142GB), run=6021459-6021459msec

randrw_4k: (groupid=0, jobs=6): err= 0: pid=28486: Sat Aug 29 03:01:20 2026
  read: IOPS=1940, BW=344MiB/s (360MB/s)(2040GiB/6081459msec)
    slat (nsec): min=1151, max=19581k, avg=27787.01, stdev=54971.25
    clat (usec): min=2, max=69709k, avg=37251.78, stdev=266093.42
     lat (usec): min=109, max=69709k, avg=37279.57, stdev=266092.86
    clat percentiles (usec):
     |  1.00th=[    494],  5.00th=[    553], 10.00th=[    627],
     | 20.00th=[   1680], 30.00th=[   2737], 40.00th=[   3818],
     | 50.00th=[   5145], 60.00th=[   7046], 70.00th=[  11469],
     | 80.00th=[  43254], 90.00th=[ 117965], 95.00th=[ 210764],
     | 99.00th=[ 379585], 99.50th=[ 434111], 99.90th=[ 583009],
     | 99.95th=[ 675283], 99.99th=[1082131]
   bw (  KiB/s): min=  297, max=2252880, per=100.00%, avg=379053.85, stdev=113183.27, samples=70836
   iops        : min=    0, max= 8340, avg=1987.49, stdev=178.26, samples=70836
  write: IOPS=1025, BW=340MiB/s (357MB/s)(2022GiB/6081459msec); 0 zone resets
    slat (nsec): min=1259, max=48927k, avg=64658.34, stdev=104420.57
    clat (nsec): min=891, max=69273M, avg=85443060.37, stdev=159412400.74
     lat (usec): min=185, max=69273k, avg=85507.72, stdev=159405.02
    clat percentiles (usec):
     |  1.00th=[    235],  5.00th=[    367], 10.00th=[    807],
     | 20.00th=[   2024], 30.00th=[   3458], 40.00th=[   4817],
     | 50.00th=[   6456], 60.00th=[   9241], 70.00th=[  40633],
     | 80.00th=[ 196084], 90.00th=[ 261096], 95.00th=[ 429917],
     | 99.00th=[ 641729], 99.50th=[ 717226], 99.90th=[1002439],
     | 99.95th=[1233126], 99.99th=[1954546]
   bw (  KiB/s): min= 1642, max=2137544, per=100.00%, avg=387137.96, stdev=114841.26, samples=67521
   iops        : min=    5, max= 4496, avg=1106.04, stdev=143.30, samples=67521
  lat (nsec)   : 1000=0.01%
  lat (usec)   : 2=0.01%, 4=0.01%, 10=0.01%, 20=0.01%, 50=0.01%
  lat (usec)   : 100=0.01%, 250=0.87%, 500=2.43%, 750=7.96%, 1000=2.31%
  lat (msec)   : 2=8.25%, 4=17.12%, 10=26.77%, 20=7.11%, 50=4.70%
  lat (msec)   : 100=5.56%, 250=10.85%, 500=4.79%, 750=1.13%, 1000=0.11%
  lat (msec)   : 2000=0.04%, >=2000=0.01%
  cpu          : usr=0.36%, sys=1.88%, ctx=14840689, majf=0, minf=165
  IO depths    : 1=0.1%, 2=0.1%, 4=0.1%, 8=0.1%, 16=22.8%, 32=77.2%, >=64=0.0%
     submit    : 0=0.0%, 4=100.0%, 8=0.0%, 16=0.0%, 32=0.0%, 64=0.0%, >=64=0.0%
     complete  : 0=0.0%, 4=100.0%, 8=0.0%, 16=0.0%, 32=0.0%, 64=0.0%, >=64=0.0%
     issued rwts: total=11800690,6234463,0,0 short=0,0,0,0 dropped=0,0,0,0
     latency   : target=0, window=0, percentile=100.00%, depth=16

Run status group 0 (all jobs):
   READ: bw=344MiB/s (360MB/s), 344MiB/s-344MiB/s (360MB/s-360MB/s), io=2040GiB (2191GB), run=6081459-6081459msec
  WRITE: bw=340MiB/s (357MB/s), 340MiB/s-340MiB/s (357MB/s-357MB/s), io=2022GiB (2171GB), run=6081459-6081459msec

randrw_4k: (groupid=0, jobs=6): err= 0: pid=28486: Sat Aug 29 03:02:19 2026
  read: IOPS=1943, BW=345MiB/s (361MB/s)(2067GiB/6141459msec)
    slat (nsec): min=1151, max=19581k, avg=27818.54, stdev=54907.21
    clat (usec): min=2, max=69709k, avg=37267.93, stdev=264754.57
     lat (usec): min=109, max=69709k, avg=37295.75, stdev=264754.00
    clat percentiles (usec):
     |  1.00th=[    494],  5.00th=[    553], 10.00th=[    627],
     | 20.00th=[   1696], 30.00th=[   2737], 40.00th=[   3818],
     | 50.00th=[   5145], 60.00th=[   7046], 70.00th=[  11469],
     | 80.00th=[  43254], 90.00th=[ 117965], 95.00th=[ 210764],
     | 99.00th=[ 379585], 99.50th=[ 434111], 99.90th=[ 583009],
     | 99.95th=[ 675283], 99.99th=[1082131]
   bw (  KiB/s): min=  297, max=2252880, per=100.00%, avg=380384.74, stdev=113189.34, samples=71539
   iops        : min=    0, max= 8340, avg=1990.04, stdev=178.26, samples=71539
  write: IOPS=1026, BW=342MiB/s (358MB/s)(2049GiB/6141459msec); 0 zone resets
    slat (nsec): min=1259, max=48927k, avg=64720.93, stdev=104218.86
    clat (nsec): min=891, max=69273M, avg=85170003.20, stdev=159354418.34
     lat (usec): min=185, max=69273k, avg=85234.72, stdev=159347.03
    clat percentiles (usec):
     |  1.00th=[    235],  5.00th=[    367], 10.00th=[    816],
     | 20.00th=[   2008], 30.00th=[   3425], 40.00th=[   4752],
     | 50.00th=[   6456], 60.00th=[   9241], 70.00th=[  36963],
     | 80.00th=[ 196084], 90.00th=[ 263193], 95.00th=[ 429917],
     | 99.00th=[ 641729], 99.50th=[ 717226], 99.90th=[1002439],
     | 99.95th=[1233126], 99.99th=[1954546]
   bw (  KiB/s): min= 1642, max=2137544, per=100.00%, avg=388478.71, stdev=114870.76, samples=68158
   iops        : min=    5, max= 4496, avg=1108.39, stdev=143.37, samples=68158
  lat (nsec)   : 1000=0.01%
  lat (usec)   : 2=0.01%, 4=0.01%, 10=0.01%, 20=0.01%, 50=0.01%
  lat (usec)   : 100=0.01%, 250=0.87%, 500=2.43%, 750=7.94%, 1000=2.31%
  lat (msec)   : 2=8.25%, 4=17.16%, 10=26.82%, 20=7.10%, 50=4.68%
  lat (msec)   : 100=5.56%, 250=10.80%, 500=4.79%, 750=1.14%, 1000=0.11%
  lat (msec)   : 2000=0.04%, >=2000=0.01%
  cpu          : usr=0.36%, sys=1.88%, ctx=15006911, majf=0, minf=165
  IO depths    : 1=0.1%, 2=0.1%, 4=0.1%, 8=0.1%, 16=22.8%, 32=77.2%, >=64=0.0%
     submit    : 0=0.0%, 4=100.0%, 8=0.0%, 16=0.0%, 32=0.0%, 64=0.0%, >=64=0.0%
     complete  : 0=0.0%, 4=100.0%, 8=0.0%, 16=0.0%, 32=0.0%, 64=0.0%, >=64=0.0%
     issued rwts: total=11933004,6306861,0,0 short=0,0,0,0 dropped=0,0,0,0
     latency   : target=0, window=0, percentile=100.00%, depth=16

Run status group 0 (all jobs):
   READ: bw=345MiB/s (361MB/s), 345MiB/s-345MiB/s (361MB/s-361MB/s), io=2067GiB (2219GB), run=6141459-6141459msec
  WRITE: bw=342MiB/s (358MB/s), 342MiB/s-342MiB/s (358MB/s-358MB/s), io=2049GiB (2200GB), run=6141459-6141459msec

randrw_4k: (groupid=0, jobs=6): err= 0: pid=28486: Sat Aug 29 03:03:19 2026
  read: IOPS=1945, BW=346MiB/s (363MB/s)(2095GiB/6201459msec)
    slat (nsec): min=1151, max=19581k, avg=27856.98, stdev=54843.86
    clat (usec): min=2, max=69709k, avg=37296.95, stdev=263417.35
     lat (usec): min=109, max=69709k, avg=37324.80, stdev=263416.77
    clat percentiles (usec):
     |  1.00th=[    494],  5.00th=[    553], 10.00th=[    635],
     | 20.00th=[   1696], 30.00th=[   2737], 40.00th=[   3818],
     | 50.00th=[   5145], 60.00th=[   7046], 70.00th=[  11600],
     | 80.00th=[  43779], 90.00th=[ 117965], 95.00th=[ 210764],
     | 99.00th=[ 379585], 99.50th=[ 434111], 99.90th=[ 583009],
     | 99.95th=[ 675283], 99.99th=[1082131]
   bw (  KiB/s): min=  297, max=2252880, per=100.00%, avg=381792.90, stdev=113262.55, samples=72248
   iops        : min=    0, max= 8340, avg=1992.62, stdev=178.26, samples=72248
  write: IOPS=1028, BW=343MiB/s (359MB/s)(2076GiB/6201459msec); 0 zone resets
    slat (nsec): min=1259, max=48927k, avg=64791.17, stdev=104008.88
    clat (nsec): min=891, max=69273M, avg=84875973.62, stdev=159220526.49
     lat (usec): min=185, max=69273k, avg=84940.77, stdev=159213.12
    clat percentiles (usec):
     |  1.00th=[    235],  5.00th=[    367], 10.00th=[    816],
     | 20.00th=[   2008], 30.00th=[   3425], 40.00th=[   4752],
     | 50.00th=[   6390], 60.00th=[   9110], 70.00th=[  32900],
     | 80.00th=[ 196084], 90.00th=[ 263193], 95.00th=[ 429917],
     | 99.00th=[ 641729], 99.50th=[ 717226], 99.90th=[ 994051],
     | 99.95th=[1233126], 99.99th=[1954546]
   bw (  KiB/s): min= 1642, max=2137544, per=100.00%, avg=389800.47, stdev=114949.91, samples=68829
   iops        : min=    5, max= 4496, avg=1110.29, stdev=143.50, samples=68829
  lat (nsec)   : 1000=0.01%
  lat (usec)   : 2=0.01%, 4=0.01%, 10=0.01%, 20=0.01%, 50=0.01%
  lat (usec)   : 100=0.01%, 250=0.87%, 500=2.42%, 750=7.91%, 1000=2.31%
  lat (msec)   : 2=8.26%, 4=17.20%, 10=26.85%, 20=7.08%, 50=4.68%
  lat (msec)   : 100=5.56%, 250=10.77%, 500=4.79%, 750=1.14%, 1000=0.11%
  lat (msec)   : 2000=0.04%, >=2000=0.01%
  cpu          : usr=0.37%, sys=1.89%, ctx=15173101, majf=0, minf=165
  IO depths    : 1=0.1%, 2=0.1%, 4=0.1%, 8=0.1%, 16=22.9%, 32=77.1%, >=64=0.0%
     submit    : 0=0.0%, 4=100.0%, 8=0.0%, 16=0.0%, 32=0.0%, 64=0.0%, >=64=0.0%
     complete  : 0=0.0%, 4=100.0%, 8=0.0%, 16=0.0%, 32=0.0%, 64=0.0%, >=64=0.0%
     issued rwts: total=12065508,6379491,0,0 short=0,0,0,0 dropped=0,0,0,0
     latency   : target=0, window=0, percentile=100.00%, depth=16

Run status group 0 (all jobs):
   READ: bw=346MiB/s (363MB/s), 346MiB/s-346MiB/s (363MB/s-363MB/s), io=2095GiB (2249GB), run=6201459-6201459msec
  WRITE: bw=343MiB/s (359MB/s), 343MiB/s-343MiB/s (359MB/s-359MB/s), io=2076GiB (2229GB), run=6201459-6201459msec

randrw_4k: (groupid=0, jobs=6): err= 0: pid=28486: Sat Aug 29 03:04:19 2026
  read: IOPS=1947, BW=347MiB/s (364MB/s)(2122GiB/6261459msec)
    slat (nsec): min=1151, max=19581k, avg=27897.67, stdev=54788.74
    clat (usec): min=2, max=69709k, avg=37320.74, stdev=262104.60
     lat (usec): min=109, max=69709k, avg=37348.63, stdev=262104.01
    clat percentiles (usec):
     |  1.00th=[    494],  5.00th=[    553], 10.00th=[    635],
     | 20.00th=[   1696], 30.00th=[   2737], 40.00th=[   3818],
     | 50.00th=[   5145], 60.00th=[   7046], 70.00th=[  11600],
     | 80.00th=[  44303], 90.00th=[ 117965], 95.00th=[ 210764],
     | 99.00th=[ 379585], 99.50th=[ 434111], 99.90th=[ 583009],
     | 99.95th=[ 666895], 99.99th=[1069548]
   bw (  KiB/s): min=  297, max=2252880, per=100.00%, avg=383095.68, stdev=113315.03, samples=72959
   iops        : min=    0, max= 8340, avg=1994.92, stdev=178.15, samples=72959
  write: IOPS=1030, BW=344MiB/s (361MB/s)(2103GiB/6261459msec); 0 zone resets
    slat (nsec): min=1259, max=48927k, avg=64871.57, stdev=103814.62
    clat (nsec): min=891, max=69273M, avg=84598058.15, stdev=159088887.93
     lat (usec): min=185, max=69273k, avg=84662.93, stdev=159081.46
    clat percentiles (usec):
     |  1.00th=[    235],  5.00th=[    367], 10.00th=[    816],
     | 20.00th=[   2008], 30.00th=[   3425], 40.00th=[   4752],
     | 50.00th=[   6390], 60.00th=[   9110], 70.00th=[  28967],
     | 80.00th=[ 196084], 90.00th=[ 263193], 95.00th=[ 429917],
     | 99.00th=[ 641729], 99.50th=[ 717226], 99.90th=[ 994051],
     | 99.95th=[1233126], 99.99th=[1954546]
   bw (  KiB/s): min= 1642, max=2137544, per=100.00%, avg=391147.96, stdev=114992.98, samples=69513
   iops        : min=    5, max= 4496, avg=1111.87, stdev=143.61, samples=69513
  lat (nsec)   : 1000=0.01%
  lat (usec)   : 2=0.01%, 4=0.01%, 10=0.01%, 20=0.01%, 50=0.01%
  lat (usec)   : 100=0.01%, 250=0.87%, 500=2.42%, 750=7.89%, 1000=2.31%
  lat (msec)   : 2=8.27%, 4=17.24%, 10=26.88%, 20=7.06%, 50=4.67%
  lat (msec)   : 100=5.57%, 250=10.73%, 500=4.79%, 750=1.14%, 1000=0.11%
  lat (msec)   : 2000=0.04%, >=2000=0.01%
  cpu          : usr=0.37%, sys=1.89%, ctx=15339041, majf=0, minf=165
  IO depths    : 1=0.1%, 2=0.1%, 4=0.1%, 8=0.1%, 16=22.9%, 32=77.1%, >=64=0.0%
     submit    : 0=0.0%, 4=100.0%, 8=0.0%, 16=0.0%, 32=0.0%, 64=0.0%, >=64=0.0%
     complete  : 0=0.0%, 4=100.0%, 8=0.0%, 16=0.0%, 32=0.0%, 64=0.0%, >=64=0.0%
     issued rwts: total=12197048,6451891,0,0 short=0,0,0,0 dropped=0,0,0,0
     latency   : target=0, window=0, percentile=100.00%, depth=16

Run status group 0 (all jobs):
   READ: bw=347MiB/s (364MB/s), 347MiB/s-347MiB/s (364MB/s-364MB/s), io=2122GiB (2279GB), run=6261459-6261459msec
  WRITE: bw=344MiB/s (361MB/s), 344MiB/s-344MiB/s (361MB/s-361MB/s), io=2103GiB (2258GB), run=6261459-6261459msec

randrw_4k: (groupid=0, jobs=6): err= 0: pid=28486: Sat Aug 29 03:05:20 2026
  read: IOPS=1950, BW=348MiB/s (365MB/s)(2150GiB/6321459msec)
    slat (nsec): min=1151, max=19581k, avg=27936.61, stdev=54734.55
    clat (usec): min=2, max=69709k, avg=37352.30, stdev=260848.74
     lat (usec): min=109, max=69709k, avg=37380.24, stdev=260848.14
    clat percentiles (usec):
     |  1.00th=[    494],  5.00th=[    553], 10.00th=[    635],
     | 20.00th=[   1713], 30.00th=[   2737], 40.00th=[   3851],
     | 50.00th=[   5145], 60.00th=[   7046], 70.00th=[  11600],
     | 80.00th=[  44303], 90.00th=[ 119014], 95.00th=[ 210764],
     | 99.00th=[ 379585], 99.50th=[ 434111], 99.90th=[ 583009],
     | 99.95th=[ 666895], 99.99th=[1069548]
   bw (  KiB/s): min=  297, max=2252880, per=100.00%, avg=384403.91, stdev=113307.01, samples=73666
   iops        : min=    0, max= 8340, avg=1996.93, stdev=178.14, samples=73666
  write: IOPS=1031, BW=345MiB/s (362MB/s)(2130GiB/6321459msec); 0 zone resets
    slat (nsec): min=1259, max=48927k, avg=64944.68, stdev=103623.66
    clat (nsec): min=891, max=69273M, avg=84347207.57, stdev=159025335.94
     lat (usec): min=185, max=69273k, avg=84412.15, stdev=159017.89
    clat percentiles (usec):
     |  1.00th=[    237],  5.00th=[    367], 10.00th=[    816],
     | 20.00th=[   2008], 30.00th=[   3392], 40.00th=[   4752],
     | 50.00th=[   6325], 60.00th=[   8979], 70.00th=[  26346],
     | 80.00th=[ 196084], 90.00th=[ 263193], 95.00th=[ 429917],
     | 99.00th=[ 641729], 99.50th=[ 717226], 99.90th=[ 994051],
     | 99.95th=[1216349], 99.99th=[1954546]
   bw (  KiB/s): min= 1642, max=2137544, per=100.00%, avg=392426.72, stdev=114993.75, samples=70171
   iops        : min=    5, max= 4496, avg=1113.67, stdev=143.68, samples=70171
  lat (nsec)   : 1000=0.01%
  lat (usec)   : 2=0.01%, 4=0.01%, 10=0.01%, 20=0.01%, 50=0.01%
  lat (usec)   : 100=0.01%, 250=0.86%, 500=2.42%, 750=7.87%, 1000=2.31%
  lat (msec)   : 2=8.28%, 4=17.28%, 10=26.92%, 20=7.04%, 50=4.66%
  lat (msec)   : 100=5.58%, 250=10.69%, 500=4.80%, 750=1.14%, 1000=0.11%
  lat (msec)   : 2000=0.04%, >=2000=0.01%
  cpu          : usr=0.37%, sys=1.90%, ctx=15502396, majf=0, minf=165
  IO depths    : 1=0.1%, 2=0.1%, 4=0.1%, 8=0.1%, 16=22.9%, 32=77.1%, >=64=0.0%
     submit    : 0=0.0%, 4=100.0%, 8=0.0%, 16=0.0%, 32=0.0%, 64=0.0%, >=64=0.0%
     complete  : 0=0.0%, 4=100.0%, 8=0.0%, 16=0.0%, 32=0.0%, 64=0.0%, >=64=0.0%
     issued rwts: total=12327490,6523451,0,0 short=0,0,0,0 dropped=0,0,0,0
     latency   : target=0, window=0, percentile=100.00%, depth=16

Run status group 0 (all jobs):
   READ: bw=348MiB/s (365MB/s), 348MiB/s-348MiB/s (365MB/s-365MB/s), io=2150GiB (2308GB), run=6321459-6321459msec
  WRITE: bw=345MiB/s (362MB/s), 345MiB/s-345MiB/s (362MB/s-362MB/s), io=2130GiB (2287GB), run=6321459-6321459msec

randrw_4k: (groupid=0, jobs=6): err= 0: pid=28486: Sat Aug 29 03:06:20 2026
  read: IOPS=1952, BW=349MiB/s (366MB/s)(2176GiB/6381458msec)
    slat (nsec): min=1151, max=19581k, avg=27967.36, stdev=54674.40
    clat (usec): min=2, max=69709k, avg=37385.05, stdev=259617.18
     lat (usec): min=109, max=69709k, avg=37413.02, stdev=259616.58
    clat percentiles (usec):
     |  1.00th=[    494],  5.00th=[    553], 10.00th=[    635],
     | 20.00th=[   1713], 30.00th=[   2737], 40.00th=[   3851],
     | 50.00th=[   5145], 60.00th=[   7046], 70.00th=[  11600],
     | 80.00th=[  44303], 90.00th=[ 119014], 95.00th=[ 212861],
     | 99.00th=[ 379585], 99.50th=[ 434111], 99.90th=[ 583009],
     | 99.95th=[ 666895], 99.99th=[1061159]
   bw (  KiB/s): min=  297, max=2252880, per=100.00%, avg=385563.55, stdev=113278.05, samples=74369
   iops        : min=    0, max= 8340, avg=1999.08, stdev=178.12, samples=74369
  write: IOPS=1033, BW=346MiB/s (363MB/s)(2157GiB/6381458msec); 0 zone resets
    slat (nsec): min=1259, max=48927k, avg=65004.49, stdev=103432.41
    clat (nsec): min=891, max=69273M, avg=84073003.10, stdev=158905632.02
     lat (usec): min=185, max=69273k, avg=84138.01, stdev=158898.18
    clat percentiles (usec):
     |  1.00th=[    237],  5.00th=[    367], 10.00th=[    816],
     | 20.00th=[   1991], 30.00th=[   3392], 40.00th=[   4686],
     | 50.00th=[   6325], 60.00th=[   8979], 70.00th=[  23462],
     | 80.00th=[ 196084], 90.00th=[ 263193], 95.00th=[ 429917],
     | 99.00th=[ 641729], 99.50th=[ 717226], 99.90th=[ 985662],
     | 99.95th=[1216349], 99.99th=[1937769]
   bw (  KiB/s): min= 1642, max=2137544, per=100.00%, avg=393658.14, stdev=114970.19, samples=70827
   iops        : min=    5, max= 4496, avg=1115.50, stdev=143.76, samples=70827
  lat (nsec)   : 1000=0.01%
  lat (usec)   : 2=0.01%, 4=0.01%, 10=0.01%, 20=0.01%, 50=0.01%
  lat (usec)   : 100=0.01%, 250=0.86%, 500=2.42%, 750=7.86%, 1000=2.31%
  lat (msec)   : 2=8.29%, 4=17.32%, 10=26.96%, 20=7.03%, 50=4.65%
  lat (msec)   : 100=5.57%, 250=10.66%, 500=4.80%, 750=1.14%, 1000=0.11%
  lat (msec)   : 2000=0.04%, >=2000=0.01%
  cpu          : usr=0.37%, sys=1.90%, ctx=15667576, majf=0, minf=165
  IO depths    : 1=0.1%, 2=0.1%, 4=0.1%, 8=0.1%, 16=23.0%, 32=77.0%, >=64=0.0%
     submit    : 0=0.0%, 4=100.0%, 8=0.0%, 16=0.0%, 32=0.0%, 64=0.0%, >=64=0.0%
     complete  : 0=0.0%, 4=100.0%, 8=0.0%, 16=0.0%, 32=0.0%, 64=0.0%, >=64=0.0%
     issued rwts: total=12457837,6595376,0,0 short=0,0,0,0 dropped=0,0,0,0
     latency   : target=0, window=0, percentile=100.00%, depth=16

Run status group 0 (all jobs):
   READ: bw=349MiB/s (366MB/s), 349MiB/s-349MiB/s (366MB/s-366MB/s), io=2176GiB (2337GB), run=6381458-6381458msec
  WRITE: bw=346MiB/s (363MB/s), 346MiB/s-346MiB/s (363MB/s-363MB/s), io=2157GiB (2316GB), run=6381458-6381458msec

randrw_4k: (groupid=0, jobs=6): err= 0: pid=28486: Sat Aug 29 03:07:20 2026
  read: IOPS=1954, BW=350MiB/s (367MB/s)(2203GiB/6441459msec)
    slat (nsec): min=1151, max=19581k, avg=27999.58, stdev=54619.89
    clat (usec): min=2, max=69709k, avg=37396.10, stdev=258370.18
     lat (usec): min=109, max=69709k, avg=37424.10, stdev=258369.56
    clat percentiles (usec):
     |  1.00th=[    494],  5.00th=[    553], 10.00th=[    635],
     | 20.00th=[   1713], 30.00th=[   2769], 40.00th=[   3851],
     | 50.00th=[   5145], 60.00th=[   7046], 70.00th=[  11600],
     | 80.00th=[  44827], 90.00th=[ 119014], 95.00th=[ 212861],
     | 99.00th=[ 379585], 99.50th=[ 434111], 99.90th=[ 583009],
     | 99.95th=[ 666895], 99.99th=[1061159]
   bw (  KiB/s): min=  297, max=2252880, per=100.00%, avg=386743.08, stdev=113292.92, samples=75076
   iops        : min=    0, max= 8340, avg=2001.26, stdev=178.14, samples=75076
  write: IOPS=1035, BW=347MiB/s (364MB/s)(2184GiB/6441459msec); 0 zone resets
    slat (nsec): min=1259, max=48927k, avg=65071.77, stdev=103252.67
    clat (nsec): min=891, max=69273M, avg=83853126.50, stdev=158874913.80
     lat (usec): min=185, max=69273k, avg=83918.20, stdev=158867.44
    clat percentiles (usec):
     |  1.00th=[    237],  5.00th=[    367], 10.00th=[    816],
     | 20.00th=[   1991], 30.00th=[   3392], 40.00th=[   4686],
     | 50.00th=[   6259], 60.00th=[   8848], 70.00th=[  21365],
     | 80.00th=[ 196084], 90.00th=[ 263193], 95.00th=[ 429917],
     | 99.00th=[ 641729], 99.50th=[ 717226], 99.90th=[ 985662],
     | 99.95th=[1216349], 99.99th=[1937769]
   bw (  KiB/s): min= 1642, max=2137544, per=100.00%, avg=394807.19, stdev=114979.78, samples=71502
   iops        : min=    5, max= 4496, avg=1117.00, stdev=143.85, samples=71502
  lat (nsec)   : 1000=0.01%
  lat (usec)   : 2=0.01%, 4=0.01%, 10=0.01%, 20=0.01%, 50=0.01%
  lat (usec)   : 100=0.01%, 250=0.86%, 500=2.41%, 750=7.83%, 1000=2.30%
  lat (msec)   : 2=8.29%, 4=17.35%, 10=27.00%, 20=7.01%, 50=4.64%
  lat (msec)   : 100=5.58%, 250=10.62%, 500=4.80%, 750=1.15%, 1000=0.11%
  lat (msec)   : 2000=0.04%, >=2000=0.01%
  cpu          : usr=0.37%, sys=1.91%, ctx=15832206, majf=0, minf=165
  IO depths    : 1=0.1%, 2=0.1%, 4=0.1%, 8=0.1%, 16=23.0%, 32=77.0%, >=64=0.0%
     submit    : 0=0.0%, 4=100.0%, 8=0.0%, 16=0.0%, 32=0.0%, 64=0.0%, >=64=0.0%
     complete  : 0=0.0%, 4=100.0%, 8=0.0%, 16=0.0%, 32=0.0%, 64=0.0%, >=64=0.0%
     issued rwts: total=12589515,6667193,0,0 short=0,0,0,0 dropped=0,0,0,0
     latency   : target=0, window=0, percentile=100.00%, depth=16

Run status group 0 (all jobs):
   READ: bw=350MiB/s (367MB/s), 350MiB/s-350MiB/s (367MB/s-367MB/s), io=2203GiB (2366GB), run=6441459-6441459msec
  WRITE: bw=347MiB/s (364MB/s), 347MiB/s-347MiB/s (364MB/s-364MB/s), io=2184GiB (2345GB), run=6441459-6441459msec

randrw_4k: (groupid=0, jobs=6): err= 0: pid=28486: Sat Aug 29 03:08:20 2026
  read: IOPS=1956, BW=351MiB/s (368MB/s)(2229GiB/6501459msec)
    slat (nsec): min=1151, max=19581k, avg=28025.66, stdev=54562.70
    clat (usec): min=2, max=69709k, avg=37411.87, stdev=257178.19
     lat (usec): min=109, max=69709k, avg=37439.90, stdev=257177.57
    clat percentiles (usec):
     |  1.00th=[    494],  5.00th=[    553], 10.00th=[    635],
     | 20.00th=[   1729], 30.00th=[   2769], 40.00th=[   3851],
     | 50.00th=[   5145], 60.00th=[   7046], 70.00th=[  11600],
     | 80.00th=[  44827], 90.00th=[ 119014], 95.00th=[ 212861],
     | 99.00th=[ 379585], 99.50th=[ 434111], 99.90th=[ 574620],
     | 99.95th=[ 666895], 99.99th=[1052771]
   bw (  KiB/s): min=  297, max=2252880, per=100.00%, avg=387896.67, stdev=113272.60, samples=75771
   iops        : min=    0, max= 8340, avg=2003.19, stdev=178.27, samples=75771
  write: IOPS=1036, BW=348MiB/s (365MB/s)(2210GiB/6501459msec); 0 zone resets
    slat (nsec): min=1259, max=48927k, avg=65118.05, stdev=103066.61
    clat (nsec): min=891, max=69273M, avg=83640655.07, stdev=158879621.12
     lat (usec): min=185, max=69273k, avg=83705.77, stdev=158872.14
    clat percentiles (usec):
     |  1.00th=[    237],  5.00th=[    367], 10.00th=[    816],
     | 20.00th=[   1991], 30.00th=[   3392], 40.00th=[   4686],
     | 50.00th=[   6259], 60.00th=[   8848], 70.00th=[  19792],
     | 80.00th=[ 193987], 90.00th=[ 263193], 95.00th=[ 429917],
     | 99.00th=[ 641729], 99.50th=[ 717226], 99.90th=[ 985662],
     | 99.95th=[1216349], 99.99th=[1937769]
   bw (  KiB/s): min= 1642, max=2137544, per=100.00%, avg=396151.10, stdev=115009.41, samples=72113
   iops        : min=    5, max= 4496, avg=1119.16, stdev=144.02, samples=72113
  lat (nsec)   : 1000=0.01%
  lat (usec)   : 2=0.01%, 4=0.01%, 10=0.01%, 20=0.01%, 50=0.01%
  lat (usec)   : 100=0.01%, 250=0.86%, 500=2.41%, 750=7.82%, 1000=2.30%
  lat (msec)   : 2=8.30%, 4=17.39%, 10=27.04%, 20=7.00%, 50=4.63%
  lat (msec)   : 100=5.58%, 250=10.58%, 500=4.80%, 750=1.15%, 1000=0.11%
  lat (msec)   : 2000=0.04%, >=2000=0.01%
  cpu          : usr=0.37%, sys=1.91%, ctx=15995533, majf=0, minf=165
  IO depths    : 1=0.1%, 2=0.1%, 4=0.1%, 8=0.1%, 16=23.1%, 32=76.9%, >=64=0.0%
     submit    : 0=0.0%, 4=100.0%, 8=0.0%, 16=0.0%, 32=0.0%, 64=0.0%, >=64=0.0%
     complete  : 0=0.0%, 4=100.0%, 8=0.0%, 16=0.0%, 32=0.0%, 64=0.0%, >=64=0.0%
     issued rwts: total=12719422,6738313,0,0 short=0,0,0,0 dropped=0,0,0,0
     latency   : target=0, window=0, percentile=100.00%, depth=16

Run status group 0 (all jobs):
   READ: bw=351MiB/s (368MB/s), 351MiB/s-351MiB/s (368MB/s-368MB/s), io=2229GiB (2394GB), run=6501459-6501459msec
  WRITE: bw=348MiB/s (365MB/s), 348MiB/s-348MiB/s (365MB/s-365MB/s), io=2210GiB (2373GB), run=6501459-6501459msec

randrw_4k: (groupid=0, jobs=6): err= 0: pid=28486: Sat Aug 29 03:09:19 2026
  read: IOPS=1958, BW=352MiB/s (369MB/s)(2256GiB/6561459msec)
    slat (nsec): min=1151, max=19581k, avg=28054.34, stdev=54504.79
    clat (usec): min=2, max=69709k, avg=37429.47, stdev=255988.59
     lat (usec): min=109, max=69709k, avg=37457.52, stdev=255987.96
    clat percentiles (usec):
     |  1.00th=[    494],  5.00th=[    553], 10.00th=[    635],
     | 20.00th=[   1729], 30.00th=[   2769], 40.00th=[   3851],
     | 50.00th=[   5145], 60.00th=[   7046], 70.00th=[  11600],
     | 80.00th=[  44827], 90.00th=[ 119014], 95.00th=[ 212861],
     | 99.00th=[ 379585], 99.50th=[ 434111], 99.90th=[ 574620],
     | 99.95th=[ 666895], 99.99th=[1052771]
   bw (  KiB/s): min=  297, max=2252880, per=100.00%, avg=388983.91, stdev=113343.52, samples=76476
   iops        : min=    0, max= 8340, avg=2005.28, stdev=178.25, samples=76476
  write: IOPS=1037, BW=349MiB/s (366MB/s)(2237GiB/6561459msec); 0 zone resets
    slat (nsec): min=1259, max=48927k, avg=65168.38, stdev=102877.66
    clat (nsec): min=891, max=69273M, avg=83400358.01, stdev=158799792.26
     lat (usec): min=185, max=69273k, avg=83465.53, stdev=158792.30
    clat percentiles (usec):
     |  1.00th=[    237],  5.00th=[    367], 10.00th=[    824],
     | 20.00th=[   1991], 30.00th=[   3359], 40.00th=[   4686],
     | 50.00th=[   6194], 60.00th=[   8717], 70.00th=[  18744],
     | 80.00th=[ 193987], 90.00th=[ 265290], 95.00th=[ 434111],
     | 99.00th=[ 641729], 99.50th=[ 708838], 99.90th=[ 977273],
     | 99.95th=[1216349], 99.99th=[1937769]
   bw (  KiB/s): min= 1642, max=2137544, per=100.00%, avg=397452.64, stdev=115052.71, samples=72776
   iops        : min=    5, max= 4496, avg=1120.88, stdev=144.15, samples=72776
  lat (nsec)   : 1000=0.01%
  lat (usec)   : 2=0.01%, 4=0.01%, 10=0.01%, 20=0.01%, 50=0.01%
  lat (usec)   : 100=0.01%, 250=0.85%, 500=2.41%, 750=7.80%, 1000=2.30%
  lat (msec)   : 2=8.31%, 4=17.42%, 10=27.08%, 20=6.98%, 50=4.62%
  lat (msec)   : 100=5.58%, 250=10.54%, 500=4.80%, 750=1.16%, 1000=0.11%
  lat (msec)   : 2000=0.03%, >=2000=0.01%
  cpu          : usr=0.37%, sys=1.92%, ctx=16161158, majf=0, minf=165
  IO depths    : 1=0.1%, 2=0.1%, 4=0.1%, 8=0.1%, 16=23.1%, 32=76.9%, >=64=0.0%
     submit    : 0=0.0%, 4=100.0%, 8=0.0%, 16=0.0%, 32=0.0%, 64=0.0%, >=64=0.0%
     complete  : 0=0.0%, 4=100.0%, 8=0.0%, 16=0.0%, 32=0.0%, 64=0.0%, >=64=0.0%
     issued rwts: total=12850446,6810687,0,0 short=0,0,0,0 dropped=0,0,0,0
     latency   : target=0, window=0, percentile=100.00%, depth=16

Run status group 0 (all jobs):
   READ: bw=352MiB/s (369MB/s), 352MiB/s-352MiB/s (369MB/s-369MB/s), io=2256GiB (2423GB), run=6561459-6561459msec
  WRITE: bw=349MiB/s (366MB/s), 349MiB/s-349MiB/s (366MB/s-366MB/s), io=2237GiB (2402GB), run=6561459-6561459msec

randrw_4k: (groupid=0, jobs=6): err= 0: pid=28486: Sat Aug 29 03:10:20 2026
  read: IOPS=1960, BW=353MiB/s (370MB/s)(2284GiB/6621458msec)
    slat (nsec): min=1151, max=19581k, avg=28089.80, stdev=54454.55
    clat (usec): min=2, max=69709k, avg=37455.71, stdev=254805.62
     lat (usec): min=109, max=69709k, avg=37483.80, stdev=254804.98
    clat percentiles (usec):
     |  1.00th=[    494],  5.00th=[    553], 10.00th=[    635],
     | 20.00th=[   1729], 30.00th=[   2769], 40.00th=[   3851],
     | 50.00th=[   5145], 60.00th=[   7046], 70.00th=[  11600],
     | 80.00th=[  44827], 90.00th=[ 120062], 95.00th=[ 212861],
     | 99.00th=[ 379585], 99.50th=[ 434111], 99.90th=[ 574620],
     | 99.95th=[ 666895], 99.99th=[1044382]
   bw (  KiB/s): min=  297, max=2252880, per=100.00%, avg=390228.06, stdev=113362.49, samples=77183
   iops        : min=    0, max= 8340, avg=2007.49, stdev=178.23, samples=77183
  write: IOPS=1039, BW=350MiB/s (367MB/s)(2264GiB/6621458msec); 0 zone resets
    slat (nsec): min=1259, max=48927k, avg=65229.29, stdev=102700.11
    clat (nsec): min=891, max=69273M, avg=83153672.21, stdev=158692220.36
     lat (usec): min=185, max=69273k, avg=83218.90, stdev=158684.71
    clat percentiles (usec):
     |  1.00th=[    237],  5.00th=[    367], 10.00th=[    824],
     | 20.00th=[   1975], 30.00th=[   3359], 40.00th=[   4686],
     | 50.00th=[   6194], 60.00th=[   8717], 70.00th=[  17957],
     | 80.00th=[ 193987], 90.00th=[ 265290], 95.00th=[ 434111],
     | 99.00th=[ 641729], 99.50th=[ 708838], 99.90th=[ 977273],
     | 99.95th=[1199571], 99.99th=[1920992]
   bw (  KiB/s): min= 1642, max=2137544, per=100.00%, avg=398725.80, stdev=115064.36, samples=73440
   iops        : min=    5, max= 4496, avg=1122.61, stdev=144.25, samples=73440
  lat (nsec)   : 1000=0.01%
  lat (usec)   : 2=0.01%, 4=0.01%, 10=0.01%, 20=0.01%, 50=0.01%
  lat (usec)   : 100=0.01%, 250=0.85%, 500=2.41%, 750=7.78%, 1000=2.30%
  lat (msec)   : 2=8.32%, 4=17.46%, 10=27.11%, 20=6.96%, 50=4.61%
  lat (msec)   : 100=5.58%, 250=10.51%, 500=4.80%, 750=1.16%, 1000=0.11%
  lat (msec)   : 2000=0.03%, >=2000=0.01%
  cpu          : usr=0.37%, sys=1.92%, ctx=16327248, majf=0, minf=165
  IO depths    : 1=0.1%, 2=0.1%, 4=0.1%, 8=0.1%, 16=23.1%, 32=76.9%, >=64=0.0%
     submit    : 0=0.0%, 4=100.0%, 8=0.0%, 16=0.0%, 32=0.0%, 64=0.0%, >=64=0.0%
     complete  : 0=0.0%, 4=100.0%, 8=0.0%, 16=0.0%, 32=0.0%, 64=0.0%, >=64=0.0%
     issued rwts: total=12982435,6883321,0,0 short=0,0,0,0 dropped=0,0,0,0
     latency   : target=0, window=0, percentile=100.00%, depth=16

Run status group 0 (all jobs):
   READ: bw=353MiB/s (370MB/s), 353MiB/s-353MiB/s (370MB/s-370MB/s), io=2284GiB (2452GB), run=6621458-6621458msec
  WRITE: bw=350MiB/s (367MB/s), 350MiB/s-350MiB/s (367MB/s-367MB/s), io=2264GiB (2431GB), run=6621458-6621458msec

randrw_4k: (groupid=0, jobs=6): err= 0: pid=28486: Sat Aug 29 03:11:20 2026
  read: IOPS=1962, BW=354MiB/s (371MB/s)(2311GiB/6681459msec)
    slat (nsec): min=1151, max=19581k, avg=28123.20, stdev=54405.79
    clat (usec): min=2, max=69709k, avg=37482.81, stdev=253649.31
     lat (usec): min=109, max=69709k, avg=37510.94, stdev=253648.66
    clat percentiles (usec):
     |  1.00th=[    494],  5.00th=[    553], 10.00th=[    635],
     | 20.00th=[   1729], 30.00th=[   2769], 40.00th=[   3851],
     | 50.00th=[   5145], 60.00th=[   7046], 70.00th=[  11600],
     | 80.00th=[  45351], 90.00th=[ 120062], 95.00th=[ 212861],
     | 99.00th=[ 379585], 99.50th=[ 434111], 99.90th=[ 574620],
     | 99.95th=[ 666895], 99.99th=[1044382]
   bw (  KiB/s): min=  297, max=2252880, per=100.00%, avg=391341.85, stdev=113334.70, samples=77889
   iops        : min=    0, max= 8340, avg=2009.58, stdev=178.15, samples=77889
  write: IOPS=1040, BW=351MiB/s (368MB/s)(2291GiB/6681459msec); 0 zone resets
    slat (nsec): min=1259, max=48927k, avg=65299.67, stdev=102536.12
    clat (nsec): min=891, max=69273M, avg=82914288.33, stdev=158600627.27
     lat (usec): min=185, max=69273k, avg=82979.59, stdev=158593.11
    clat percentiles (usec):
     |  1.00th=[    237],  5.00th=[    367], 10.00th=[    824],
     | 20.00th=[   1975], 30.00th=[   3359], 40.00th=[   4621],
     | 50.00th=[   6128], 60.00th=[   8586], 70.00th=[  17171],
     | 80.00th=[ 193987], 90.00th=[ 265290], 95.00th=[ 434111],
     | 99.00th=[ 641729], 99.50th=[ 708838], 99.90th=[ 977273],
     | 99.95th=[1199571], 99.99th=[1920992]
   bw (  KiB/s): min= 1642, max=2137544, per=100.00%, avg=399859.43, stdev=115021.70, samples=74116
   iops        : min=    5, max= 4496, avg=1123.96, stdev=144.30, samples=74116
  lat (nsec)   : 1000=0.01%
  lat (usec)   : 2=0.01%, 4=0.01%, 10=0.01%, 20=0.01%, 50=0.01%
  lat (usec)   : 100=0.01%, 250=0.85%, 500=2.41%, 750=7.76%, 1000=2.30%
  lat (msec)   : 2=8.33%, 4=17.49%, 10=27.14%, 20=6.95%, 50=4.60%
  lat (msec)   : 100=5.58%, 250=10.48%, 500=4.80%, 750=1.16%, 1000=0.11%
  lat (msec)   : 2000=0.03%, >=2000=0.01%
  cpu          : usr=0.37%, sys=1.92%, ctx=16492941, majf=0, minf=165
  IO depths    : 1=0.1%, 2=0.1%, 4=0.1%, 8=0.1%, 16=23.2%, 32=76.8%, >=64=0.0%
     submit    : 0=0.0%, 4=100.0%, 8=0.0%, 16=0.0%, 32=0.0%, 64=0.0%, >=64=0.0%
     complete  : 0=0.0%, 4=100.0%, 8=0.0%, 16=0.0%, 32=0.0%, 64=0.0%, >=64=0.0%
     issued rwts: total=13114078,6954907,0,0 short=0,0,0,0 dropped=0,0,0,0
     latency   : target=0, window=0, percentile=100.00%, depth=16

Run status group 0 (all jobs):
   READ: bw=354MiB/s (371MB/s), 354MiB/s-354MiB/s (371MB/s-371MB/s), io=2311GiB (2482GB), run=6681459-6681459msec
  WRITE: bw=351MiB/s (368MB/s), 351MiB/s-351MiB/s (368MB/s-368MB/s), io=2291GiB (2460GB), run=6681459-6681459msec

randrw_4k: (groupid=0, jobs=6): err= 0: pid=28486: Sat Aug 29 03:12:19 2026
  read: IOPS=1965, BW=355MiB/s (372MB/s)(2338GiB/6741459msec)
    slat (nsec): min=1151, max=19581k, avg=28153.22, stdev=54358.03
    clat (usec): min=2, max=69709k, avg=37500.97, stdev=252502.07
     lat (usec): min=109, max=69709k, avg=37529.13, stdev=252501.42
    clat percentiles (usec):
     |  1.00th=[    494],  5.00th=[    553], 10.00th=[    644],
     | 20.00th=[   1745], 30.00th=[   2769], 40.00th=[   3851],
     | 50.00th=[   5145], 60.00th=[   7046], 70.00th=[  11600],
     | 80.00th=[  45351], 90.00th=[ 120062], 95.00th=[ 212861],
     | 99.00th=[ 379585], 99.50th=[ 434111], 99.90th=[ 574620],
     | 99.95th=[ 666895], 99.99th=[1035994]
   bw (  KiB/s): min=  297, max=2252880, per=100.00%, avg=392551.00, stdev=113387.91, samples=78592
   iops        : min=    0, max= 8340, avg=2011.95, stdev=178.25, samples=78592
  write: IOPS=1042, BW=352MiB/s (369MB/s)(2317GiB/6741459msec); 0 zone resets
    slat (nsec): min=1259, max=48927k, avg=65364.83, stdev=102381.00
    clat (nsec): min=891, max=69273M, avg=82681240.65, stdev=158515526.14
     lat (usec): min=185, max=69273k, avg=82746.61, stdev=158507.99
    clat percentiles (usec):
     |  1.00th=[    237],  5.00th=[    367], 10.00th=[    824],
     | 20.00th=[   1975], 30.00th=[   3359], 40.00th=[   4621],
     | 50.00th=[   6128], 60.00th=[   8586], 70.00th=[  16581],
     | 80.00th=[ 193987], 90.00th=[ 265290], 95.00th=[ 434111],
     | 99.00th=[ 641729], 99.50th=[ 708838], 99.90th=[ 968885],
     | 99.95th=[1199571], 99.99th=[1920992]
   bw (  KiB/s): min= 1642, max=2137544, per=100.00%, avg=401148.11, stdev=115067.68, samples=74761
   iops        : min=    5, max= 4496, avg=1125.84, stdev=144.44, samples=74761
  lat (nsec)   : 1000=0.01%
  lat (usec)   : 2=0.01%, 4=0.01%, 10=0.01%, 20=0.01%, 50=0.01%
  lat (usec)   : 100=0.01%, 250=0.85%, 500=2.40%, 750=7.75%, 1000=2.30%
  lat (msec)   : 2=8.33%, 4=17.52%, 10=27.18%, 20=6.94%, 50=4.59%
  lat (msec)   : 100=5.58%, 250=10.44%, 500=4.80%, 750=1.16%, 1000=0.11%
  lat (msec)   : 2000=0.03%, >=2000=0.01%
  cpu          : usr=0.37%, sys=1.93%, ctx=16658886, majf=0, minf=165
  IO depths    : 1=0.1%, 2=0.1%, 4=0.1%, 8=0.1%, 16=23.2%, 32=76.8%, >=64=0.0%
     submit    : 0=0.0%, 4=100.0%, 8=0.0%, 16=0.0%, 32=0.0%, 64=0.0%, >=64=0.0%
     complete  : 0=0.0%, 4=100.0%, 8=0.0%, 16=0.0%, 32=0.0%, 64=0.0%, >=64=0.0%
     issued rwts: total=13247043,7026964,0,0 short=0,0,0,0 dropped=0,0,0,0
     latency   : target=0, window=0, percentile=100.00%, depth=16

Run status group 0 (all jobs):
   READ: bw=355MiB/s (372MB/s), 355MiB/s-355MiB/s (372MB/s-372MB/s), io=2338GiB (2511GB), run=6741459-6741459msec
  WRITE: bw=352MiB/s (369MB/s), 352MiB/s-352MiB/s (369MB/s-369MB/s), io=2317GiB (2488GB), run=6741459-6741459msec

randrw_4k: (groupid=0, jobs=6): err= 0: pid=28486: Sat Aug 29 03:13:19 2026
  read: IOPS=1967, BW=356MiB/s (373MB/s)(2365GiB/6801459msec)
    slat (nsec): min=1151, max=19581k, avg=28173.42, stdev=54299.76
    clat (usec): min=2, max=69709k, avg=37513.17, stdev=251386.39
     lat (usec): min=109, max=69709k, avg=37541.35, stdev=251385.73
    clat percentiles (usec):
     |  1.00th=[    494],  5.00th=[    553], 10.00th=[    644],
     | 20.00th=[   1745], 30.00th=[   2769], 40.00th=[   3851],
     | 50.00th=[   5145], 60.00th=[   7046], 70.00th=[  11600],
     | 80.00th=[  45351], 90.00th=[ 120062], 95.00th=[ 212861],
     | 99.00th=[ 379585], 99.50th=[ 434111], 99.90th=[ 574620],
     | 99.95th=[ 666895], 99.99th=[1035994]
   bw (  KiB/s): min=  297, max=2252880, per=100.00%, avg=393665.97, stdev=113422.81, samples=79292
   iops        : min=    0, max= 8340, avg=2014.05, stdev=178.38, samples=79292
  write: IOPS=1043, BW=353MiB/s (370MB/s)(2344GiB/6801459msec); 0 zone resets
    slat (nsec): min=1259, max=48927k, avg=65407.93, stdev=102209.21
    clat (nsec): min=891, max=69273M, avg=82477903.57, stdev=158492723.07
     lat (usec): min=185, max=69273k, avg=82543.31, stdev=158485.18
    clat percentiles (usec):
     |  1.00th=[    237],  5.00th=[    367], 10.00th=[    824],
     | 20.00th=[   1975], 30.00th=[   3326], 40.00th=[   4621],
     | 50.00th=[   6128], 60.00th=[   8455], 70.00th=[  16188],
     | 80.00th=[ 193987], 90.00th=[ 265290], 95.00th=[ 434111],
     | 99.00th=[ 641729], 99.50th=[ 708838], 99.90th=[ 968885],
     | 99.95th=[1199571], 99.99th=[1920992]
   bw (  KiB/s): min= 1642, max=2137544, per=100.00%, avg=402473.62, stdev=115129.89, samples=75367
   iops        : min=    5, max= 4496, avg=1128.20, stdev=144.59, samples=75367
  lat (nsec)   : 1000=0.01%
  lat (usec)   : 2=0.01%, 4=0.01%, 10=0.01%, 20=0.01%, 50=0.01%
  lat (usec)   : 100=0.01%, 250=0.85%, 500=2.40%, 750=7.74%, 1000=2.30%
  lat (msec)   : 2=8.34%, 4=17.55%, 10=27.22%, 20=6.92%, 50=4.58%
  lat (msec)   : 100=5.58%, 250=10.41%, 500=4.81%, 750=1.17%, 1000=0.11%
  lat (msec)   : 2000=0.03%, >=2000=0.01%
  cpu          : usr=0.37%, sys=1.93%, ctx=16824355, majf=0, minf=165
  IO depths    : 1=0.1%, 2=0.1%, 4=0.1%, 8=0.1%, 16=23.2%, 32=76.8%, >=64=0.0%
     submit    : 0=0.0%, 4=100.0%, 8=0.0%, 16=0.0%, 32=0.0%, 64=0.0%, >=64=0.0%
     complete  : 0=0.0%, 4=100.0%, 8=0.0%, 16=0.0%, 32=0.0%, 64=0.0%, >=64=0.0%
     issued rwts: total=13378478,7098628,0,0 short=0,0,0,0 dropped=0,0,0,0
     latency   : target=0, window=0, percentile=100.00%, depth=16

Run status group 0 (all jobs):
   READ: bw=356MiB/s (373MB/s), 356MiB/s-356MiB/s (373MB/s-373MB/s), io=2365GiB (2539GB), run=6801459-6801459msec
  WRITE: bw=353MiB/s (370MB/s), 353MiB/s-353MiB/s (370MB/s-370MB/s), io=2344GiB (2517GB), run=6801459-6801459msec

randrw_4k: (groupid=0, jobs=6): err= 0: pid=28486: Sat Aug 29 03:14:19 2026
  read: IOPS=1968, BW=357MiB/s (374MB/s)(2391GiB/6861459msec)
    slat (nsec): min=1151, max=19581k, avg=28196.49, stdev=54248.16
    clat (usec): min=2, max=69709k, avg=37534.72, stdev=250302.68
     lat (usec): min=109, max=69709k, avg=37562.92, stdev=250302.01
    clat percentiles (usec):
     |  1.00th=[    494],  5.00th=[    553], 10.00th=[    644],
     | 20.00th=[   1745], 30.00th=[   2769], 40.00th=[   3851],
     | 50.00th=[   5145], 60.00th=[   7046], 70.00th=[  11600],
     | 80.00th=[  45351], 90.00th=[ 120062], 95.00th=[ 212861],
     | 99.00th=[ 379585], 99.50th=[ 434111], 99.90th=[ 574620],
     | 99.95th=[ 658506], 99.99th=[1027605]
   bw (  KiB/s): min=  297, max=2252880, per=100.00%, avg=394775.11, stdev=113444.06, samples=79993
   iops        : min=    0, max= 8340, avg=2016.17, stdev=178.52, samples=79993
  write: IOPS=1045, BW=354MiB/s (371MB/s)(2370GiB/6861459msec); 0 zone resets
    slat (nsec): min=1259, max=48927k, avg=65447.92, stdev=102047.51
    clat (nsec): min=891, max=69273M, avg=82260384.98, stdev=158433425.16
     lat (usec): min=185, max=69273k, avg=82325.83, stdev=158425.89
    clat percentiles (usec):
     |  1.00th=[    237],  5.00th=[    367], 10.00th=[    824],
     | 20.00th=[   1975], 30.00th=[   3326], 40.00th=[   4621],
     | 50.00th=[   6063], 60.00th=[   8455], 70.00th=[  15795],
     | 80.00th=[ 191890], 90.00th=[ 265290], 95.00th=[ 434111],
     | 99.00th=[ 641729], 99.50th=[ 708838], 99.90th=[ 960496],
     | 99.95th=[1199571], 99.99th=[1920992]
   bw (  KiB/s): min= 1642, max=2137544, per=100.00%, avg=403653.49, stdev=115166.49, samples=75998
   iops        : min=    5, max= 4496, avg=1130.14, stdev=144.75, samples=75998
  lat (nsec)   : 1000=0.01%
  lat (usec)   : 2=0.01%, 4=0.01%, 10=0.01%, 20=0.01%, 50=0.01%
  lat (usec)   : 100=0.01%, 250=0.85%, 500=2.40%, 750=7.72%, 1000=2.30%
  lat (msec)   : 2=8.35%, 4=17.59%, 10=27.26%, 20=6.91%, 50=4.56%
  lat (msec)   : 100=5.57%, 250=10.36%, 500=4.81%, 750=1.17%, 1000=0.11%
  lat (msec)   : 2000=0.03%, >=2000=0.01%
  cpu          : usr=0.37%, sys=1.94%, ctx=16989163, majf=0, minf=165
  IO depths    : 1=0.1%, 2=0.1%, 4=0.1%, 8=0.1%, 16=23.3%, 32=76.7%, >=64=0.0%
     submit    : 0=0.0%, 4=100.0%, 8=0.0%, 16=0.0%, 32=0.0%, 64=0.0%, >=64=0.0%
     complete  : 0=0.0%, 4=100.0%, 8=0.0%, 16=0.0%, 32=0.0%, 64=0.0%, >=64=0.0%
     issued rwts: total=13509942,7170241,0,0 short=0,0,0,0 dropped=0,0,0,0
     latency   : target=0, window=0, percentile=100.00%, depth=16

Run status group 0 (all jobs):
   READ: bw=357MiB/s (374MB/s), 357MiB/s-357MiB/s (374MB/s-374MB/s), io=2391GiB (2567GB), run=6861459-6861459msec
  WRITE: bw=354MiB/s (371MB/s), 354MiB/s-354MiB/s (371MB/s-371MB/s), io=2370GiB (2544GB), run=6861459-6861459msec

randrw_4k: (groupid=0, jobs=6): err= 0: pid=28486: Sat Aug 29 03:15:20 2026
  read: IOPS=1970, BW=358MiB/s (375MB/s)(2418GiB/6921459msec)
    slat (nsec): min=1151, max=19581k, avg=28229.33, stdev=54203.93
    clat (usec): min=2, max=69709k, avg=37559.53, stdev=249190.38
     lat (usec): min=109, max=69709k, avg=37587.76, stdev=249189.70
    clat percentiles (usec):
     |  1.00th=[    494],  5.00th=[    553], 10.00th=[    644],
     | 20.00th=[   1745], 30.00th=[   2769], 40.00th=[   3851],
     | 50.00th=[   5145], 60.00th=[   7046], 70.00th=[  11600],
     | 80.00th=[  45876], 90.00th=[ 120062], 95.00th=[ 212861],
     | 99.00th=[ 379585], 99.50th=[ 434111], 99.90th=[ 574620],
     | 99.95th=[ 658506], 99.99th=[1027605]
   bw (  KiB/s): min=  297, max=2252880, per=100.00%, avg=395903.56, stdev=113387.60, samples=80701
   iops        : min=    0, max= 8340, avg=2018.10, stdev=178.40, samples=80701
  write: IOPS=1046, BW=355MiB/s (372MB/s)(2398GiB/6921459msec); 0 zone resets
    slat (nsec): min=1259, max=48927k, avg=65520.98, stdev=101893.42
    clat (nsec): min=891, max=69273M, avg=82033450.53, stdev=158305983.08
     lat (usec): min=185, max=69273k, avg=82098.97, stdev=158298.42
    clat percentiles (usec):
     |  1.00th=[    237],  5.00th=[    367], 10.00th=[    824],
     | 20.00th=[   1958], 30.00th=[   3326], 40.00th=[   4621],
     | 50.00th=[   6063], 60.00th=[   8455], 70.00th=[  15401],
     | 80.00th=[ 191890], 90.00th=[ 265290], 95.00th=[ 434111],
     | 99.00th=[ 641729], 99.50th=[ 708838], 99.90th=[ 960496],
     | 99.95th=[1199571], 99.99th=[1904215]
   bw (  KiB/s): min= 1642, max=2137544, per=100.00%, avg=404854.35, stdev=115178.99, samples=76663
   iops        : min=    5, max= 4496, avg=1131.75, stdev=144.81, samples=76663
  lat (nsec)   : 1000=0.01%
  lat (usec)   : 2=0.01%, 4=0.01%, 10=0.01%, 20=0.01%, 50=0.01%
  lat (usec)   : 100=0.01%, 250=0.84%, 500=2.40%, 750=7.70%, 1000=2.30%
  lat (msec)   : 2=8.36%, 4=17.61%, 10=27.28%, 20=6.90%, 50=4.56%
  lat (msec)   : 100=5.59%, 250=10.34%, 500=4.81%, 750=1.17%, 1000=0.10%
  lat (msec)   : 2000=0.03%, >=2000=0.01%
  cpu          : usr=0.37%, sys=1.94%, ctx=17155464, majf=0, minf=165
  IO depths    : 1=0.1%, 2=0.1%, 4=0.1%, 8=0.1%, 16=23.3%, 32=76.7%, >=64=0.0%
     submit    : 0=0.0%, 4=100.0%, 8=0.0%, 16=0.0%, 32=0.0%, 64=0.0%, >=64=0.0%
     complete  : 0=0.0%, 4=100.0%, 8=0.0%, 16=0.0%, 32=0.0%, 64=0.0%, >=64=0.0%
     issued rwts: total=13642090,7243192,0,0 short=0,0,0,0 dropped=0,0,0,0
     latency   : target=0, window=0, percentile=100.00%, depth=16

Run status group 0 (all jobs):
   READ: bw=358MiB/s (375MB/s), 358MiB/s-358MiB/s (375MB/s-375MB/s), io=2418GiB (2597GB), run=6921459-6921459msec
  WRITE: bw=355MiB/s (372MB/s), 355MiB/s-355MiB/s (372MB/s-372MB/s), io=2398GiB (2574GB), run=6921459-6921459msec

randrw_4k: (groupid=0, jobs=6): err= 0: pid=28486: Sat Aug 29 03:16:19 2026
  read: IOPS=1972, BW=359MiB/s (376MB/s)(2445GiB/6981459msec)
    slat (nsec): min=1151, max=19581k, avg=28254.87, stdev=54153.36
    clat (usec): min=2, max=69709k, avg=37574.59, stdev=248109.39
     lat (usec): min=109, max=69709k, avg=37602.85, stdev=248108.71
    clat percentiles (usec):
     |  1.00th=[    494],  5.00th=[    553], 10.00th=[    644],
     | 20.00th=[   1762], 30.00th=[   2769], 40.00th=[   3851],
     | 50.00th=[   5145], 60.00th=[   7046], 70.00th=[  11600],
     | 80.00th=[  45876], 90.00th=[ 121111], 95.00th=[ 212861],
     | 99.00th=[ 379585], 99.50th=[ 434111], 99.90th=[ 574620],
     | 99.95th=[ 658506], 99.99th=[1019216]
   bw (  KiB/s): min=  297, max=2252880, per=100.00%, avg=396983.52, stdev=113382.97, samples=81399
   iops        : min=    0, max= 8340, avg=2019.92, stdev=178.43, samples=81399
  write: IOPS=1047, BW=356MiB/s (373MB/s)(2425GiB/6981459msec); 0 zone resets
    slat (nsec): min=1259, max=48927k, avg=65569.44, stdev=101727.68
    clat (nsec): min=891, max=69273M, avg=81833518.34, stdev=158240248.17
     lat (usec): min=185, max=69273k, avg=81899.09, stdev=158232.68
    clat percentiles (usec):
     |  1.00th=[    237],  5.00th=[    367], 10.00th=[    824],
     | 20.00th=[   1958], 30.00th=[   3326], 40.00th=[   4555],
     | 50.00th=[   6063], 60.00th=[   8356], 70.00th=[  15139],
     | 80.00th=[ 191890], 90.00th=[ 265290], 95.00th=[ 434111],
     | 99.00th=[ 641729], 99.50th=[ 708838], 99.90th=[ 960496],
     | 99.95th=[1182794], 99.99th=[1904215]
   bw (  KiB/s): min= 1641, max=2137544, per=100.00%, avg=405950.56, stdev=115214.38, samples=77307
   iops        : min=    4, max= 4496, avg=1133.33, stdev=144.91, samples=77307
  lat (nsec)   : 1000=0.01%
  lat (usec)   : 2=0.01%, 4=0.01%, 10=0.01%, 20=0.01%, 50=0.01%
  lat (usec)   : 100=0.01%, 250=0.84%, 500=2.39%, 750=7.68%, 1000=2.30%
  lat (msec)   : 2=8.37%, 4=17.63%, 10=27.31%, 20=6.89%, 50=4.56%
  lat (msec)   : 100=5.59%, 250=10.31%, 500=4.81%, 750=1.17%, 1000=0.10%
  lat (msec)   : 2000=0.03%, >=2000=0.01%
  cpu          : usr=0.37%, sys=1.95%, ctx=17320606, majf=0, minf=165
  IO depths    : 1=0.1%, 2=0.1%, 4=0.1%, 8=0.1%, 16=23.3%, 32=76.7%, >=64=0.0%
     submit    : 0=0.0%, 4=100.0%, 8=0.0%, 16=0.0%, 32=0.0%, 64=0.0%, >=64=0.0%
     complete  : 0=0.0%, 4=100.0%, 8=0.0%, 16=0.0%, 32=0.0%, 64=0.0%, >=64=0.0%
     issued rwts: total=13773167,7315279,0,0 short=0,0,0,0 dropped=0,0,0,0
     latency   : target=0, window=0, percentile=100.00%, depth=16

Run status group 0 (all jobs):
   READ: bw=359MiB/s (376MB/s), 359MiB/s-359MiB/s (376MB/s-376MB/s), io=2445GiB (2626GB), run=6981459-6981459msec
  WRITE: bw=356MiB/s (373MB/s), 356MiB/s-356MiB/s (373MB/s-373MB/s), io=2425GiB (2603GB), run=6981459-6981459msec

randrw_4k: (groupid=0, jobs=6): err= 0: pid=28486: Sat Aug 29 03:17:19 2026
  read: IOPS=1974, BW=359MiB/s (377MB/s)(2472GiB/7041458msec)
    slat (nsec): min=1151, max=19581k, avg=28276.00, stdev=54104.48
    clat (usec): min=2, max=69709k, avg=37591.31, stdev=247064.02
     lat (usec): min=109, max=69709k, avg=37619.59, stdev=247063.33
    clat percentiles (usec):
     |  1.00th=[    494],  5.00th=[    553], 10.00th=[    644],
     | 20.00th=[   1762], 30.00th=[   2769], 40.00th=[   3851],
     | 50.00th=[   5145], 60.00th=[   7046], 70.00th=[  11600],
     | 80.00th=[  45876], 90.00th=[ 121111], 95.00th=[ 212861],
     | 99.00th=[ 379585], 99.50th=[ 434111], 99.90th=[ 574620],
     | 99.95th=[ 658506], 99.99th=[1019216]
   bw (  KiB/s): min=  297, max=2252880, per=100.00%, avg=397948.64, stdev=113385.45, samples=82105
   iops        : min=    0, max= 8340, avg=2021.92, stdev=178.44, samples=82105
  write: IOPS=1049, BW=356MiB/s (374MB/s)(2451GiB/7041458msec); 0 zone resets
    slat (nsec): min=1259, max=48927k, avg=65607.99, stdev=101571.01
    clat (nsec): min=891, max=69273M, avg=81632107.05, stdev=158182288.47
     lat (usec): min=185, max=69273k, avg=81697.72, stdev=158174.72
    clat percentiles (usec):
     |  1.00th=[    237],  5.00th=[    371], 10.00th=[    824],
     | 20.00th=[   1958], 30.00th=[   3294], 40.00th=[   4555],
     | 50.00th=[   5997], 60.00th=[   8356], 70.00th=[  14877],
     | 80.00th=[ 191890], 90.00th=[ 265290], 95.00th=[ 434111],
     | 99.00th=[ 641729], 99.50th=[ 708838], 99.90th=[ 960496],
     | 99.95th=[1182794], 99.99th=[1904215]
   bw (  KiB/s): min= 1641, max=2137544, per=100.00%, avg=407066.09, stdev=115211.66, samples=77953
   iops        : min=    4, max= 4496, avg=1135.08, stdev=144.99, samples=77953
  lat (nsec)   : 1000=0.01%
  lat (usec)   : 2=0.01%, 4=0.01%, 10=0.01%, 20=0.01%, 50=0.01%
  lat (usec)   : 100=0.01%, 250=0.84%, 500=2.39%, 750=7.67%, 1000=2.30%
  lat (msec)   : 2=8.37%, 4=17.66%, 10=27.35%, 20=6.87%, 50=4.55%
  lat (msec)   : 100=5.59%, 250=10.27%, 500=4.82%, 750=1.18%, 1000=0.10%
  lat (msec)   : 2000=0.03%, >=2000=0.01%
  cpu          : usr=0.37%, sys=1.95%, ctx=17486029, majf=0, minf=165
  IO depths    : 1=0.1%, 2=0.1%, 4=0.1%, 8=0.1%, 16=23.4%, 32=76.6%, >=64=0.0%
     submit    : 0=0.0%, 4=100.0%, 8=0.0%, 16=0.0%, 32=0.0%, 64=0.0%, >=64=0.0%
     complete  : 0=0.0%, 4=100.0%, 8=0.0%, 16=0.0%, 32=0.0%, 64=0.0%, >=64=0.0%
     issued rwts: total=13904688,7386966,0,0 short=0,0,0,0 dropped=0,0,0,0
     latency   : target=0, window=0, percentile=100.00%, depth=16

Run status group 0 (all jobs):
   READ: bw=359MiB/s (377MB/s), 359MiB/s-359MiB/s (377MB/s-377MB/s), io=2472GiB (2654GB), run=7041458-7041458msec
  WRITE: bw=356MiB/s (374MB/s), 356MiB/s-356MiB/s (374MB/s-374MB/s), io=2451GiB (2631GB), run=7041458-7041458msec

randrw_4k: (groupid=0, jobs=6): err= 0: pid=28486: Sat Aug 29 03:18:19 2026
  read: IOPS=1976, BW=360MiB/s (378MB/s)(2498GiB/7101459msec)
    slat (nsec): min=1151, max=19581k, avg=28293.70, stdev=54049.74
    clat (usec): min=2, max=69709k, avg=37620.57, stdev=246052.99
     lat (usec): min=109, max=69709k, avg=37648.86, stdev=246052.29
    clat percentiles (usec):
     |  1.00th=[    494],  5.00th=[    553], 10.00th=[    644],
     | 20.00th=[   1762], 30.00th=[   2802], 40.00th=[   3851],
     | 50.00th=[   5145], 60.00th=[   7046], 70.00th=[  11600],
     | 80.00th=[  45876], 90.00th=[ 121111], 95.00th=[ 212861],
     | 99.00th=[ 379585], 99.50th=[ 434111], 99.90th=[ 574620],
     | 99.95th=[ 658506], 99.99th=[1019216]
   bw (  KiB/s): min=  297, max=2252880, per=100.00%, avg=398753.91, stdev=113305.60, samples=82815
   iops        : min=    0, max= 8340, avg=2023.57, stdev=178.37, samples=82815
  write: IOPS=1050, BW=357MiB/s (375MB/s)(2477GiB/7101459msec); 0 zone resets
    slat (nsec): min=1259, max=48927k, avg=65635.95, stdev=101405.70
    clat (nsec): min=891, max=69273M, avg=81416128.66, stdev=158100047.33
     lat (usec): min=185, max=69273k, avg=81481.77, stdev=158092.47
    clat percentiles (usec):
     |  1.00th=[    237],  5.00th=[    371], 10.00th=[    824],
     | 20.00th=[   1958], 30.00th=[   3294], 40.00th=[   4555],
     | 50.00th=[   5997], 60.00th=[   8291], 70.00th=[  14615],
     | 80.00th=[ 191890], 90.00th=[ 267387], 95.00th=[ 434111],
     | 99.00th=[ 641729], 99.50th=[ 708838], 99.90th=[ 960496],
     | 99.95th=[1182794], 99.99th=[1904215]
   bw (  KiB/s): min= 1641, max=2137544, per=100.00%, avg=407899.65, stdev=115145.24, samples=78618
   iops        : min=    4, max= 4496, avg=1136.41, stdev=145.00, samples=78618
  lat (nsec)   : 1000=0.01%
  lat (usec)   : 2=0.01%, 4=0.01%, 10=0.01%, 20=0.01%, 50=0.01%
  lat (usec)   : 100=0.01%, 250=0.84%, 500=2.39%, 750=7.66%, 1000=2.30%
  lat (msec)   : 2=8.38%, 4=17.70%, 10=27.37%, 20=6.86%, 50=4.54%
  lat (msec)   : 100=5.59%, 250=10.23%, 500=4.82%, 750=1.18%, 1000=0.10%
  lat (msec)   : 2000=0.03%, >=2000=0.01%
  cpu          : usr=0.37%, sys=1.95%, ctx=17651688, majf=0, minf=165
  IO depths    : 1=0.1%, 2=0.1%, 4=0.1%, 8=0.1%, 16=23.4%, 32=76.6%, >=64=0.0%
     submit    : 0=0.0%, 4=100.0%, 8=0.0%, 16=0.0%, 32=0.0%, 64=0.0%, >=64=0.0%
     complete  : 0=0.0%, 4=100.0%, 8=0.0%, 16=0.0%, 32=0.0%, 64=0.0%, >=64=0.0%
     issued rwts: total=14035591,7458690,0,0 short=0,0,0,0 dropped=0,0,0,0
     latency   : target=0, window=0, percentile=100.00%, depth=16

Run status group 0 (all jobs):
   READ: bw=360MiB/s (378MB/s), 360MiB/s-360MiB/s (378MB/s-378MB/s), io=2498GiB (2682GB), run=7101459-7101459msec
  WRITE: bw=357MiB/s (375MB/s), 357MiB/s-357MiB/s (375MB/s-375MB/s), io=2477GiB (2660GB), run=7101459-7101459msec

randrw_4k: (groupid=0, jobs=6): err= 0: pid=28486: Sat Aug 29 03:19:19 2026
  read: IOPS=1978, BW=360MiB/s (378MB/s)(2519GiB/7161458msec)
    slat (nsec): min=1151, max=19581k, avg=28254.89, stdev=53956.41
    clat (usec): min=2, max=69709k, avg=37757.01, stdev=245072.94
     lat (usec): min=109, max=69709k, avg=37785.26, stdev=245072.25
    clat percentiles (usec):
     |  1.00th=[    494],  5.00th=[    553], 10.00th=[    644],
     | 20.00th=[   1745], 30.00th=[   2769], 40.00th=[   3851],
     | 50.00th=[   5145], 60.00th=[   7046], 70.00th=[  11731],
     | 80.00th=[  46400], 90.00th=[ 122160], 95.00th=[ 214959],
     | 99.00th=[ 379585], 99.50th=[ 434111], 99.90th=[ 574620],
     | 99.95th=[ 658506], 99.99th=[1010828]
   bw (  KiB/s): min=  297, max=2252880, per=100.00%, avg=398595.42, stdev=113171.74, samples=83528
   iops        : min=    0, max= 8340, avg=2025.18, stdev=178.22, samples=83528
  write: IOPS=1051, BW=357MiB/s (374MB/s)(2498GiB/7161458msec); 0 zone resets
    slat (nsec): min=1259, max=48927k, avg=65554.97, stdev=101218.60
    clat (nsec): min=891, max=69273M, avg=81033952.42, stdev=157882778.55
     lat (usec): min=185, max=69273k, avg=81099.51, stdev=157875.27
    clat percentiles (usec):
     |  1.00th=[    235],  5.00th=[    363], 10.00th=[    807],
     | 20.00th=[   1926], 30.00th=[   3261], 40.00th=[   4490],
     | 50.00th=[   5932], 60.00th=[   8225], 70.00th=[  14222],
     | 80.00th=[ 189793], 90.00th=[ 265290], 95.00th=[ 434111],
     | 99.00th=[ 641729], 99.50th=[ 708838], 99.90th=[ 952108],
     | 99.95th=[1182794], 99.99th=[1887437]
   bw (  KiB/s): min= 1641, max=2137544, per=100.00%, avg=407830.05, stdev=115018.70, samples=79300
   iops        : min=    4, max= 4496, avg=1137.02, stdev=144.87, samples=79300
  lat (nsec)   : 1000=0.01%
  lat (usec)   : 2=0.01%, 4=0.01%, 10=0.01%, 20=0.01%, 50=0.01%
  lat (usec)   : 100=0.01%, 250=0.90%, 500=2.42%, 750=7.71%, 1000=2.31%
  lat (msec)   : 2=8.39%, 4=17.66%, 10=27.29%, 20=6.84%, 50=4.53%
  lat (msec)   : 100=5.59%, 250=10.22%, 500=4.83%, 750=1.18%, 1000=0.10%
  lat (msec)   : 2000=0.03%, >=2000=0.01%
  cpu          : usr=0.37%, sys=1.95%, ctx=17827832, majf=0, minf=165
  IO depths    : 1=0.1%, 2=0.1%, 4=0.1%, 8=0.1%, 16=23.4%, 32=76.6%, >=64=0.0%
     submit    : 0=0.0%, 4=100.0%, 8=0.0%, 16=0.0%, 32=0.0%, 64=0.0%, >=64=0.0%
     complete  : 0=0.0%, 4=100.0%, 8=0.0%, 16=0.0%, 32=0.0%, 64=0.0%, >=64=0.0%
     issued rwts: total=14167696,7527472,0,0 short=0,0,0,0 dropped=0,0,0,0
     latency   : target=0, window=0, percentile=100.00%, depth=16

Run status group 0 (all jobs):
   READ: bw=360MiB/s (378MB/s), 360MiB/s-360MiB/s (378MB/s-378MB/s), io=2519GiB (2704GB), run=7161458-7161458msec
  WRITE: bw=357MiB/s (374MB/s), 357MiB/s-357MiB/s (374MB/s-374MB/s), io=2498GiB (2682GB), run=7161458-7161458msec

randrw_4k: (groupid=0, jobs=6): err= 0: pid=28486: Sat Aug 29 03:20:19 2026
  read: IOPS=1981, BW=359MiB/s (376MB/s)(2528GiB/7221459msec)
    slat (nsec): min=1151, max=19581k, avg=28093.44, stdev=53773.40
    clat (usec): min=2, max=69709k, avg=38049.67, stdev=244121.99
     lat (usec): min=109, max=69709k, avg=38077.76, stdev=244121.31
    clat percentiles (usec):
     |  1.00th=[    490],  5.00th=[    545], 10.00th=[    627],
     | 20.00th=[   1696], 30.00th=[   2737], 40.00th=[   3818],
     | 50.00th=[   5145], 60.00th=[   7046], 70.00th=[  11731],
     | 80.00th=[  47449], 90.00th=[ 123208], 95.00th=[ 217056],
     | 99.00th=[ 379585], 99.50th=[ 434111], 99.90th=[ 574620],
     | 99.95th=[ 658506], 99.99th=[1010828]
   bw (  KiB/s): min=  297, max=2252880, per=100.00%, avg=396506.52, stdev=112990.02, samples=84248
   iops        : min=    0, max= 8340, avg=2027.86, stdev=178.11, samples=84248
  write: IOPS=1051, BW=356MiB/s (373MB/s)(2507GiB/7221459msec); 0 zone resets
    slat (nsec): min=1259, max=48927k, avg=65217.71, stdev=100964.14
    clat (nsec): min=891, max=69273M, avg=80330706.97, stdev=157369805.62
     lat (usec): min=185, max=69273k, avg=80395.92, stdev=157362.51
    clat percentiles (usec):
     |  1.00th=[    231],  5.00th=[    347], 10.00th=[    742],
     | 20.00th=[   1827], 30.00th=[   3195], 40.00th=[   4424],
     | 50.00th=[   5866], 60.00th=[   8094], 70.00th=[  13829],
     | 80.00th=[ 189793], 90.00th=[ 263193], 95.00th=[ 434111],
     | 99.00th=[ 633340], 99.50th=[ 708838], 99.90th=[ 952108],
     | 99.95th=[1182794], 99.99th=[1887437]
   bw (  KiB/s): min= 1641, max=2137544, per=100.00%, avg=405596.81, stdev=114825.67, samples=80020
   iops        : min=    4, max= 4496, avg=1136.66, stdev=144.57, samples=80020
  lat (nsec)   : 1000=0.01%
  lat (usec)   : 2=0.01%, 4=0.01%, 10=0.01%, 20=0.01%, 50=0.01%
  lat (usec)   : 100=0.01%, 250=1.09%, 500=2.54%, 750=7.90%, 1000=2.32%
  lat (msec)   : 2=8.36%, 4=17.51%, 10=27.04%, 20=6.78%, 50=4.51%
  lat (msec)   : 100=5.58%, 250=10.23%, 500=4.85%, 750=1.17%, 1000=0.10%
  lat (msec)   : 2000=0.03%, >=2000=0.01%
  cpu          : usr=0.37%, sys=1.94%, ctx=18032316, majf=0, minf=165
  IO depths    : 1=0.1%, 2=0.1%, 4=0.1%, 8=0.1%, 16=23.2%, 32=76.8%, >=64=0.0%
     submit    : 0=0.0%, 4=100.0%, 8=0.0%, 16=0.0%, 32=0.0%, 64=0.0%, >=64=0.0%
     complete  : 0=0.0%, 4=100.0%, 8=0.0%, 16=0.0%, 32=0.0%, 64=0.0%, >=64=0.0%
     issued rwts: total=14309391,7593839,0,0 short=0,0,0,0 dropped=0,0,0,0
     latency   : target=0, window=0, percentile=100.00%, depth=16

Run status group 0 (all jobs):
   READ: bw=359MiB/s (376MB/s), 359MiB/s-359MiB/s (376MB/s-376MB/s), io=2528GiB (2715GB), run=7221459-7221459msec
  WRITE: bw=356MiB/s (373MB/s), 356MiB/s-356MiB/s (373MB/s-373MB/s), io=2507GiB (2692GB), run=7221459-7221459msec

randrw_4k: (groupid=0, jobs=6): err= 0: pid=28486: Sat Aug 29 03:21:19 2026
  read: IOPS=1987, BW=357MiB/s (374MB/s)(2536GiB/7281459msec)
    slat (nsec): min=1151, max=19581k, avg=27878.84, stdev=53547.67
    clat (usec): min=2, max=69709k, avg=38274.03, stdev=243248.36
     lat (usec): min=107, max=69709k, avg=38301.91, stdev=243247.72
    clat percentiles (usec):
     |  1.00th=[    478],  5.00th=[    545], 10.00th=[    611],
     | 20.00th=[   1614], 30.00th=[   2671], 40.00th=[   3752],
     | 50.00th=[   5080], 60.00th=[   6980], 70.00th=[  11600],
     | 80.00th=[  46924], 90.00th=[ 124257], 95.00th=[ 219153],
     | 99.00th=[ 392168], 99.50th=[ 442500], 99.90th=[ 574620],
     | 99.95th=[ 666895], 99.99th=[1002439]
   bw (  KiB/s): min=  297, max=2252880, per=100.00%, avg=394139.98, stdev=112866.52, samples=84968
   iops        : min=    0, max= 8340, avg=2033.83, stdev=178.77, samples=84968
  write: IOPS=1053, BW=354MiB/s (371MB/s)(2514GiB/7281459msec); 0 zone resets
    slat (nsec): min=1259, max=48927k, avg=64761.95, stdev=100660.73
    clat (nsec): min=891, max=69273M, avg=79545477.92, stdev=156792295.77
     lat (usec): min=183, max=69273k, avg=79610.24, stdev=156785.28
    clat percentiles (usec):
     |  1.00th=[    227],  5.00th=[    289], 10.00th=[    652],
     | 20.00th=[   1745], 30.00th=[   3097], 40.00th=[   4359],
     | 50.00th=[   5800], 60.00th=[   8029], 70.00th=[  13435],
     | 80.00th=[ 187696], 90.00th=[ 261096], 95.00th=[ 429917],
     | 99.00th=[ 633340], 99.50th=[ 708838], 99.90th=[ 952108],
     | 99.95th=[1182794], 99.99th=[1870660]
   bw (  KiB/s): min= 1641, max=2137544, per=100.00%, avg=403033.36, stdev=114701.07, samples=80740
   iops        : min=    4, max= 4496, avg=1137.60, stdev=144.48, samples=80740
  lat (nsec)   : 1000=0.01%
  lat (usec)   : 2=0.01%, 4=0.01%, 10=0.01%, 20=0.01%, 50=0.01%
  lat (usec)   : 100=0.01%, 250=1.41%, 500=2.70%, 750=8.19%, 1000=2.32%
  lat (msec)   : 2=8.31%, 4=17.33%, 10=26.75%, 20=6.71%, 50=4.46%
  lat (msec)   : 100=5.52%, 250=10.11%, 500=4.89%, 750=1.16%, 1000=0.10%
  lat (msec)   : 2000=0.03%, >=2000=0.01%
  cpu          : usr=0.37%, sys=1.93%, ctx=18269068, majf=0, minf=165
  IO depths    : 1=0.1%, 2=0.1%, 4=0.1%, 8=0.1%, 16=23.1%, 32=76.9%, >=64=0.0%
     submit    : 0=0.0%, 4=100.0%, 8=0.0%, 16=0.0%, 32=0.0%, 64=0.0%, >=64=0.0%
     complete  : 0=0.0%, 4=100.0%, 8=0.0%, 16=0.0%, 32=0.0%, 64=0.0%, >=64=0.0%
     issued rwts: total=14475281,7669274,0,0 short=0,0,0,0 dropped=0,0,0,0
     latency   : target=0, window=0, percentile=100.00%, depth=16

Run status group 0 (all jobs):
   READ: bw=357MiB/s (374MB/s), 357MiB/s-357MiB/s (374MB/s-374MB/s), io=2536GiB (2723GB), run=7281459-7281459msec
  WRITE: bw=354MiB/s (371MB/s), 354MiB/s-354MiB/s (371MB/s-371MB/s), io=2514GiB (2700GB), run=7281459-7281459msec

randrw_4k: (groupid=0, jobs=6): err= 0: pid=28486: Sat Aug 29 03:22:19 2026
  read: IOPS=1992, BW=356MiB/s (373MB/s)(2551GiB/7341458msec)
    slat (nsec): min=1151, max=19581k, avg=27753.75, stdev=53389.11
    clat (usec): min=2, max=69709k, avg=38428.79, stdev=242361.99
     lat (usec): min=106, max=69709k, avg=38456.54, stdev=242361.37
    clat percentiles (usec):
     |  1.00th=[    474],  5.00th=[    537], 10.00th=[    603],
     | 20.00th=[   1565], 30.00th=[   2638], 40.00th=[   3720],
     | 50.00th=[   5014], 60.00th=[   6915], 70.00th=[  11469],
     | 80.00th=[  46400], 90.00th=[ 124257], 95.00th=[ 219153],
     | 99.00th=[ 396362], 99.50th=[ 446694], 99.90th=[ 583009],
     | 99.95th=[ 666895], 99.99th=[1010828]
   bw (  KiB/s): min=  297, max=2252880, per=100.00%, avg=393073.92, stdev=112739.74, samples=85682
   iops        : min=    0, max= 8340, avg=2038.47, stdev=179.24, samples=85682
  write: IOPS=1054, BW=353MiB/s (370MB/s)(2529GiB/7341458msec); 0 zone resets
    slat (nsec): min=1259, max=48927k, avg=64496.91, stdev=100417.42
    clat (nsec): min=891, max=69273M, avg=78949200.20, stdev=156378841.94
     lat (usec): min=183, max=69273k, avg=79013.70, stdev=156371.99
    clat percentiles (usec):
     |  1.00th=[    225],  5.00th=[    269], 10.00th=[    603],
     | 20.00th=[   1680], 30.00th=[   3032], 40.00th=[   4293],
     | 50.00th=[   5735], 60.00th=[   7898], 70.00th=[  13173],
     | 80.00th=[ 185598], 90.00th=[ 256902], 95.00th=[ 429917],
     | 99.00th=[ 633340], 99.50th=[ 708838], 99.90th=[ 952108],
     | 99.95th=[1182794], 99.99th=[1870660]
   bw (  KiB/s): min= 1641, max=2137544, per=100.00%, avg=401886.00, stdev=114581.12, samples=81430
   iops        : min=    4, max= 4496, avg=1138.99, stdev=144.44, samples=81430
  lat (nsec)   : 1000=0.01%
  lat (usec)   : 2=0.01%, 4=0.01%, 10=0.01%, 20=0.01%, 50=0.01%
  lat (usec)   : 100=0.01%, 250=1.61%, 500=2.80%, 750=8.35%, 1000=2.32%
  lat (msec)   : 2=8.30%, 4=17.24%, 10=26.58%, 20=6.66%, 50=4.43%
  lat (msec)   : 100=5.48%, 250=10.03%, 500=4.91%, 750=1.16%, 1000=0.10%
  lat (msec)   : 2000=0.03%, >=2000=0.01%
  cpu          : usr=0.37%, sys=1.93%, ctx=18483523, majf=0, minf=165
  IO depths    : 1=0.1%, 2=0.1%, 4=0.1%, 8=0.1%, 16=22.9%, 32=77.1%, >=64=0.0%
     submit    : 0=0.0%, 4=100.0%, 8=0.0%, 16=0.0%, 32=0.0%, 64=0.0%, >=64=0.0%
     complete  : 0=0.0%, 4=100.0%, 8=0.0%, 16=0.0%, 32=0.0%, 64=0.0%, >=64=0.0%
     issued rwts: total=14630725,7744706,0,0 short=0,0,0,0 dropped=0,0,0,0
     latency   : target=0, window=0, percentile=100.00%, depth=16

Run status group 0 (all jobs):
   READ: bw=356MiB/s (373MB/s), 356MiB/s-356MiB/s (373MB/s-373MB/s), io=2551GiB (2739GB), run=7341458-7341458msec
  WRITE: bw=353MiB/s (370MB/s), 353MiB/s-353MiB/s (370MB/s-370MB/s), io=2529GiB (2716GB), run=7341458-7341458msec

randrw_4k: (groupid=0, jobs=6): err= 0: pid=28486: Sat Aug 29 03:23:19 2026
  read: IOPS=1998, BW=354MiB/s (371MB/s)(2558GiB/7401458msec)
    slat (nsec): min=1151, max=19581k, avg=27552.95, stdev=53175.36
    clat (usec): min=2, max=69709k, avg=38649.81, stdev=241525.92
     lat (usec): min=106, max=69709k, avg=38677.36, stdev=241525.33
    clat percentiles (usec):
     |  1.00th=[    461],  5.00th=[    537], 10.00th=[    594],
     | 20.00th=[   1483], 30.00th=[   2573], 40.00th=[   3687],
     | 50.00th=[   4948], 60.00th=[   6849], 70.00th=[  11338],
     | 80.00th=[  45876], 90.00th=[ 125305], 95.00th=[ 223347],
     | 99.00th=[ 404751], 99.50th=[ 450888], 99.90th=[ 583009],
     | 99.95th=[ 666895], 99.99th=[1002439]
   bw (  KiB/s): min=  297, max=2252880, per=100.00%, avg=390784.91, stdev=112610.68, samples=86402
   iops        : min=    0, max= 8340, avg=2043.96, stdev=179.78, samples=86402
  write: IOPS=1056, BW=351MiB/s (368MB/s)(2537GiB/7401458msec); 0 zone resets
    slat (nsec): min=1222, max=48927k, avg=64079.35, stdev=100133.78
    clat (nsec): min=891, max=69273M, avg=78203904.43, stdev=155820510.40
     lat (usec): min=183, max=69273k, avg=78267.98, stdev=155813.91
    clat percentiles (usec):
     |  1.00th=[    223],  5.00th=[    258], 10.00th=[    519],
     | 20.00th=[   1598], 30.00th=[   2933], 40.00th=[   4228],
     | 50.00th=[   5669], 60.00th=[   7832], 70.00th=[  12911],
     | 80.00th=[ 183501], 90.00th=[ 254804], 95.00th=[ 429917],
     | 99.00th=[ 633340], 99.50th=[ 700449], 99.90th=[ 952108],
     | 99.95th=[1166017], 99.99th=[1870660]
   bw (  KiB/s): min= 1641, max=2137544, per=100.00%, avg=399456.41, stdev=114441.59, samples=82150
   iops        : min=    4, max= 4496, avg=1139.76, stdev=144.32, samples=82150
  lat (nsec)   : 1000=0.01%
  lat (usec)   : 2=0.01%, 4=0.01%, 10=0.01%, 20=0.01%, 50=0.01%
  lat (usec)   : 100=0.01%, 250=1.90%, 500=2.94%, 750=8.64%, 1000=2.32%
  lat (msec)   : 2=8.25%, 4=17.07%, 10=26.31%, 20=6.59%, 50=4.39%
  lat (msec)   : 100=5.43%, 250=9.92%, 500=4.94%, 750=1.16%, 1000=0.10%
  lat (msec)   : 2000=0.03%, >=2000=0.01%
  cpu          : usr=0.37%, sys=1.92%, ctx=18717399, majf=0, minf=165
  IO depths    : 1=0.1%, 2=0.1%, 4=0.1%, 8=0.1%, 16=22.8%, 32=77.2%, >=64=0.0%
     submit    : 0=0.0%, 4=100.0%, 8=0.0%, 16=0.0%, 32=0.0%, 64=0.0%, >=64=0.0%
     complete  : 0=0.0%, 4=100.0%, 8=0.0%, 16=0.0%, 32=0.0%, 64=0.0%, >=64=0.0%
     issued rwts: total=14794224,7818989,0,0 short=0,0,0,0 dropped=0,0,0,0
     latency   : target=0, window=0, percentile=100.00%, depth=16

Run status group 0 (all jobs):
   READ: bw=354MiB/s (371MB/s), 354MiB/s-354MiB/s (371MB/s-371MB/s), io=2558GiB (2747GB), run=7401458-7401458msec
  WRITE: bw=351MiB/s (368MB/s), 351MiB/s-351MiB/s (368MB/s-368MB/s), io=2537GiB (2724GB), run=7401458-7401458msec

randrw_4k: (groupid=0, jobs=6): err= 0: pid=28486: Sat Aug 29 03:24:19 2026
  read: IOPS=2004, BW=352MiB/s (369MB/s)(2566GiB/7461458msec)
    slat (nsec): min=1151, max=19581k, avg=27355.52, stdev=52962.63
    clat (usec): min=2, max=69709k, avg=38867.32, stdev=240701.62
     lat (usec): min=105, max=69709k, avg=38894.68, stdev=240701.06
    clat percentiles (usec):
     |  1.00th=[    449],  5.00th=[    529], 10.00th=[    586],
     | 20.00th=[   1385], 30.00th=[   2507], 40.00th=[   3621],
     | 50.00th=[   4883], 60.00th=[   6783], 70.00th=[  11207],
     | 80.00th=[  45876], 90.00th=[ 125305], 95.00th=[ 225444],
     | 99.00th=[ 408945], 99.50th=[ 455082], 99.90th=[ 583009],
     | 99.95th=[ 666895], 99.99th=[1002439]
   bw (  KiB/s): min=  297, max=2252880, per=100.00%, avg=388547.79, stdev=112475.33, samples=87122
   iops        : min=    0, max= 8340, avg=2049.35, stdev=180.28, samples=87122
  write: IOPS=1057, BW=349MiB/s (366MB/s)(2544GiB/7461458msec); 0 zone resets
    slat (nsec): min=1222, max=48927k, avg=63668.98, stdev=99850.10
    clat (nsec): min=891, max=69273M, avg=77472533.70, stdev=155267747.64
     lat (usec): min=179, max=69273k, avg=77536.20, stdev=155261.39
    clat percentiles (usec):
     |  1.00th=[    221],  5.00th=[    249], 10.00th=[    441],
     | 20.00th=[   1516], 30.00th=[   2835], 40.00th=[   4178],
     | 50.00th=[   5604], 60.00th=[   7701], 70.00th=[  12518],
     | 80.00th=[ 179307], 90.00th=[ 252707], 95.00th=[ 425722],
     | 99.00th=[ 633340], 99.50th=[ 700449], 99.90th=[ 943719],
     | 99.95th=[1166017], 99.99th=[1853883]
   bw (  KiB/s): min= 1641, max=2137544, per=100.00%, avg=397081.12, stdev=114296.25, samples=82870
   iops        : min=    4, max= 4496, avg=1140.46, stdev=144.18, samples=82870
  lat (nsec)   : 1000=0.01%
  lat (usec)   : 2=0.01%, 4=0.01%, 10=0.01%, 20=0.01%, 50=0.01%
  lat (usec)   : 100=0.01%, 250=2.19%, 500=3.09%, 750=8.92%, 1000=2.32%
  lat (msec)   : 2=8.20%, 4=16.90%, 10=26.04%, 20=6.53%, 50=4.35%
  lat (msec)   : 100=5.38%, 250=9.82%, 500=4.98%, 750=1.15%, 1000=0.10%
  lat (msec)   : 2000=0.03%, >=2000=0.01%
  cpu          : usr=0.37%, sys=1.91%, ctx=18950673, majf=0, minf=165
  IO depths    : 1=0.1%, 2=0.1%, 4=0.1%, 8=0.1%, 16=22.6%, 32=77.4%, >=64=0.0%
     submit    : 0=0.0%, 4=100.0%, 8=0.0%, 16=0.0%, 32=0.0%, 64=0.0%, >=64=0.0%
     complete  : 0=0.0%, 4=100.0%, 8=0.0%, 16=0.0%, 32=0.0%, 64=0.0%, >=64=0.0%
     issued rwts: total=14958167,7893212,0,0 short=0,0,0,0 dropped=0,0,0,0
     latency   : target=0, window=0, percentile=100.00%, depth=16

Run status group 0 (all jobs):
   READ: bw=352MiB/s (369MB/s), 352MiB/s-352MiB/s (369MB/s-369MB/s), io=2566GiB (2755GB), run=7461458-7461458msec
  WRITE: bw=349MiB/s (366MB/s), 349MiB/s-349MiB/s (366MB/s-366MB/s), io=2544GiB (2732GB), run=7461458-7461458msec

randrw_4k: (groupid=0, jobs=6): err= 0: pid=28486: Sat Aug 29 03:25:19 2026
  read: IOPS=2010, BW=350MiB/s (367MB/s)(2574GiB/7521459msec)
    slat (nsec): min=1151, max=19581k, avg=27168.39, stdev=52759.15
    clat (usec): min=2, max=69709k, avg=39085.50, stdev=239887.78
     lat (usec): min=105, max=69709k, avg=39112.67, stdev=239887.25
    clat percentiles (usec):
     |  1.00th=[   437],  5.00th=[   529], 10.00th=[   578], 20.00th=[  1303],
     | 30.00th=[  2442], 40.00th=[  3556], 50.00th=[  4883], 60.00th=[  6718],
     | 70.00th=[ 11076], 80.00th=[ 45351], 90.00th=[126354], 95.00th=[227541],
     | 99.00th=[413139], 99.50th=[459277], 99.90th=[583009], 99.95th=[675283],
     | 99.99th=[994051]
   bw (  KiB/s): min=  297, max=2252880, per=100.00%, avg=386358.77, stdev=112332.08, samples=87842
   iops        : min=    0, max= 8340, avg=2054.32, stdev=180.68, samples=87842
  write: IOPS=1059, BW=347MiB/s (364MB/s)(2552GiB/7521459msec); 0 zone resets
    slat (nsec): min=1222, max=48927k, avg=63275.84, stdev=99577.43
    clat (nsec): min=891, max=69273M, avg=76769597.09, stdev=154731398.62
     lat (usec): min=179, max=69273k, avg=76832.87, stdev=154725.28
    clat percentiles (usec):
     |  1.00th=[    219],  5.00th=[    245], 10.00th=[    392],
     | 20.00th=[   1434], 30.00th=[   2769], 40.00th=[   4113],
     | 50.00th=[   5538], 60.00th=[   7570], 70.00th=[  12256],
     | 80.00th=[ 175113], 90.00th=[ 252707], 95.00th=[ 425722],
     | 99.00th=[ 633340], 99.50th=[ 700449], 99.90th=[ 943719],
     | 99.95th=[1166017], 99.99th=[1853883]
   bw (  KiB/s): min= 1641, max=2137544, per=100.00%, avg=394716.99, stdev=114153.34, samples=83590
   iops        : min=    4, max= 4496, avg=1140.99, stdev=144.03, samples=83590
  lat (nsec)   : 1000=0.01%
  lat (usec)   : 2=0.01%, 4=0.01%, 10=0.01%, 20=0.01%, 50=0.01%
  lat (usec)   : 100=0.01%, 250=2.47%, 500=3.22%, 750=9.18%, 1000=2.32%
  lat (msec)   : 2=8.16%, 4=16.74%, 10=25.78%, 20=6.46%, 50=4.32%
  lat (msec)   : 100=5.33%, 250=9.73%, 500=5.01%, 750=1.15%, 1000=0.10%
  lat (msec)   : 2000=0.03%, >=2000=0.01%
  cpu          : usr=0.37%, sys=1.91%, ctx=19180499, majf=0, minf=165
  IO depths    : 1=0.1%, 2=0.1%, 4=0.1%, 8=0.1%, 16=22.4%, 32=77.6%, >=64=0.0%
     submit    : 0=0.0%, 4=100.0%, 8=0.0%, 16=0.0%, 32=0.0%, 64=0.0%, >=64=0.0%
     complete  : 0=0.0%, 4=100.0%, 8=0.0%, 16=0.0%, 32=0.0%, 64=0.0%, >=64=0.0%
     issued rwts: total=15118925,7965884,0,0 short=0,0,0,0 dropped=0,0,0,0
     latency   : target=0, window=0, percentile=100.00%, depth=16

Run status group 0 (all jobs):
   READ: bw=350MiB/s (367MB/s), 350MiB/s-350MiB/s (367MB/s-367MB/s), io=2574GiB (2764GB), run=7521459-7521459msec
  WRITE: bw=347MiB/s (364MB/s), 347MiB/s-347MiB/s (364MB/s-364MB/s), io=2552GiB (2740GB), run=7521459-7521459msec

randrw_4k: (groupid=0, jobs=6): err= 0: pid=28486: Sat Aug 29 03:26:19 2026
  read: IOPS=2015, BW=349MiB/s (366MB/s)(2582GiB/7581459msec)
    slat (nsec): min=1151, max=19581k, avg=26984.65, stdev=52557.65
    clat (usec): min=2, max=69709k, avg=39299.84, stdev=239104.01
     lat (usec): min=105, max=69709k, avg=39326.83, stdev=239103.51
    clat percentiles (usec):
     |  1.00th=[   420],  5.00th=[   529], 10.00th=[   570], 20.00th=[  1205],
     | 30.00th=[  2409], 40.00th=[  3523], 50.00th=[  4817], 60.00th=[  6718],
     | 70.00th=[ 10945], 80.00th=[ 45351], 90.00th=[126354], 95.00th=[229639],
     | 99.00th=[417334], 99.50th=[459277], 99.90th=[583009], 99.95th=[675283],
     | 99.99th=[994051]
   bw (  KiB/s): min=  297, max=2252880, per=100.00%, avg=384198.49, stdev=112186.46, samples=88562
   iops        : min=    0, max= 8340, avg=2059.21, stdev=181.04, samples=88562
  write: IOPS=1060, BW=346MiB/s (362MB/s)(2559GiB/7581459msec); 0 zone resets
    slat (nsec): min=1222, max=48927k, avg=62887.94, stdev=99304.53
    clat (nsec): min=891, max=69273M, avg=76077364.81, stdev=154198311.74
     lat (usec): min=179, max=69273k, avg=76140.25, stdev=154192.42
    clat percentiles (usec):
     |  1.00th=[    219],  5.00th=[    241], 10.00th=[    371],
     | 20.00th=[   1369], 30.00th=[   2671], 40.00th=[   4047],
     | 50.00th=[   5473], 60.00th=[   7504], 70.00th=[  11994],
     | 80.00th=[ 170918], 90.00th=[ 250610], 95.00th=[ 421528],
     | 99.00th=[ 633340], 99.50th=[ 700449], 99.90th=[ 943719],
     | 99.95th=[1166017], 99.99th=[1853883]
   bw (  KiB/s): min= 1641, max=2137544, per=100.00%, avg=392405.63, stdev=113997.72, samples=84310
   iops        : min=    4, max= 4496, avg=1141.53, stdev=143.86, samples=84310
  lat (nsec)   : 1000=0.01%
  lat (usec)   : 2=0.01%, 4=0.01%, 10=0.01%, 20=0.01%, 50=0.01%
  lat (usec)   : 100=0.01%, 250=2.74%, 500=3.35%, 750=9.44%, 1000=2.32%
  lat (msec)   : 2=8.12%, 4=16.58%, 10=25.52%, 20=6.40%, 50=4.28%
  lat (msec)   : 100=5.29%, 250=9.64%, 500=5.05%, 750=1.14%, 1000=0.10%
  lat (msec)   : 2000=0.03%, >=2000=0.01%
  cpu          : usr=0.36%, sys=1.90%, ctx=19410254, majf=0, minf=165
  IO depths    : 1=0.1%, 2=0.1%, 4=0.1%, 8=0.1%, 16=22.3%, 32=77.7%, >=64=0.0%
     submit    : 0=0.0%, 4=100.0%, 8=0.0%, 16=0.0%, 32=0.0%, 64=0.0%, >=64=0.0%
     complete  : 0=0.0%, 4=100.0%, 8=0.0%, 16=0.0%, 32=0.0%, 64=0.0%, >=64=0.0%
     issued rwts: total=15279713,8038766,0,0 short=0,0,0,0 dropped=0,0,0,0
     latency   : target=0, window=0, percentile=100.00%, depth=16

Run status group 0 (all jobs):
   READ: bw=349MiB/s (366MB/s), 349MiB/s-349MiB/s (366MB/s-366MB/s), io=2582GiB (2772GB), run=7581459-7581459msec
  WRITE: bw=346MiB/s (362MB/s), 346MiB/s-346MiB/s (362MB/s-362MB/s), io=2559GiB (2748GB), run=7581459-7581459msec

randrw_4k: (groupid=0, jobs=6): err= 0: pid=28486: Sat Aug 29 03:27:19 2026
  read: IOPS=2020, BW=347MiB/s (364MB/s)(2589GiB/7641458msec)
    slat (nsec): min=1151, max=19581k, avg=26800.66, stdev=52355.96
    clat (usec): min=2, max=69709k, avg=39506.15, stdev=238344.74
     lat (usec): min=105, max=69709k, avg=39532.95, stdev=238344.27
    clat percentiles (usec):
     |  1.00th=[   229],  5.00th=[   523], 10.00th=[   570], 20.00th=[  1106],
     | 30.00th=[  2343], 40.00th=[  3458], 50.00th=[  4752], 60.00th=[  6652],
     | 70.00th=[ 10814], 80.00th=[ 44827], 90.00th=[127402], 95.00th=[231736],
     | 99.00th=[421528], 99.50th=[463471], 99.90th=[583009], 99.95th=[683672],
     | 99.99th=[994051]
   bw (  KiB/s): min=  297, max=2252880, per=100.00%, avg=382061.20, stdev=112043.66, samples=89282
   iops        : min=    0, max= 8340, avg=2064.21, stdev=181.45, samples=89282
  write: IOPS=1061, BW=344MiB/s (361MB/s)(2567GiB/7641458msec); 0 zone resets
    slat (nsec): min=1222, max=48927k, avg=62493.81, stdev=99027.03
    clat (nsec): min=891, max=69273M, avg=75384465.92, stdev=153659784.90
     lat (usec): min=179, max=69273k, avg=75446.96, stdev=153654.12
    clat percentiles (usec):
     |  1.00th=[    217],  5.00th=[    239], 10.00th=[    355],
     | 20.00th=[   1287], 30.00th=[   2573], 40.00th=[   3949],
     | 50.00th=[   5342], 60.00th=[   7373], 70.00th=[  11863],
     | 80.00th=[ 168821], 90.00th=[ 250610], 95.00th=[ 421528],
     | 99.00th=[ 633340], 99.50th=[ 700449], 99.90th=[ 943719],
     | 99.95th=[1166017], 99.99th=[1837106]
   bw (  KiB/s): min= 1641, max=2137544, per=100.00%, avg=390128.80, stdev=113843.42, samples=85030
   iops        : min=    4, max= 4496, avg=1142.23, stdev=143.72, samples=85030
  lat (nsec)   : 1000=0.01%
  lat (usec)   : 2=0.01%, 4=0.01%, 10=0.01%, 20=0.01%, 50=0.01%
  lat (usec)   : 100=0.01%, 250=3.01%, 500=3.49%, 750=9.71%, 1000=2.31%
  lat (msec)   : 2=8.08%, 4=16.42%, 10=25.27%, 20=6.34%, 50=4.24%
  lat (msec)   : 100=5.24%, 250=9.54%, 500=5.08%, 750=1.14%, 1000=0.10%
  lat (msec)   : 2000=0.03%, >=2000=0.01%
  cpu          : usr=0.36%, sys=1.89%, ctx=19642682, majf=0, minf=165
  IO depths    : 1=0.1%, 2=0.1%, 4=0.1%, 8=0.1%, 16=22.1%, 32=77.9%, >=64=0.0%
     submit    : 0=0.0%, 4=100.0%, 8=0.0%, 16=0.0%, 32=0.0%, 64=0.0%, >=64=0.0%
     complete  : 0=0.0%, 4=100.0%, 8=0.0%, 16=0.0%, 32=0.0%, 64=0.0%, >=64=0.0%
     issued rwts: total=15442361,8113062,0,0 short=0,0,0,0 dropped=0,0,0,0
     latency   : target=0, window=0, percentile=100.00%, depth=16

Run status group 0 (all jobs):
   READ: bw=347MiB/s (364MB/s), 347MiB/s-347MiB/s (364MB/s-364MB/s), io=2589GiB (2780GB), run=7641458-7641458msec
  WRITE: bw=344MiB/s (361MB/s), 344MiB/s-344MiB/s (361MB/s-361MB/s), io=2567GiB (2756GB), run=7641458-7641458msec

randrw_4k: (groupid=0, jobs=6): err= 0: pid=28486: Sat Aug 29 03:28:19 2026
  read: IOPS=2026, BW=345MiB/s (362MB/s)(2597GiB/7701458msec)
    slat (nsec): min=1131, max=19581k, avg=26622.99, stdev=52160.09
    clat (usec): min=2, max=69709k, avg=39710.23, stdev=237599.17
     lat (usec): min=105, max=69709k, avg=39736.86, stdev=237598.73
    clat percentiles (usec):
     |  1.00th=[   157],  5.00th=[   519], 10.00th=[   562], 20.00th=[  1020],
     | 30.00th=[  2278], 40.00th=[  3392], 50.00th=[  4686], 60.00th=[  6587],
     | 70.00th=[ 10683], 80.00th=[ 44303], 90.00th=[127402], 95.00th=[233833],
     | 99.00th=[425722], 99.50th=[467665], 99.90th=[583009], 99.95th=[683672],
     | 99.99th=[985662]
   bw (  KiB/s): min=  297, max=2252880, per=100.00%, avg=379962.77, stdev=111896.55, samples=90002
   iops        : min=    0, max= 8340, avg=2069.01, stdev=181.82, samples=90002
  write: IOPS=1062, BW=342MiB/s (359MB/s)(2574GiB/7701458msec); 0 zone resets
    slat (nsec): min=1222, max=48927k, avg=62122.62, stdev=98764.53
    clat (nsec): min=891, max=69273M, avg=74716580.07, stdev=153135942.84
     lat (usec): min=179, max=69273k, avg=74778.70, stdev=153130.49
    clat percentiles (usec):
     |  1.00th=[    217],  5.00th=[    235], 10.00th=[    314],
     | 20.00th=[   1221], 30.00th=[   2507], 40.00th=[   3884],
     | 50.00th=[   5276], 60.00th=[   7308], 70.00th=[  11600],
     | 80.00th=[ 168821], 90.00th=[ 248513], 95.00th=[ 417334],
     | 99.00th=[ 633340], 99.50th=[ 700449], 99.90th=[ 935330],
     | 99.95th=[1149240], 99.99th=[1837106]
   bw (  KiB/s): min= 1641, max=2137544, per=100.00%, avg=387889.37, stdev=113686.26, samples=85750
   iops        : min=    4, max= 4496, avg=1142.73, stdev=143.56, samples=85750
  lat (nsec)   : 1000=0.01%
  lat (usec)   : 2=0.01%, 4=0.01%, 10=0.01%, 20=0.01%, 50=0.01%
  lat (usec)   : 100=0.01%, 250=3.27%, 500=3.62%, 750=9.98%, 1000=2.31%
  lat (msec)   : 2=8.04%, 4=16.27%, 10=25.02%, 20=6.28%, 50=4.20%
  lat (msec)   : 100=5.19%, 250=9.45%, 500=5.11%, 750=1.13%, 1000=0.10%
  lat (msec)   : 2000=0.03%, >=2000=0.01%
  cpu          : usr=0.36%, sys=1.88%, ctx=19872773, majf=0, minf=165
  IO depths    : 1=0.1%, 2=0.1%, 4=0.1%, 8=0.1%, 16=22.0%, 32=78.0%, >=64=0.0%
     submit    : 0=0.0%, 4=100.0%, 8=0.0%, 16=0.0%, 32=0.0%, 64=0.0%, >=64=0.0%
     complete  : 0=0.0%, 4=100.0%, 8=0.0%, 16=0.0%, 32=0.0%, 64=0.0%, >=64=0.0%
     issued rwts: total=15604186,8185986,0,0 short=0,0,0,0 dropped=0,0,0,0
     latency   : target=0, window=0, percentile=100.00%, depth=16

Run status group 0 (all jobs):
   READ: bw=345MiB/s (362MB/s), 345MiB/s-345MiB/s (362MB/s-362MB/s), io=2597GiB (2789GB), run=7701458-7701458msec
  WRITE: bw=342MiB/s (359MB/s), 342MiB/s-342MiB/s (359MB/s-359MB/s), io=2574GiB (2764GB), run=7701458-7701458msec

randrw_4k: (groupid=0, jobs=6): err= 0: pid=28486: Sat Aug 29 03:29:19 2026
  read: IOPS=2030, BW=344MiB/s (360MB/s)(2605GiB/7761458msec)
    slat (nsec): min=1131, max=19581k, avg=26452.43, stdev=51969.68
    clat (usec): min=2, max=69709k, avg=39915.08, stdev=236875.84
     lat (usec): min=105, max=69709k, avg=39941.53, stdev=236875.43
    clat percentiles (usec):
     |  1.00th=[   147],  5.00th=[   515], 10.00th=[   562], 20.00th=[   930],
     | 30.00th=[  2212], 40.00th=[  3359], 50.00th=[  4621], 60.00th=[  6521],
     | 70.00th=[ 10552], 80.00th=[ 43779], 90.00th=[128451], 95.00th=[238027],
     | 99.00th=[429917], 99.50th=[467665], 99.90th=[583009], 99.95th=[683672],
     | 99.99th=[985662]
   bw (  KiB/s): min=  297, max=2252880, per=100.00%, avg=377899.04, stdev=111747.61, samples=90722
   iops        : min=    0, max= 8340, avg=2073.50, stdev=182.11, samples=90722
  write: IOPS=1064, BW=341MiB/s (357MB/s)(2582GiB/7761458msec); 0 zone resets
    slat (nsec): min=1222, max=48927k, avg=61760.44, stdev=98502.80
    clat (nsec): min=891, max=69273M, avg=74060549.46, stdev=152616499.07
     lat (usec): min=179, max=69273k, avg=74122.31, stdev=152611.25
    clat percentiles (usec):
     |  1.00th=[    217],  5.00th=[    235], 10.00th=[    281],
     | 20.00th=[   1156], 30.00th=[   2409], 40.00th=[   3818],
     | 50.00th=[   5211], 60.00th=[   7242], 70.00th=[  11338],
     | 80.00th=[ 168821], 90.00th=[ 248513], 95.00th=[ 417334],
     | 99.00th=[ 624952], 99.50th=[ 700449], 99.90th=[ 935330],
     | 99.95th=[1149240], 99.99th=[1837106]
   bw (  KiB/s): min= 1641, max=2137688, per=100.00%, avg=385723.62, stdev=113522.00, samples=86470
   iops        : min=    4, max= 4532, avg=1143.28, stdev=143.39, samples=86470
  lat (nsec)   : 1000=0.01%
  lat (usec)   : 2=0.01%, 4=0.01%, 10=0.01%, 20=0.01%, 50=0.01%
  lat (usec)   : 100=0.01%, 250=3.51%, 500=3.75%, 750=10.23%, 1000=2.31%
  lat (msec)   : 2=8.00%, 4=16.12%, 10=24.79%, 20=6.22%, 50=4.16%
  lat (msec)   : 100=5.14%, 250=9.36%, 500=5.15%, 750=1.13%, 1000=0.10%
  lat (msec)   : 2000=0.03%, >=2000=0.01%
  cpu          : usr=0.36%, sys=1.88%, ctx=20101116, majf=0, minf=165
  IO depths    : 1=0.1%, 2=0.1%, 4=0.1%, 8=0.1%, 16=21.8%, 32=78.2%, >=64=0.0%
     submit    : 0=0.0%, 4=100.0%, 8=0.0%, 16=0.0%, 32=0.0%, 64=0.0%, >=64=0.0%
     complete  : 0=0.0%, 4=100.0%, 8=0.0%, 16=0.0%, 32=0.0%, 64=0.0%, >=64=0.0%
     issued rwts: total=15763358,8258938,0,0 short=0,0,0,0 dropped=0,0,0,0
     latency   : target=0, window=0, percentile=100.00%, depth=16

Run status group 0 (all jobs):
   READ: bw=344MiB/s (360MB/s), 344MiB/s-344MiB/s (360MB/s-360MB/s), io=2605GiB (2797GB), run=7761458-7761458msec
  WRITE: bw=341MiB/s (357MB/s), 341MiB/s-341MiB/s (357MB/s-357MB/s), io=2582GiB (2772GB), run=7761458-7761458msec

randrw_4k: (groupid=0, jobs=6): err= 0: pid=28486: Sat Aug 29 03:30:19 2026
  read: IOPS=2035, BW=342MiB/s (359MB/s)(2612GiB/7821458msec)
    slat (nsec): min=1131, max=19581k, avg=26288.52, stdev=51784.59
    clat (usec): min=2, max=69709k, avg=40125.85, stdev=236193.69
     lat (usec): min=104, max=69709k, avg=40152.14, stdev=236193.30
    clat percentiles (usec):
     |  1.00th=[   145],  5.00th=[   510], 10.00th=[   553], 20.00th=[   857],
     | 30.00th=[  2147], 40.00th=[  3294], 50.00th=[  4621], 60.00th=[  6456],
     | 70.00th=[ 10421], 80.00th=[ 43779], 90.00th=[129500], 95.00th=[240124],
     | 99.00th=[434111], 99.50th=[471860], 99.90th=[591397], 99.95th=[683672],
     | 99.99th=[985662]
   bw (  KiB/s): min=  297, max=2252880, per=100.00%, avg=375883.72, stdev=111597.67, samples=91436
   iops        : min=    0, max= 8340, avg=2077.36, stdev=182.31, samples=91436
  write: IOPS=1064, BW=339MiB/s (355MB/s)(2589GiB/7821458msec); 0 zone resets
    slat (nsec): min=1222, max=48927k, avg=61406.25, stdev=98244.94
    clat (nsec): min=891, max=69273M, avg=73433777.44, stdev=152116196.70
     lat (usec): min=179, max=69273k, avg=73495.18, stdev=152111.14
    clat percentiles (usec):
     |  1.00th=[    215],  5.00th=[    233], 10.00th=[    269],
     | 20.00th=[   1106], 30.00th=[   2311], 40.00th=[   3752],
     | 50.00th=[   5145], 60.00th=[   7111], 70.00th=[  11207],
     | 80.00th=[ 166724], 90.00th=[ 246416], 95.00th=[ 413139],
     | 99.00th=[ 624952], 99.50th=[ 700449], 99.90th=[ 935330],
     | 99.95th=[1149240], 99.99th=[1820328]
   bw (  KiB/s): min= 1641, max=2137688, per=100.00%, avg=383564.38, stdev=113364.08, samples=87183
   iops        : min=    4, max= 4532, avg=1143.50, stdev=143.21, samples=87183
  lat (nsec)   : 1000=0.01%
  lat (usec)   : 2=0.01%, 4=0.01%, 10=0.01%, 20=0.01%, 50=0.01%
  lat (usec)   : 100=0.01%, 250=3.73%, 500=3.89%, 750=10.47%, 1000=2.31%
  lat (msec)   : 2=7.96%, 4=15.98%, 10=24.56%, 20=6.16%, 50=4.13%
  lat (msec)   : 100=5.10%, 250=9.27%, 500=5.18%, 750=1.12%, 1000=0.10%
  lat (msec)   : 2000=0.03%, >=2000=0.01%
  cpu          : usr=0.36%, sys=1.87%, ctx=20323700, majf=0, minf=165
  IO depths    : 1=0.1%, 2=0.1%, 4=0.1%, 8=0.1%, 16=21.7%, 32=78.3%, >=64=0.0%
     submit    : 0=0.0%, 4=100.0%, 8=0.0%, 16=0.0%, 32=0.0%, 64=0.0%, >=64=0.0%
     complete  : 0=0.0%, 4=100.0%, 8=0.0%, 16=0.0%, 32=0.0%, 64=0.0%, >=64=0.0%
     issued rwts: total=15919049,8329828,0,0 short=0,0,0,0 dropped=0,0,0,0
     latency   : target=0, window=0, percentile=100.00%, depth=16

Run status group 0 (all jobs):
   READ: bw=342MiB/s (359MB/s), 342MiB/s-342MiB/s (359MB/s-359MB/s), io=2612GiB (2805GB), run=7821458-7821458msec
  WRITE: bw=339MiB/s (355MB/s), 339MiB/s-339MiB/s (355MB/s-355MB/s), io=2589GiB (2780GB), run=7821458-7821458msec

randrw_4k: (groupid=0, jobs=6): err= 0: pid=28486: Sat Aug 29 03:31:19 2026
  read: IOPS=2039, BW=340MiB/s (357MB/s)(2620GiB/7881459msec)
    slat (nsec): min=1131, max=19581k, avg=26127.18, stdev=51600.50
    clat (usec): min=2, max=69709k, avg=40329.53, stdev=235499.68
     lat (usec): min=104, max=69709k, avg=40355.66, stdev=235499.32
    clat percentiles (usec):
     |  1.00th=[   141],  5.00th=[   510], 10.00th=[   553], 20.00th=[   799],
     | 30.00th=[  2089], 40.00th=[  3228], 50.00th=[  4555], 60.00th=[  6390],
     | 70.00th=[ 10290], 80.00th=[ 43254], 90.00th=[129500], 95.00th=[242222],
     | 99.00th=[434111], 99.50th=[471860], 99.90th=[591397], 99.95th=[683672],
     | 99.99th=[977273]
   bw (  KiB/s): min=  297, max=2252880, per=100.00%, avg=373910.00, stdev=111437.36, samples=92156
   iops        : min=    0, max= 8340, avg=2081.41, stdev=182.49, samples=92156
  write: IOPS=1065, BW=337MiB/s (354MB/s)(2596GiB/7881459msec); 0 zone resets
    slat (nsec): min=1222, max=48927k, avg=61053.83, stdev=97986.52
    clat (nsec): min=891, max=69273M, avg=72811741.34, stdev=151615480.02
     lat (usec): min=179, max=69273k, avg=72872.80, stdev=151610.62
    clat percentiles (usec):
     |  1.00th=[    215],  5.00th=[    231], 10.00th=[    260],
     | 20.00th=[   1037], 30.00th=[   2245], 40.00th=[   3687],
     | 50.00th=[   5080], 60.00th=[   7046], 70.00th=[  11076],
     | 80.00th=[ 166724], 90.00th=[ 246416], 95.00th=[ 413139],
     | 99.00th=[ 624952], 99.50th=[ 700449], 99.90th=[ 926942],
     | 99.95th=[1149240], 99.99th=[1820328]
   bw (  KiB/s): min= 1641, max=2137688, per=100.00%, avg=381419.13, stdev=113202.40, samples=87903
   iops        : min=    4, max= 4532, avg=1143.82, stdev=143.02, samples=87903
  lat (nsec)   : 1000=0.01%
  lat (usec)   : 2=0.01%, 4=0.01%, 10=0.01%, 20=0.01%, 50=0.01%
  lat (usec)   : 100=0.01%, 250=3.94%, 500=4.01%, 750=10.72%, 1000=2.31%
  lat (msec)   : 2=7.93%, 4=15.84%, 10=24.33%, 20=6.11%, 50=4.10%
  lat (msec)   : 100=5.05%, 250=9.19%, 500=5.22%, 750=1.12%, 1000=0.10%
  lat (msec)   : 2000=0.03%, >=2000=0.01%
  cpu          : usr=0.36%, sys=1.86%, ctx=20548220, majf=0, minf=165
  IO depths    : 1=0.1%, 2=0.1%, 4=0.1%, 8=0.1%, 16=21.5%, 32=78.5%, >=64=0.0%
     submit    : 0=0.0%, 4=100.0%, 8=0.0%, 16=0.0%, 32=0.0%, 64=0.0%, >=64=0.0%
     complete  : 0=0.0%, 4=100.0%, 8=0.0%, 16=0.0%, 32=0.0%, 64=0.0%, >=64=0.0%
     issued rwts: total=16076132,8401398,0,0 short=0,0,0,0 dropped=0,0,0,0
     latency   : target=0, window=0, percentile=100.00%, depth=16

Run status group 0 (all jobs):
   READ: bw=340MiB/s (357MB/s), 340MiB/s-340MiB/s (357MB/s-357MB/s), io=2620GiB (2814GB), run=7881459-7881459msec
  WRITE: bw=337MiB/s (354MB/s), 337MiB/s-337MiB/s (354MB/s-354MB/s), io=2596GiB (2788GB), run=7881459-7881459msec

randrw_4k: (groupid=0, jobs=6): err= 0: pid=28486: Sat Aug 29 03:32:19 2026
  read: IOPS=2043, BW=339MiB/s (355MB/s)(2628GiB/7941459msec)
    slat (nsec): min=1131, max=19581k, avg=25972.32, stdev=51422.00
    clat (usec): min=2, max=69709k, avg=40532.33, stdev=234805.39
     lat (usec): min=104, max=69709k, avg=40558.31, stdev=234805.05
    clat percentiles (usec):
     |  1.00th=[   141],  5.00th=[   506], 10.00th=[   545], 20.00th=[   758],
     | 30.00th=[  2040], 40.00th=[  3195], 50.00th=[  4490], 60.00th=[  6325],
     | 70.00th=[ 10290], 80.00th=[ 43254], 90.00th=[130548], 95.00th=[246416],
     | 99.00th=[434111], 99.50th=[471860], 99.90th=[591397], 99.95th=[683672],
     | 99.99th=[977273]
   bw (  KiB/s): min=  297, max=2252880, per=100.00%, avg=371987.10, stdev=111272.63, samples=92876
   iops        : min=    0, max= 8340, avg=2085.15, stdev=182.61, samples=92876
  write: IOPS=1066, BW=336MiB/s (352MB/s)(2604GiB/7941459msec); 0 zone resets
    slat (nsec): min=1222, max=48927k, avg=60719.42, stdev=97736.87
    clat (nsec): min=891, max=69273M, avg=72208731.60, stdev=151125972.69
     lat (usec): min=179, max=69273k, avg=72269.45, stdev=151121.30
    clat percentiles (usec):
     |  1.00th=[    215],  5.00th=[    231], 10.00th=[    253],
     | 20.00th=[    979], 30.00th=[   2147], 40.00th=[   3621],
     | 50.00th=[   5014], 60.00th=[   6980], 70.00th=[  10814],
     | 80.00th=[ 164627], 90.00th=[ 246416], 95.00th=[ 413139],
     | 99.00th=[ 624952], 99.50th=[ 692061], 99.90th=[ 926942],
     | 99.95th=[1132463], 99.99th=[1820328]
   bw (  KiB/s): min= 1641, max=2137688, per=100.00%, avg=379340.13, stdev=113034.32, samples=88623
   iops        : min=    4, max= 4532, avg=1144.01, stdev=142.81, samples=88623
  lat (nsec)   : 1000=0.01%
  lat (usec)   : 2=0.01%, 4=0.01%, 10=0.01%, 20=0.01%, 50=0.01%
  lat (usec)   : 100=0.01%, 250=4.14%, 500=4.14%, 750=10.95%, 1000=2.31%
  lat (msec)   : 2=7.89%, 4=15.71%, 10=24.11%, 20=6.06%, 50=4.07%
  lat (msec)   : 100=5.02%, 250=9.11%, 500=5.25%, 750=1.11%, 1000=0.10%
  lat (msec)   : 2000=0.03%, >=2000=0.01%
  cpu          : usr=0.36%, sys=1.85%, ctx=20770103, majf=0, minf=165
  IO depths    : 1=0.1%, 2=0.1%, 4=0.1%, 8=0.1%, 16=21.4%, 32=78.6%, >=64=0.0%
     submit    : 0=0.0%, 4=100.0%, 8=0.0%, 16=0.0%, 32=0.0%, 64=0.0%, >=64=0.0%
     complete  : 0=0.0%, 4=100.0%, 8=0.0%, 16=0.0%, 32=0.0%, 64=0.0%, >=64=0.0%
     issued rwts: total=16231331,8471970,0,0 short=0,0,0,0 dropped=0,0,0,0
     latency   : target=0, window=0, percentile=100.00%, depth=16

Run status group 0 (all jobs):
   READ: bw=339MiB/s (355MB/s), 339MiB/s-339MiB/s (355MB/s-355MB/s), io=2628GiB (2822GB), run=7941459-7941459msec
  WRITE: bw=336MiB/s (352MB/s), 336MiB/s-336MiB/s (352MB/s-352MB/s), io=2604GiB (2796GB), run=7941459-7941459msec

randrw_4k: (groupid=0, jobs=6): err= 0: pid=28486: Sat Aug 29 03:33:19 2026
  read: IOPS=2047, BW=337MiB/s (354MB/s)(2636GiB/8001458msec)
    slat (nsec): min=1131, max=19581k, avg=25820.81, stdev=51246.41
    clat (usec): min=2, max=69709k, avg=40733.71, stdev=234143.59
     lat (usec): min=104, max=69709k, avg=40759.53, stdev=234143.28
    clat percentiles (usec):
     |  1.00th=[   139],  5.00th=[   506], 10.00th=[   545], 20.00th=[   725],
     | 30.00th=[  1975], 40.00th=[  3130], 50.00th=[  4490], 60.00th=[  6259],
     | 70.00th=[ 10159], 80.00th=[ 42730], 90.00th=[131597], 95.00th=[248513],
     | 99.00th=[438305], 99.50th=[476054], 99.90th=[591397], 99.95th=[692061],
     | 99.99th=[977273]
   bw (  KiB/s): min=  297, max=2252880, per=100.00%, avg=370075.69, stdev=111106.56, samples=93596
   iops        : min=    0, max= 8340, avg=2088.75, stdev=182.68, samples=93596
  write: IOPS=1067, BW=334MiB/s (350MB/s)(2612GiB/8001458msec); 0 zone resets
    slat (nsec): min=1222, max=48927k, avg=60392.74, stdev=97490.16
    clat (nsec): min=891, max=69273M, avg=71617234.50, stdev=150641065.58
     lat (usec): min=179, max=69273k, avg=71677.63, stdev=150636.57
    clat percentiles (usec):
     |  1.00th=[    215],  5.00th=[    229], 10.00th=[    251],
     | 20.00th=[    914], 30.00th=[   2073], 40.00th=[   3556],
     | 50.00th=[   4948], 60.00th=[   6849], 70.00th=[  10683],
     | 80.00th=[ 162530], 90.00th=[ 244319], 95.00th=[ 408945],
     | 99.00th=[ 624952], 99.50th=[ 692061], 99.90th=[ 926942],
     | 99.95th=[1132463], 99.99th=[1803551]
   bw (  KiB/s): min= 1641, max=2137688, per=100.00%, avg=377314.19, stdev=112854.93, samples=89343
   iops        : min=    4, max= 4532, avg=1144.18, stdev=142.58, samples=89343
  lat (nsec)   : 1000=0.01%
  lat (usec)   : 2=0.01%, 4=0.01%, 10=0.01%, 20=0.01%, 50=0.01%
  lat (usec)   : 100=0.01%, 250=4.34%, 500=4.27%, 750=11.18%, 1000=2.31%
  lat (msec)   : 2=7.86%, 4=15.57%, 10=23.90%, 20=6.00%, 50=4.03%
  lat (msec)   : 100=4.98%, 250=9.04%, 500=5.29%, 750=1.10%, 1000=0.10%
  lat (msec)   : 2000=0.03%, >=2000=0.01%
  cpu          : usr=0.35%, sys=1.85%, ctx=20991075, majf=0, minf=165
  IO depths    : 1=0.1%, 2=0.1%, 4=0.1%, 8=0.1%, 16=21.2%, 32=78.8%, >=64=0.0%
     submit    : 0=0.0%, 4=100.0%, 8=0.0%, 16=0.0%, 32=0.0%, 64=0.0%, >=64=0.0%
     complete  : 0=0.0%, 4=100.0%, 8=0.0%, 16=0.0%, 32=0.0%, 64=0.0%, >=64=0.0%
     issued rwts: total=16385839,8542499,0,0 short=0,0,0,0 dropped=0,0,0,0
     latency   : target=0, window=0, percentile=100.00%, depth=16

Run status group 0 (all jobs):
   READ: bw=337MiB/s (354MB/s), 337MiB/s-337MiB/s (354MB/s-354MB/s), io=2636GiB (2830GB), run=8001458-8001458msec
  WRITE: bw=334MiB/s (350MB/s), 334MiB/s-334MiB/s (350MB/s-350MB/s), io=2612GiB (2804GB), run=8001458-8001458msec

randrw_4k: (groupid=0, jobs=6): err= 0: pid=28486: Sat Aug 29 03:34:19 2026
  read: IOPS=2051, BW=336MiB/s (352MB/s)(2644GiB/8061458msec)
    slat (nsec): min=1131, max=19581k, avg=25671.86, stdev=51072.73
    clat (usec): min=2, max=69709k, avg=40929.98, stdev=233473.99
     lat (usec): min=104, max=69709k, avg=40955.65, stdev=233473.70
    clat percentiles (usec):
     |  1.00th=[   139],  5.00th=[   502], 10.00th=[   545], 20.00th=[   709],
     | 30.00th=[  1926], 40.00th=[  3097], 50.00th=[  4424], 60.00th=[  6259],
     | 70.00th=[ 10159], 80.00th=[ 42730], 90.00th=[131597], 95.00th=[250610],
     | 99.00th=[438305], 99.50th=[476054], 99.90th=[591397], 99.95th=[692061],
     | 99.99th=[968885]
   bw (  KiB/s): min=  297, max=2252880, per=100.00%, avg=368206.24, stdev=110937.92, samples=94316
   iops        : min=    0, max= 8340, avg=2092.33, stdev=182.76, samples=94316
  write: IOPS=1068, BW=333MiB/s (349MB/s)(2619GiB/8061458msec); 0 zone resets
    slat (nsec): min=1222, max=48927k, avg=60067.62, stdev=97243.09
    clat (nsec): min=891, max=69273M, avg=71028885.17, stdev=150155708.66
     lat (usec): min=179, max=69273k, avg=71088.95, stdev=150151.39
    clat percentiles (usec):
     |  1.00th=[    215],  5.00th=[    229], 10.00th=[    247],
     | 20.00th=[    857], 30.00th=[   1991], 40.00th=[   3458],
     | 50.00th=[   4883], 60.00th=[   6783], 70.00th=[  10552],
     | 80.00th=[ 158335], 90.00th=[ 244319], 95.00th=[ 408945],
     | 99.00th=[ 624952], 99.50th=[ 692061], 99.90th=[ 926942],
     | 99.95th=[1132463], 99.99th=[1803551]
   bw (  KiB/s): min= 1641, max=2137688, per=100.00%, avg=375326.17, stdev=112674.23, samples=90063
   iops        : min=    4, max= 4532, avg=1144.44, stdev=142.37, samples=90063
  lat (nsec)   : 1000=0.01%
  lat (usec)   : 2=0.01%, 4=0.01%, 10=0.01%, 20=0.01%, 50=0.01%
  lat (usec)   : 100=0.01%, 250=4.52%, 500=4.39%, 750=11.41%, 1000=2.31%
  lat (msec)   : 2=7.83%, 4=15.44%, 10=23.69%, 20=5.95%, 50=4.01%
  lat (msec)   : 100=4.94%, 250=8.96%, 500=5.32%, 750=1.10%, 1000=0.10%
  lat (msec)   : 2000=0.03%, >=2000=0.01%
  cpu          : usr=0.35%, sys=1.84%, ctx=21213403, majf=0, minf=165
  IO depths    : 1=0.1%, 2=0.1%, 4=0.1%, 8=0.1%, 16=21.1%, 32=78.9%, >=64=0.0%
     submit    : 0=0.0%, 4=100.0%, 8=0.0%, 16=0.0%, 32=0.0%, 64=0.0%, >=64=0.0%
     complete  : 0=0.0%, 4=100.0%, 8=0.0%, 16=0.0%, 32=0.0%, 64=0.0%, >=64=0.0%
     issued rwts: total=16540765,8613683,0,0 short=0,0,0,0 dropped=0,0,0,0
     latency   : target=0, window=0, percentile=100.00%, depth=16

Run status group 0 (all jobs):
   READ: bw=336MiB/s (352MB/s), 336MiB/s-336MiB/s (352MB/s-352MB/s), io=2644GiB (2839GB), run=8061458-8061458msec
  WRITE: bw=333MiB/s (349MB/s), 333MiB/s-333MiB/s (349MB/s-349MB/s), io=2619GiB (2812GB), run=8061458-8061458msec

randrw_4k: (groupid=0, jobs=6): err= 0: pid=28486: Sat Aug 29 03:35:19 2026
  read: IOPS=2055, BW=334MiB/s (351MB/s)(2652GiB/8121458msec)
    slat (nsec): min=1131, max=19581k, avg=25531.04, stdev=50908.02
    clat (usec): min=2, max=69709k, avg=41134.20, stdev=232875.33
     lat (usec): min=104, max=69709k, avg=41159.73, stdev=232875.08
    clat percentiles (usec):
     |  1.00th=[   139],  5.00th=[   502], 10.00th=[   545], 20.00th=[   685],
     | 30.00th=[  1860], 40.00th=[  3064], 50.00th=[  4359], 60.00th=[  6194],
     | 70.00th=[ 10028], 80.00th=[ 42206], 90.00th=[132645], 95.00th=[254804],
     | 99.00th=[442500], 99.50th=[476054], 99.90th=[591397], 99.95th=[692061],
     | 99.99th=[968885]
   bw (  KiB/s): min=  297, max=2252880, per=100.00%, avg=366349.15, stdev=110773.33, samples=95036
   iops        : min=    0, max= 8340, avg=2095.34, stdev=182.75, samples=95036
  write: IOPS=1069, BW=331MiB/s (347MB/s)(2627GiB/8121458msec); 0 zone resets
    slat (nsec): min=1222, max=48927k, avg=59762.76, stdev=97011.01
    clat (nsec): min=891, max=69273M, avg=70469028.95, stdev=149690048.84
     lat (usec): min=179, max=69273k, avg=70528.79, stdev=149685.90
    clat percentiles (usec):
     |  1.00th=[    212],  5.00th=[    229], 10.00th=[    245],
     | 20.00th=[    791], 30.00th=[   1909], 40.00th=[   3392],
     | 50.00th=[   4883], 60.00th=[   6718], 70.00th=[  10421],
     | 80.00th=[ 154141], 90.00th=[ 244319], 95.00th=[ 404751],
     | 99.00th=[ 624952], 99.50th=[ 692061], 99.90th=[ 926942],
     | 99.95th=[1132463], 99.99th=[1803551]
   bw (  KiB/s): min= 1641, max=2137688, per=100.00%, avg=373344.56, stdev=112504.27, samples=90783
   iops        : min=    4, max= 4532, avg=1144.39, stdev=142.14, samples=90783
  lat (nsec)   : 1000=0.01%
  lat (usec)   : 2=0.01%, 4=0.01%, 10=0.01%, 20=0.01%, 50=0.01%
  lat (usec)   : 100=0.01%, 250=4.69%, 500=4.51%, 750=11.64%, 1000=2.31%
  lat (msec)   : 2=7.80%, 4=15.32%, 10=23.48%, 20=5.91%, 50=3.98%
  lat (msec)   : 100=4.90%, 250=8.88%, 500=5.36%, 750=1.09%, 1000=0.10%
  lat (msec)   : 2000=0.03%, >=2000=0.01%
  cpu          : usr=0.35%, sys=1.83%, ctx=21429014, majf=0, minf=165
  IO depths    : 1=0.1%, 2=0.1%, 4=0.1%, 8=0.1%, 16=21.0%, 32=79.0%, >=64=0.0%
     submit    : 0=0.0%, 4=100.0%, 8=0.0%, 16=0.0%, 32=0.0%, 64=0.0%, >=64=0.0%
     complete  : 0=0.0%, 4=100.0%, 8=0.0%, 16=0.0%, 32=0.0%, 64=0.0%, >=64=0.0%
     issued rwts: total=16691429,8682556,0,0 short=0,0,0,0 dropped=0,0,0,0
     latency   : target=0, window=0, percentile=100.00%, depth=16

Run status group 0 (all jobs):
   READ: bw=334MiB/s (351MB/s), 334MiB/s-334MiB/s (351MB/s-351MB/s), io=2652GiB (2847GB), run=8121458-8121458msec
  WRITE: bw=331MiB/s (347MB/s), 331MiB/s-331MiB/s (347MB/s-347MB/s), io=2627GiB (2821GB), run=8121458-8121458msec

randrw_4k: (groupid=0, jobs=6): err= 0: pid=28486: Sat Aug 29 03:36:19 2026
  read: IOPS=2058, BW=333MiB/s (349MB/s)(2659GiB/8181458msec)
    slat (nsec): min=1131, max=19581k, avg=25391.59, stdev=50743.42
    clat (usec): min=2, max=69709k, avg=41331.91, stdev=232273.53
     lat (usec): min=104, max=69709k, avg=41357.31, stdev=232273.30
    clat percentiles (usec):
     |  1.00th=[   137],  5.00th=[   498], 10.00th=[   537], 20.00th=[   668],
     | 30.00th=[  1811], 40.00th=[  2999], 50.00th=[  4359], 60.00th=[  6128],
     | 70.00th=[  9896], 80.00th=[ 42206], 90.00th=[133694], 95.00th=[256902],
     | 99.00th=[442500], 99.50th=[480248], 99.90th=[591397], 99.95th=[692061],
     | 99.99th=[968885]
   bw (  KiB/s): min=  297, max=2252880, per=100.00%, avg=364516.57, stdev=110606.69, samples=95756
   iops        : min=    0, max= 8340, avg=2098.42, stdev=182.73, samples=95756
  write: IOPS=1069, BW=330MiB/s (346MB/s)(2634GiB/8181458msec); 0 zone resets
    slat (nsec): min=1222, max=48927k, avg=59456.10, stdev=96777.05
    clat (nsec): min=891, max=69273M, avg=69916634.88, stdev=149227274.72
     lat (usec): min=179, max=69273k, avg=69976.09, stdev=149223.29
    clat percentiles (usec):
     |  1.00th=[    212],  5.00th=[    227], 10.00th=[    243],
     | 20.00th=[    734], 30.00th=[   1827], 40.00th=[   3326],
     | 50.00th=[   4817], 60.00th=[   6652], 70.00th=[  10290],
     | 80.00th=[ 147850], 90.00th=[ 242222], 95.00th=[ 404751],
     | 99.00th=[ 624952], 99.50th=[ 692061], 99.90th=[ 918553],
     | 99.95th=[1132463], 99.99th=[1786774]
   bw (  KiB/s): min= 1641, max=2137688, per=100.00%, avg=371360.42, stdev=112336.61, samples=91503
   iops        : min=    4, max= 4532, avg=1144.38, stdev=141.91, samples=91503
  lat (nsec)   : 1000=0.01%
  lat (usec)   : 2=0.01%, 4=0.01%, 10=0.01%, 20=0.01%, 50=0.01%
  lat (usec)   : 100=0.01%, 250=4.86%, 500=4.63%, 750=11.87%, 1000=2.30%
  lat (msec)   : 2=7.76%, 4=15.20%, 10=23.29%, 20=5.86%, 50=3.95%
  lat (msec)   : 100=4.87%, 250=8.81%, 500=5.39%, 750=1.09%, 1000=0.10%
  lat (msec)   : 2000=0.03%, >=2000=0.01%
  cpu          : usr=0.35%, sys=1.82%, ctx=21646093, majf=0, minf=165
  IO depths    : 1=0.1%, 2=0.1%, 4=0.1%, 8=0.1%, 16=20.9%, 32=79.1%, >=64=0.0%
     submit    : 0=0.0%, 4=100.0%, 8=0.0%, 16=0.0%, 32=0.0%, 64=0.0%, >=64=0.0%
     complete  : 0=0.0%, 4=100.0%, 8=0.0%, 16=0.0%, 32=0.0%, 64=0.0%, >=64=0.0%
     issued rwts: total=16842957,8751578,0,0 short=0,0,0,0 dropped=0,0,0,0
     latency   : target=0, window=0, percentile=100.00%, depth=16

Run status group 0 (all jobs):
   READ: bw=333MiB/s (349MB/s), 333MiB/s-333MiB/s (349MB/s-349MB/s), io=2659GiB (2856GB), run=8181458-8181458msec
  WRITE: bw=330MiB/s (346MB/s), 330MiB/s-330MiB/s (346MB/s-346MB/s), io=2634GiB (2828GB), run=8181458-8181458msec

randrw_4k: (groupid=0, jobs=6): err= 0: pid=28486: Sat Aug 29 03:37:19 2026
  read: IOPS=2061, BW=331MiB/s (347MB/s)(2667GiB/8241458msec)
    slat (nsec): min=1131, max=19581k, avg=25255.54, stdev=50582.29
    clat (usec): min=2, max=69709k, avg=41529.16, stdev=231684.73
     lat (usec): min=104, max=69709k, avg=41554.41, stdev=231684.52
    clat percentiles (usec):
     |  1.00th=[   137],  5.00th=[   498], 10.00th=[   537], 20.00th=[   652],
     | 30.00th=[  1745], 40.00th=[  2966], 50.00th=[  4293], 60.00th=[  6128],
     | 70.00th=[  9896], 80.00th=[ 41681], 90.00th=[133694], 95.00th=[261096],
     | 99.00th=[442500], 99.50th=[480248], 99.90th=[591397], 99.95th=[692061],
     | 99.99th=[968885]
   bw (  KiB/s): min=  297, max=2252880, per=100.00%, avg=362705.73, stdev=110442.29, samples=96476
   iops        : min=    0, max= 8340, avg=2101.30, stdev=182.70, samples=96476
  write: IOPS=1070, BW=328MiB/s (344MB/s)(2641GiB/8241458msec); 0 zone resets
    slat (nsec): min=1222, max=48927k, avg=59160.61, stdev=96549.63
    clat (nsec): min=891, max=69273M, avg=69376441.02, stdev=148771422.95
     lat (usec): min=179, max=69273k, avg=69435.60, stdev=148767.59
    clat percentiles (usec):
     |  1.00th=[    212],  5.00th=[    227], 10.00th=[    241],
     | 20.00th=[    668], 30.00th=[   1762], 40.00th=[   3261],
     | 50.00th=[   4752], 60.00th=[   6587], 70.00th=[  10159],
     | 80.00th=[ 143655], 90.00th=[ 242222], 95.00th=[ 404751],
     | 99.00th=[ 624952], 99.50th=[ 692061], 99.90th=[ 918553],
     | 99.95th=[1132463], 99.99th=[1786774]
   bw (  KiB/s): min= 1641, max=2137688, per=100.00%, avg=369419.19, stdev=112165.93, samples=92223
   iops        : min=    4, max= 4532, avg=1144.27, stdev=141.67, samples=92223
  lat (nsec)   : 1000=0.01%
  lat (usec)   : 2=0.01%, 4=0.01%, 10=0.01%, 20=0.01%, 50=0.01%
  lat (usec)   : 100=0.01%, 250=5.02%, 500=4.75%, 750=12.09%, 1000=2.30%
  lat (msec)   : 2=7.73%, 4=15.08%, 10=23.09%, 20=5.81%, 50=3.92%
  lat (msec)   : 100=4.83%, 250=8.74%, 500=5.42%, 750=1.09%, 1000=0.10%
  lat (msec)   : 2000=0.03%, >=2000=0.01%
  cpu          : usr=0.35%, sys=1.82%, ctx=21861153, majf=0, minf=165
  IO depths    : 1=0.1%, 2=0.1%, 4=0.1%, 8=0.1%, 16=20.7%, 32=79.3%, >=64=0.0%
     submit    : 0=0.0%, 4=100.0%, 8=0.0%, 16=0.0%, 32=0.0%, 64=0.0%, >=64=0.0%
     complete  : 0=0.0%, 4=100.0%, 8=0.0%, 16=0.0%, 32=0.0%, 64=0.0%, >=64=0.0%
     issued rwts: total=16993722,8820136,0,0 short=0,0,0,0 dropped=0,0,0,0
     latency   : target=0, window=0, percentile=100.00%, depth=16

Run status group 0 (all jobs):
   READ: bw=331MiB/s (347MB/s), 331MiB/s-331MiB/s (347MB/s-347MB/s), io=2667GiB (2864GB), run=8241458-8241458msec
  WRITE: bw=328MiB/s (344MB/s), 328MiB/s-328MiB/s (344MB/s-344MB/s), io=2641GiB (2836GB), run=8241458-8241458msec

randrw_4k: (groupid=0, jobs=6): err= 0: pid=28486: Sat Aug 29 03:38:19 2026
  read: IOPS=2065, BW=330MiB/s (346MB/s)(2675GiB/8301458msec)
    slat (nsec): min=1131, max=19581k, avg=25124.38, stdev=50425.29
    clat (usec): min=2, max=69709k, avg=41725.77, stdev=231128.67
     lat (usec): min=104, max=69709k, avg=41750.89, stdev=231128.49
    clat percentiles (usec):
     |  1.00th=[   137],  5.00th=[   498], 10.00th=[   537], 20.00th=[   635],
     | 30.00th=[  1680], 40.00th=[  2900], 50.00th=[  4228], 60.00th=[  6063],
     | 70.00th=[  9765], 80.00th=[ 41681], 90.00th=[135267], 95.00th=[263193],
     | 99.00th=[446694], 99.50th=[480248], 99.90th=[591397], 99.95th=[692061],
     | 99.99th=[968885]
   bw (  KiB/s): min=  297, max=2252880, per=100.00%, avg=360929.52, stdev=110271.23, samples=97196
   iops        : min=    0, max= 8340, avg=2104.02, stdev=182.63, samples=97196
  write: IOPS=1070, BW=327MiB/s (343MB/s)(2649GiB/8301458msec); 0 zone resets
    slat (nsec): min=1222, max=48927k, avg=58870.95, stdev=96324.49
    clat (nsec): min=891, max=69273M, avg=68849356.74, stdev=148323382.83
     lat (usec): min=179, max=69273k, avg=68908.23, stdev=148319.71
    clat percentiles (usec):
     |  1.00th=[    212],  5.00th=[    227], 10.00th=[    241],
     | 20.00th=[    603], 30.00th=[   1696], 40.00th=[   3195],
     | 50.00th=[   4686], 60.00th=[   6521], 70.00th=[  10028],
     | 80.00th=[ 139461], 90.00th=[ 242222], 95.00th=[ 400557],
     | 99.00th=[ 624952], 99.50th=[ 692061], 99.90th=[ 918553],
     | 99.95th=[1115685], 99.99th=[1786774]
   bw (  KiB/s): min= 1641, max=2137688, per=100.00%, avg=367502.39, stdev=111991.20, samples=92943
   iops        : min=    4, max= 4532, avg=1144.13, stdev=141.43, samples=92943
  lat (nsec)   : 1000=0.01%
  lat (usec)   : 2=0.01%, 4=0.01%, 10=0.01%, 20=0.01%, 50=0.01%
  lat (usec)   : 100=0.01%, 250=5.18%, 500=4.86%, 750=12.31%, 1000=2.30%
  lat (msec)   : 2=7.70%, 4=14.96%, 10=22.90%, 20=5.76%, 50=3.89%
  lat (msec)   : 100=4.79%, 250=8.66%, 500=5.45%, 750=1.09%, 1000=0.10%
  lat (msec)   : 2000=0.03%, >=2000=0.01%
  cpu          : usr=0.35%, sys=1.81%, ctx=22074714, majf=0, minf=165
  IO depths    : 1=0.1%, 2=0.1%, 4=0.1%, 8=0.1%, 16=20.6%, 32=79.4%, >=64=0.0%
     submit    : 0=0.0%, 4=100.0%, 8=0.0%, 16=0.0%, 32=0.0%, 64=0.0%, >=64=0.0%
     complete  : 0=0.0%, 4=100.0%, 8=0.0%, 16=0.0%, 32=0.0%, 64=0.0%, >=64=0.0%
     issued rwts: total=17142563,8888076,0,0 short=0,0,0,0 dropped=0,0,0,0
     latency   : target=0, window=0, percentile=100.00%, depth=16

Run status group 0 (all jobs):
   READ: bw=330MiB/s (346MB/s), 330MiB/s-330MiB/s (346MB/s-346MB/s), io=2675GiB (2872GB), run=8301458-8301458msec
  WRITE: bw=327MiB/s (343MB/s), 327MiB/s-327MiB/s (343MB/s-343MB/s), io=2649GiB (2844GB), run=8301458-8301458msec

randrw_4k: (groupid=0, jobs=6): err= 0: pid=28486: Sat Aug 29 03:39:19 2026
  read: IOPS=2067, BW=329MiB/s (344MB/s)(2683GiB/8361458msec)
    slat (nsec): min=1131, max=19581k, avg=24997.48, stdev=50272.40
    clat (usec): min=2, max=69709k, avg=41925.67, stdev=230578.04
     lat (usec): min=104, max=69709k, avg=41950.67, stdev=230577.89
    clat percentiles (usec):
     |  1.00th=[   137],  5.00th=[   494], 10.00th=[   537], 20.00th=[   627],
     | 30.00th=[  1631], 40.00th=[  2868], 50.00th=[  4228], 60.00th=[  5997],
     | 70.00th=[  9765], 80.00th=[ 41681], 90.00th=[135267], 95.00th=[267387],
     | 99.00th=[446694], 99.50th=[484443], 99.90th=[591397], 99.95th=[692061],
     | 99.99th=[968885]
   bw (  KiB/s): min=  297, max=2252880, per=100.00%, avg=359168.94, stdev=110101.38, samples=97916
   iops        : min=    0, max= 8340, avg=2106.37, stdev=182.52, samples=97916
  write: IOPS=1071, BW=325MiB/s (341MB/s)(2656GiB/8361458msec); 0 zone resets
    slat (nsec): min=1222, max=48927k, avg=58592.31, stdev=96105.11
    clat (nsec): min=891, max=69273M, avg=68335242.45, stdev=147883212.16
     lat (usec): min=179, max=69273k, avg=68393.83, stdev=147879.68
    clat percentiles (usec):
     |  1.00th=[    212],  5.00th=[    225], 10.00th=[    239],
     | 20.00th=[    545], 30.00th=[   1631], 40.00th=[   3130],
     | 50.00th=[   4621], 60.00th=[   6456], 70.00th=[   9896],
     | 80.00th=[ 135267], 90.00th=[ 242222], 95.00th=[ 400557],
     | 99.00th=[ 624952], 99.50th=[ 692061], 99.90th=[ 918553],
     | 99.95th=[1115685], 99.99th=[1786774]
   bw (  KiB/s): min= 1641, max=2137688, per=100.00%, avg=365629.27, stdev=111813.74, samples=93663
   iops        : min=    4, max= 4532, avg=1143.89, stdev=141.17, samples=93663
  lat (nsec)   : 1000=0.01%
  lat (usec)   : 2=0.01%, 4=0.01%, 10=0.01%, 20=0.01%, 50=0.01%
  lat (usec)   : 100=0.01%, 250=5.33%, 500=4.98%, 750=12.51%, 1000=2.30%
  lat (msec)   : 2=7.68%, 4=14.85%, 10=22.72%, 20=5.72%, 50=3.86%
  lat (msec)   : 100=4.76%, 250=8.60%, 500=5.48%, 750=1.08%, 1000=0.10%
  lat (msec)   : 2000=0.03%, >=2000=0.01%
  cpu          : usr=0.35%, sys=1.80%, ctx=22285121, majf=0, minf=165
  IO depths    : 1=0.1%, 2=0.1%, 4=0.1%, 8=0.1%, 16=20.5%, 32=79.5%, >=64=0.0%
     submit    : 0=0.0%, 4=100.0%, 8=0.0%, 16=0.0%, 32=0.0%, 64=0.0%, >=64=0.0%
     complete  : 0=0.0%, 4=100.0%, 8=0.0%, 16=0.0%, 32=0.0%, 64=0.0%, >=64=0.0%
     issued rwts: total=17289180,8955364,0,0 short=0,0,0,0 dropped=0,0,0,0
     latency   : target=0, window=0, percentile=100.00%, depth=16

Run status group 0 (all jobs):
   READ: bw=329MiB/s (344MB/s), 329MiB/s-329MiB/s (344MB/s-344MB/s), io=2683GiB (2880GB), run=8361458-8361458msec
  WRITE: bw=325MiB/s (341MB/s), 325MiB/s-325MiB/s (341MB/s-341MB/s), io=2656GiB (2852GB), run=8361458-8361458msec

randrw_4k: (groupid=0, jobs=6): err= 0: pid=28486: Sat Aug 29 03:40:19 2026
  read: IOPS=2077, BW=327MiB/s (343MB/s)(2691GiB/8421458msec)
    slat (nsec): min=1115, max=19581k, avg=24808.94, stdev=50054.75
    clat (usec): min=2, max=69709k, avg=41986.28, stdev=229654.14
     lat (usec): min=99, max=69709k, avg=42011.09, stdev=229654.02
    clat percentiles (usec):
     |  1.00th=[   133],  5.00th=[   490], 10.00th=[   529], 20.00th=[   611],
     | 30.00th=[  1549], 40.00th=[  2802], 50.00th=[  4146], 60.00th=[  5932],
     | 70.00th=[  9634], 80.00th=[ 41157], 90.00th=[135267], 95.00th=[270533],
     | 99.00th=[446694], 99.50th=[484443], 99.90th=[591397], 99.95th=[692061],
     | 99.99th=[960496]
   bw (  KiB/s): min=  297, max=2255424, per=100.00%, avg=357487.14, stdev=109925.35, samples=98636
   iops        : min=    0, max= 8976, avg=2115.22, stdev=185.05, samples=98636
  write: IOPS=1074, BW=324MiB/s (340MB/s)(2664GiB/8421458msec); 0 zone resets
    slat (nsec): min=1222, max=48927k, avg=58179.65, stdev=95800.37
    clat (nsec): min=891, max=69273M, avg=67652481.42, stdev=147292828.04
     lat (usec): min=179, max=69273k, avg=67710.66, stdev=147289.51
    clat percentiles (usec):
     |  1.00th=[    212],  5.00th=[    225], 10.00th=[    237],
     | 20.00th=[    469], 30.00th=[   1549], 40.00th=[   3032],
     | 50.00th=[   4555], 60.00th=[   6325], 70.00th=[   9765],
     | 80.00th=[ 130548], 90.00th=[ 240124], 95.00th=[ 396362],
     | 99.00th=[ 616563], 99.50th=[ 692061], 99.90th=[ 910164],
     | 99.95th=[1115685], 99.99th=[1786774]
   bw (  KiB/s): min= 1641, max=2139664, per=100.00%, avg=363823.49, stdev=111632.45, samples=94383
   iops        : min=    4, max= 5026, avg=1146.56, stdev=141.55, samples=94383
  lat (nsec)   : 1000=0.01%
  lat (usec)   : 2=0.01%, 4=0.01%, 10=0.01%, 20=0.01%, 50=0.01%
  lat (usec)   : 100=0.01%, 250=5.74%, 500=5.09%, 750=12.67%, 1000=2.30%
  lat (msec)   : 2=7.63%, 4=14.69%, 10=22.47%, 20=5.66%, 50=3.83%
  lat (msec)   : 100=4.72%, 250=8.51%, 500=5.50%, 750=1.08%, 1000=0.09%
  lat (msec)   : 2000=0.03%, >=2000=0.01%
  cpu          : usr=0.35%, sys=1.80%, ctx=22570800, majf=0, minf=165
  IO depths    : 1=0.1%, 2=0.1%, 4=0.1%, 8=0.1%, 16=20.3%, 32=79.6%, >=64=0.0%
     submit    : 0=0.0%, 4=100.0%, 8=0.0%, 16=0.0%, 32=0.0%, 64=0.0%, >=64=0.0%
     complete  : 0=0.0%, 4=100.0%, 8=0.0%, 16=0.0%, 32=0.0%, 64=0.0%, >=64=0.0%
     issued rwts: total=17491973,9046494,0,0 short=0,0,0,0 dropped=0,0,0,0
     latency   : target=0, window=0, percentile=100.00%, depth=16

Run status group 0 (all jobs):
   READ: bw=327MiB/s (343MB/s), 327MiB/s-327MiB/s (343MB/s-343MB/s), io=2691GiB (2889GB), run=8421458-8421458msec
  WRITE: bw=324MiB/s (340MB/s), 324MiB/s-324MiB/s (340MB/s-340MB/s), io=2664GiB (2860GB), run=8421458-8421458msec

randrw_4k: (groupid=0, jobs=6): err= 0: pid=28486: Sat Aug 29 03:41:19 2026
  read: IOPS=2094, BW=326MiB/s (342MB/s)(2699GiB/8481458msec)
    slat (nsec): min=1115, max=19581k, avg=24545.09, stdev=49758.24
    clat (usec): min=2, max=69709k, avg=41878.88, stdev=228332.28
     lat (usec): min=99, max=69709k, avg=41903.43, stdev=228332.21
    clat percentiles (usec):
     |  1.00th=[   128],  5.00th=[   482], 10.00th=[   529], 20.00th=[   603],
     | 30.00th=[  1401], 40.00th=[  2704], 50.00th=[  4047], 60.00th=[  5866],
     | 70.00th=[  9372], 80.00th=[ 39584], 90.00th=[135267], 95.00th=[270533],
     | 99.00th=[446694], 99.50th=[484443], 99.90th=[591397], 99.95th=[692061],
     | 99.99th=[960496]
   bw (  KiB/s): min=  297, max=2256048, per=100.00%, avg=355856.51, stdev=109750.66, samples=99356
   iops        : min=    0, max= 9132, avg=2132.56, stdev=190.64, samples=99356
  write: IOPS=1080, BW=323MiB/s (338MB/s)(2671GiB/8481458msec); 0 zone resets
    slat (nsec): min=1222, max=48927k, avg=57599.69, stdev=95391.79
    clat (nsec): min=891, max=69273M, avg=66765461.61, stdev=146520149.37
     lat (usec): min=176, max=69273k, avg=66823.06, stdev=146517.12
    clat percentiles (usec):
     |  1.00th=[    210],  5.00th=[    225], 10.00th=[    235],
     | 20.00th=[    392], 30.00th=[   1467], 40.00th=[   2900],
     | 50.00th=[   4424], 60.00th=[   6194], 70.00th=[   9503],
     | 80.00th=[ 121111], 90.00th=[ 240124], 95.00th=[ 396362],
     | 99.00th=[ 616563], 99.50th=[ 692061], 99.90th=[ 910164],
     | 99.95th=[1115685], 99.99th=[1769997]
   bw (  KiB/s): min= 1641, max=2139896, per=100.00%, avg=362024.68, stdev=111452.34, samples=95103
   iops        : min=    4, max= 5084, avg=1152.98, stdev=142.67, samples=95103
  lat (nsec)   : 1000=0.01%
  lat (usec)   : 2=0.01%, 4=0.01%, 10=0.01%, 20=0.01%, 50=0.01%
  lat (usec)   : 100=0.01%, 250=6.44%, 500=5.20%, 750=12.76%, 1000=2.32%
  lat (msec)   : 2=7.56%, 4=14.48%, 10=22.15%, 20=5.58%, 50=3.78%
  lat (msec)   : 100=4.66%, 250=8.39%, 500=5.50%, 750=1.06%, 1000=0.09%
  lat (msec)   : 2000=0.03%, >=2000=0.01%
  cpu          : usr=0.34%, sys=1.79%, ctx=22955477, majf=0, minf=165
  IO depths    : 1=0.1%, 2=0.1%, 4=0.1%, 8=0.1%, 16=20.1%, 32=79.9%, >=64=0.0%
     submit    : 0=0.0%, 4=100.0%, 8=0.0%, 16=0.0%, 32=0.0%, 64=0.0%, >=64=0.0%
     complete  : 0=0.0%, 4=100.0%, 8=0.0%, 16=0.0%, 32=0.0%, 64=0.0%, >=64=0.0%
     issued rwts: total=17764837,9167318,0,0 short=0,0,0,0 dropped=0,0,0,0
     latency   : target=0, window=0, percentile=100.00%, depth=16

Run status group 0 (all jobs):
   READ: bw=326MiB/s (342MB/s), 326MiB/s-326MiB/s (342MB/s-342MB/s), io=2699GiB (2898GB), run=8481458-8481458msec
  WRITE: bw=323MiB/s (338MB/s), 323MiB/s-323MiB/s (338MB/s-338MB/s), io=2671GiB (2868GB), run=8481458-8481458msec

randrw_4k: (groupid=0, jobs=6): err= 0: pid=28486: Sat Aug 29 03:42:19 2026
  read: IOPS=2110, BW=325MiB/s (340MB/s)(2707GiB/8541458msec)
    slat (nsec): min=1115, max=19581k, avg=24305.03, stdev=49484.30
    clat (usec): min=2, max=69709k, avg=41807.65, stdev=227139.96
     lat (usec): min=96, max=69709k, avg=41831.95, stdev=227139.94
    clat percentiles (usec):
     |  1.00th=[   126],  5.00th=[   474], 10.00th=[   523], 20.00th=[   594],
     | 30.00th=[  1270], 40.00th=[  2606], 50.00th=[  3982], 60.00th=[  5735],
     | 70.00th=[  9241], 80.00th=[ 38536], 90.00th=[135267], 95.00th=[274727],
     | 99.00th=[450888], 99.50th=[484443], 99.90th=[591397], 99.95th=[692061],
     | 99.99th=[960496]
   bw (  KiB/s): min=  297, max=2256584, per=100.00%, avg=354244.76, stdev=109572.64, samples=100076
   iops        : min=    0, max= 9266, avg=2147.96, stdev=194.98, samples=100076
  write: IOPS=1086, BW=321MiB/s (337MB/s)(2679GiB/8541458msec); 0 zone resets
    slat (nsec): min=1222, max=48927k, avg=57067.57, stdev=95009.08
    clat (nsec): min=891, max=69273M, avg=65941847.09, stdev=145793644.68
     lat (usec): min=176, max=69273k, avg=65998.91, stdev=145790.88
    clat percentiles (usec):
     |  1.00th=[    210],  5.00th=[    223], 10.00th=[    235],
     | 20.00th=[    363], 30.00th=[   1385], 40.00th=[   2802],
     | 50.00th=[   4359], 60.00th=[   6128], 70.00th=[   9372],
     | 80.00th=[ 111674], 90.00th=[ 238027], 95.00th=[ 392168],
     | 99.00th=[ 616563], 99.50th=[ 683672], 99.90th=[ 910164],
     | 99.95th=[1098908], 99.99th=[1769997]
   bw (  KiB/s): min= 1641, max=2140200, per=100.00%, avg=360261.69, stdev=111268.08, samples=95823
   iops        : min=    4, max= 5160, avg=1158.64, stdev=143.53, samples=95823
  lat (nsec)   : 1000=0.01%
  lat (usec)   : 2=0.01%, 4=0.01%, 10=0.01%, 20=0.01%, 50=0.01%
  lat (usec)   : 100=0.01%, 250=7.05%, 500=5.31%, 750=12.86%, 1000=2.35%
  lat (msec)   : 2=7.50%, 4=14.30%, 10=21.85%, 20=5.51%, 50=3.74%
  lat (msec)   : 100=4.60%, 250=8.28%, 500=5.49%, 750=1.05%, 1000=0.09%
  lat (msec)   : 2000=0.03%, >=2000=0.01%
  cpu          : usr=0.34%, sys=1.79%, ctx=23320343, majf=0, minf=165
  IO depths    : 1=0.1%, 2=0.1%, 4=0.1%, 8=0.1%, 16=19.9%, 32=80.1%, >=64=0.0%
     submit    : 0=0.0%, 4=100.0%, 8=0.0%, 16=0.0%, 32=0.0%, 64=0.0%, >=64=0.0%
     complete  : 0=0.0%, 4=100.0%, 8=0.0%, 16=0.0%, 32=0.0%, 64=0.0%, >=64=0.0%
     issued rwts: total=18023260,9282508,0,0 short=0,0,0,0 dropped=0,0,0,0
     latency   : target=0, window=0, percentile=100.00%, depth=16

Run status group 0 (all jobs):
   READ: bw=325MiB/s (340MB/s), 325MiB/s-325MiB/s (340MB/s-340MB/s), io=2707GiB (2907GB), run=8541458-8541458msec
  WRITE: bw=321MiB/s (337MB/s), 321MiB/s-321MiB/s (337MB/s-337MB/s), io=2679GiB (2877GB), run=8541458-8541458msec

randrw_4k: (groupid=0, jobs=6): err= 0: pid=28486: Sat Aug 29 03:43:19 2026
  read: IOPS=2123, BW=323MiB/s (339MB/s)(2715GiB/8601457msec)
    slat (nsec): min=1115, max=19581k, avg=24088.41, stdev=49232.19
    clat (usec): min=2, max=69709k, avg=41778.57, stdev=226073.89
     lat (usec): min=96, max=69709k, avg=41802.66, stdev=226073.91
    clat percentiles (usec):
     |  1.00th=[   125],  5.00th=[   461], 10.00th=[   519], 20.00th=[   586],
     | 30.00th=[  1156], 40.00th=[  2540], 50.00th=[  3884], 60.00th=[  5669],
     | 70.00th=[  9110], 80.00th=[ 38011], 90.00th=[135267], 95.00th=[274727],
     | 99.00th=[450888], 99.50th=[484443], 99.90th=[591397], 99.95th=[692061],
     | 99.99th=[960496]
   bw (  KiB/s): min=  297, max=2256584, per=100.00%, avg=352644.41, stdev=109395.62, samples=100796
   iops        : min=    0, max= 9266, avg=2161.06, stdev=198.10, samples=100796
  write: IOPS=1091, BW=320MiB/s (335MB/s)(2687GiB/8601457msec); 0 zone resets
    slat (nsec): min=1222, max=48927k, avg=56580.80, stdev=94649.73
    clat (nsec): min=891, max=69273M, avg=65186067.33, stdev=145119687.24
     lat (usec): min=176, max=69273k, avg=65242.65, stdev=145117.16
    clat percentiles (usec):
     |  1.00th=[    210],  5.00th=[    223], 10.00th=[    233],
     | 20.00th=[    338], 30.00th=[   1303], 40.00th=[   2671],
     | 50.00th=[   4228], 60.00th=[   5997], 70.00th=[   9110],
     | 80.00th=[ 103285], 90.00th=[ 238027], 95.00th=[ 387974],
     | 99.00th=[ 616563], 99.50th=[ 683672], 99.90th=[ 910164],
     | 99.95th=[1098908], 99.99th=[1753220]
   bw (  KiB/s): min= 1641, max=2140200, per=100.00%, avg=358521.62, stdev=111085.80, samples=96543
   iops        : min=    4, max= 5160, avg=1163.33, stdev=144.11, samples=96543
  lat (nsec)   : 1000=0.01%
  lat (usec)   : 2=0.01%, 4=0.01%, 10=0.01%, 20=0.01%, 50=0.01%
  lat (usec)   : 100=0.01%, 250=7.59%, 500=5.42%, 750=12.96%, 1000=2.37%
  lat (msec)   : 2=7.45%, 4=14.12%, 10=21.58%, 20=5.44%, 50=3.70%
  lat (msec)   : 100=4.54%, 250=8.18%, 500=5.50%, 750=1.05%, 1000=0.09%
  lat (msec)   : 2000=0.03%, >=2000=0.01%
  cpu          : usr=0.34%, sys=1.78%, ctx=23662034, majf=0, minf=165
  IO depths    : 1=0.1%, 2=0.1%, 4=0.1%, 8=0.1%, 16=19.7%, 32=80.3%, >=64=0.0%
     submit    : 0=0.0%, 4=100.0%, 8=0.0%, 16=0.0%, 32=0.0%, 64=0.0%, >=64=0.0%
     complete  : 0=0.0%, 4=100.0%, 8=0.0%, 16=0.0%, 32=0.0%, 64=0.0%, >=64=0.0%
     issued rwts: total=18264456,9390775,0,0 short=0,0,0,0 dropped=0,0,0,0
     latency   : target=0, window=0, percentile=100.00%, depth=16

Run status group 0 (all jobs):
   READ: bw=323MiB/s (339MB/s), 323MiB/s-323MiB/s (339MB/s-339MB/s), io=2715GiB (2915GB), run=8601457-8601457msec
  WRITE: bw=320MiB/s (335MB/s), 320MiB/s-320MiB/s (335MB/s-335MB/s), io=2687GiB (2885GB), run=8601457-8601457msec

randrw_4k: (groupid=0, jobs=6): err= 0: pid=28486: Sat Aug 29 03:44:19 2026
  read: IOPS=2135, BW=322MiB/s (338MB/s)(2723GiB/8661458msec)
    slat (nsec): min=1115, max=19581k, avg=23889.58, stdev=48997.44
    clat (usec): min=2, max=69709k, avg=41774.89, stdev=225097.72
     lat (usec): min=96, max=69709k, avg=41798.78, stdev=225097.78
    clat percentiles (usec):
     |  1.00th=[   124],  5.00th=[   453], 10.00th=[   515], 20.00th=[   578],
     | 30.00th=[  1045], 40.00th=[  2474], 50.00th=[  3818], 60.00th=[  5604],
     | 70.00th=[  8848], 80.00th=[ 36963], 90.00th=[135267], 95.00th=[278922],
     | 99.00th=[450888], 99.50th=[484443], 99.90th=[591397], 99.95th=[692061],
     | 99.99th=[952108]
   bw (  KiB/s): min=  297, max=2256584, per=100.00%, avg=351061.21, stdev=109219.22, samples=101516
   iops        : min=    0, max= 9266, avg=2172.70, stdev=200.46, samples=101516
  write: IOPS=1096, BW=319MiB/s (334MB/s)(2694GiB/8661458msec); 0 zone resets
    slat (nsec): min=1222, max=48927k, avg=56134.71, stdev=94313.78
    clat (nsec): min=891, max=69273M, avg=64481376.30, stdev=144484455.28
     lat (usec): min=176, max=69273k, avg=64537.51, stdev=144482.14
    clat percentiles (usec):
     |  1.00th=[    210],  5.00th=[    223], 10.00th=[    233],
     | 20.00th=[    302], 30.00th=[   1237], 40.00th=[   2573],
     | 50.00th=[   4178], 60.00th=[   5932], 70.00th=[   8979],
     | 80.00th=[  91751], 90.00th=[ 235930], 95.00th=[ 387974],
     | 99.00th=[ 616563], 99.50th=[ 683672], 99.90th=[ 901776],
     | 99.95th=[1098908], 99.99th=[1736442]
   bw (  KiB/s): min= 1641, max=2140200, per=100.00%, avg=356809.46, stdev=110900.49, samples=97263
   iops        : min=    4, max= 5160, avg=1167.35, stdev=144.50, samples=97263
  lat (nsec)   : 1000=0.01%
  lat (usec)   : 2=0.01%, 4=0.01%, 10=0.01%, 20=0.01%, 50=0.01%
  lat (usec)   : 100=0.01%, 250=8.05%, 500=5.53%, 750=13.06%, 1000=2.40%
  lat (msec)   : 2=7.40%, 4=13.96%, 10=21.32%, 20=5.38%, 50=3.66%
  lat (msec)   : 100=4.49%, 250=8.08%, 500=5.51%, 750=1.04%, 1000=0.09%
  lat (msec)   : 2000=0.02%, >=2000=0.01%
  cpu          : usr=0.34%, sys=1.78%, ctx=23987967, majf=0, minf=165
  IO depths    : 1=0.1%, 2=0.1%, 4=0.1%, 8=0.1%, 16=19.5%, 32=80.5%, >=64=0.0%
     submit    : 0=0.0%, 4=100.0%, 8=0.0%, 16=0.0%, 32=0.0%, 64=0.0%, >=64=0.0%
     complete  : 0=0.0%, 4=100.0%, 8=0.0%, 16=0.0%, 32=0.0%, 64=0.0%, >=64=0.0%
     issued rwts: total=18494714,9494097,0,0 short=0,0,0,0 dropped=0,0,0,0
     latency   : target=0, window=0, percentile=100.00%, depth=16

Run status group 0 (all jobs):
   READ: bw=322MiB/s (338MB/s), 322MiB/s-322MiB/s (338MB/s-338MB/s), io=2723GiB (2924GB), run=8661458-8661458msec
  WRITE: bw=319MiB/s (334MB/s), 319MiB/s-319MiB/s (334MB/s-334MB/s), io=2694GiB (2893GB), run=8661458-8661458msec

randrw_4k: (groupid=0, jobs=6): err= 0: pid=28486: Sat Aug 29 03:45:19 2026
  read: IOPS=2144, BW=321MiB/s (336MB/s)(2731GiB/8721458msec)
    slat (nsec): min=1115, max=19581k, avg=23714.84, stdev=48787.20
    clat (usec): min=2, max=69709k, avg=41811.71, stdev=224239.66
     lat (usec): min=96, max=69709k, avg=41835.43, stdev=224239.75
    clat percentiles (usec):
     |  1.00th=[   123],  5.00th=[   445], 10.00th=[   510], 20.00th=[   578],
     | 30.00th=[   955], 40.00th=[  2376], 50.00th=[  3752], 60.00th=[  5538],
     | 70.00th=[  8848], 80.00th=[ 36439], 90.00th=[135267], 95.00th=[283116],
     | 99.00th=[450888], 99.50th=[484443], 99.90th=[591397], 99.95th=[700449],
     | 99.99th=[952108]
   bw (  KiB/s): min=  297, max=2256584, per=100.00%, avg=349498.09, stdev=109037.08, samples=102236
   iops        : min=    0, max= 9266, avg=2182.13, stdev=202.02, samples=102236
  write: IOPS=1099, BW=317MiB/s (333MB/s)(2702GiB/8721458msec); 0 zone resets
    slat (nsec): min=1222, max=48927k, avg=55743.83, stdev=94012.49
    clat (nsec): min=891, max=69273M, avg=63845117.38, stdev=143906040.31
     lat (usec): min=176, max=69273k, avg=63900.86, stdev=143903.91
    clat percentiles (usec):
     |  1.00th=[    210],  5.00th=[    221], 10.00th=[    231],
     | 20.00th=[    281], 30.00th=[   1172], 40.00th=[   2474],
     | 50.00th=[   4080], 60.00th=[   5866], 70.00th=[   8848],
     | 80.00th=[  83362], 90.00th=[ 235930], 95.00th=[ 383779],
     | 99.00th=[ 616563], 99.50th=[ 683672], 99.90th=[ 901776],
     | 99.95th=[1098908], 99.99th=[1719665]
   bw (  KiB/s): min= 1641, max=2140200, per=100.00%, avg=355118.93, stdev=110710.33, samples=97983
   iops        : min=    4, max= 5160, avg=1170.33, stdev=144.67, samples=97983
  lat (nsec)   : 1000=0.01%
  lat (usec)   : 2=0.01%, 4=0.01%, 10=0.01%, 20=0.01%, 50=0.01%
  lat (usec)   : 100=0.01%, 250=8.44%, 500=5.63%, 750=13.18%, 1000=2.42%
  lat (msec)   : 2=7.36%, 4=13.82%, 10=21.09%, 20=5.32%, 50=3.63%
  lat (msec)   : 100=4.45%, 250=8.00%, 500=5.52%, 750=1.03%, 1000=0.09%
  lat (msec)   : 2000=0.02%, >=2000=0.01%
  cpu          : usr=0.34%, sys=1.77%, ctx=24289424, majf=0, minf=165
  IO depths    : 1=0.1%, 2=0.1%, 4=0.1%, 8=0.1%, 16=19.3%, 32=80.7%, >=64=0.0%
     submit    : 0=0.0%, 4=100.0%, 8=0.0%, 16=0.0%, 32=0.0%, 64=0.0%, >=64=0.0%
     complete  : 0=0.0%, 4=100.0%, 8=0.0%, 16=0.0%, 32=0.0%, 64=0.0%, >=64=0.0%
     issued rwts: total=18707137,9589271,0,0 short=0,0,0,0 dropped=0,0,0,0
     latency   : target=0, window=0, percentile=100.00%, depth=16

Run status group 0 (all jobs):
   READ: bw=321MiB/s (336MB/s), 321MiB/s-321MiB/s (336MB/s-336MB/s), io=2731GiB (2933GB), run=8721458-8721458msec
  WRITE: bw=317MiB/s (333MB/s), 317MiB/s-317MiB/s (333MB/s-333MB/s), io=2702GiB (2901GB), run=8721458-8721458msec

randrw_4k: (groupid=0, jobs=6): err= 0: pid=28486: Sat Aug 29 03:46:19 2026
  read: IOPS=2153, BW=319MiB/s (335MB/s)(2739GiB/8781458msec)
    slat (nsec): min=1115, max=19581k, avg=23552.58, stdev=48590.22
    clat (usec): min=2, max=69709k, avg=41869.51, stdev=223471.79
     lat (usec): min=96, max=69709k, avg=41893.06, stdev=223471.92
    clat percentiles (usec):
     |  1.00th=[   123],  5.00th=[   437], 10.00th=[   506], 20.00th=[   570],
     | 30.00th=[   881], 40.00th=[  2311], 50.00th=[  3687], 60.00th=[  5473],
     | 70.00th=[  8717], 80.00th=[ 35914], 90.00th=[135267], 95.00th=[283116],
     | 99.00th=[450888], 99.50th=[488637], 99.90th=[591397], 99.95th=[700449],
     | 99.99th=[952108]
   bw (  KiB/s): min=  297, max=2256584, per=100.00%, avg=347945.41, stdev=108861.83, samples=102955
   iops        : min=    0, max= 9266, avg=2190.29, stdev=203.09, samples=102955
  write: IOPS=1102, BW=316MiB/s (331MB/s)(2709GiB/8781458msec); 0 zone resets
    slat (nsec): min=1222, max=48927k, avg=55383.92, stdev=93729.07
    clat (nsec): min=891, max=69273M, avg=63249919.88, stdev=143360087.20
     lat (usec): min=176, max=69273k, avg=63305.30, stdev=143358.13
    clat percentiles (usec):
     |  1.00th=[    208],  5.00th=[    221], 10.00th=[    231],
     | 20.00th=[    273], 30.00th=[   1106], 40.00th=[   2376],
     | 50.00th=[   4015], 60.00th=[   5735], 70.00th=[   8717],
     | 80.00th=[  77071], 90.00th=[ 233833], 95.00th=[ 383779],
     | 99.00th=[ 616563], 99.50th=[ 683672], 99.90th=[ 901776],
     | 99.95th=[1098908], 99.99th=[1719665]
   bw (  KiB/s): min= 1641, max=2140200, per=100.00%, avg=353481.32, stdev=110522.58, samples=98702
   iops        : min=    4, max= 5160, avg=1172.76, stdev=144.72, samples=98702
  lat (nsec)   : 1000=0.01%
  lat (usec)   : 2=0.01%, 4=0.01%, 10=0.01%, 20=0.01%, 50=0.01%
  lat (usec)   : 100=0.01%, 250=8.78%, 500=5.73%, 750=13.29%, 1000=2.44%
  lat (msec)   : 2=7.32%, 4=13.69%, 10=20.88%, 20=5.27%, 50=3.59%
  lat (msec)   : 100=4.41%, 250=7.92%, 500=5.53%, 750=1.03%, 1000=0.09%
  lat (msec)   : 2000=0.02%, >=2000=0.01%
  cpu          : usr=0.34%, sys=1.77%, ctx=24576636, majf=0, minf=165
  IO depths    : 1=0.1%, 2=0.1%, 4=0.1%, 8=0.1%, 16=19.2%, 32=80.8%, >=64=0.0%
     submit    : 0=0.0%, 4=100.0%, 8=0.0%, 16=0.0%, 32=0.0%, 64=0.0%, >=64=0.0%
     complete  : 0=0.0%, 4=100.0%, 8=0.0%, 16=0.0%, 32=0.0%, 64=0.0%, >=64=0.0%
     issued rwts: total=18909585,9680073,0,0 short=0,0,0,0 dropped=0,0,0,0
     latency   : target=0, window=0, percentile=100.00%, depth=16

Run status group 0 (all jobs):
   READ: bw=319MiB/s (335MB/s), 319MiB/s-319MiB/s (335MB/s-335MB/s), io=2739GiB (2941GB), run=8781458-8781458msec
  WRITE: bw=316MiB/s (331MB/s), 316MiB/s-316MiB/s (331MB/s-331MB/s), io=2709GiB (2909GB), run=8781458-8781458msec

randrw_4k: (groupid=0, jobs=6): err= 0: pid=28486: Sat Aug 29 03:47:19 2026
  read: IOPS=2160, BW=318MiB/s (334MB/s)(2747GiB/8841458msec)
    slat (nsec): min=1115, max=19581k, avg=23403.89, stdev=48407.06
    clat (usec): min=2, max=69709k, avg=41949.24, stdev=222778.24
     lat (usec): min=96, max=69709k, avg=41972.65, stdev=222778.40
    clat percentiles (usec):
     |  1.00th=[   122],  5.00th=[   429], 10.00th=[   506], 20.00th=[   570],
     | 30.00th=[   832], 40.00th=[  2278], 50.00th=[  3654], 60.00th=[  5407],
     | 70.00th=[  8586], 80.00th=[ 35390], 90.00th=[135267], 95.00th=[287310],
     | 99.00th=[455082], 99.50th=[488637], 99.90th=[591397], 99.95th=[700449],
     | 99.99th=[952108]
   bw (  KiB/s): min=  297, max=2256584, per=100.00%, avg=346401.86, stdev=108683.12, samples=103675
   iops        : min=    0, max= 9266, avg=2197.11, stdev=203.79, samples=103675
  write: IOPS=1104, BW=315MiB/s (330MB/s)(2717GiB/8841458msec); 0 zone resets
    slat (nsec): min=1222, max=48927k, avg=55047.33, stdev=93461.72
    clat (nsec): min=891, max=69273M, avg=62691297.36, stdev=142843143.43
     lat (usec): min=176, max=69273k, avg=62746.34, stdev=142841.35
    clat percentiles (usec):
     |  1.00th=[    208],  5.00th=[    221], 10.00th=[    231],
     | 20.00th=[    265], 30.00th=[   1057], 40.00th=[   2311],
     | 50.00th=[   3949], 60.00th=[   5669], 70.00th=[   8586],
     | 80.00th=[  66847], 90.00th=[ 231736], 95.00th=[ 379585],
     | 99.00th=[ 608175], 99.50th=[ 683672], 99.90th=[ 901776],
     | 99.95th=[1098908], 99.99th=[1702888]
   bw (  KiB/s): min= 1641, max=2140200, per=100.00%, avg=351818.78, stdev=110340.36, samples=99422
   iops        : min=    4, max= 5160, avg=1174.65, stdev=144.69, samples=99422
  lat (nsec)   : 1000=0.01%
  lat (usec)   : 2=0.01%, 4=0.01%, 10=0.01%, 20=0.01%, 50=0.01%
  lat (usec)   : 100=0.01%, 250=9.08%, 500=5.83%, 750=13.42%, 1000=2.47%
  lat (msec)   : 2=7.29%, 4=13.56%, 10=20.68%, 20=5.22%, 50=3.56%
  lat (msec)   : 100=4.37%, 250=7.84%, 500=5.54%, 750=1.02%, 1000=0.09%
  lat (msec)   : 2000=0.02%, >=2000=0.01%
  cpu          : usr=0.34%, sys=1.76%, ctx=24849655, majf=0, minf=165
  IO depths    : 1=0.1%, 2=0.1%, 4=0.1%, 8=0.1%, 16=19.1%, 32=80.9%, >=64=0.0%
     submit    : 0=0.0%, 4=100.0%, 8=0.0%, 16=0.0%, 32=0.0%, 64=0.0%, >=64=0.0%
     complete  : 0=0.0%, 4=100.0%, 8=0.0%, 16=0.0%, 32=0.0%, 64=0.0%, >=64=0.0%
     issued rwts: total=19101963,9766932,0,0 short=0,0,0,0 dropped=0,0,0,0
     latency   : target=0, window=0, percentile=100.00%, depth=16

Run status group 0 (all jobs):
   READ: bw=318MiB/s (334MB/s), 318MiB/s-318MiB/s (334MB/s-334MB/s), io=2747GiB (2949GB), run=8841458-8841458msec
  WRITE: bw=315MiB/s (330MB/s), 315MiB/s-315MiB/s (330MB/s-330MB/s), io=2717GiB (2917GB), run=8841458-8841458msec

randrw_4k: (groupid=0, jobs=6): err= 0: pid=28486: Sat Aug 29 03:48:19 2026
  read: IOPS=2166, BW=317MiB/s (332MB/s)(2755GiB/8901458msec)
    slat (nsec): min=1115, max=19581k, avg=23268.97, stdev=48237.55
    clat (usec): min=2, max=69709k, avg=42041.46, stdev=222099.92
     lat (usec): min=96, max=69709k, avg=42064.73, stdev=222100.10
    clat percentiles (usec):
     |  1.00th=[   122],  5.00th=[   416], 10.00th=[   502], 20.00th=[   570],
     | 30.00th=[   799], 40.00th=[  2212], 50.00th=[  3589], 60.00th=[  5342],
     | 70.00th=[  8586], 80.00th=[ 34866], 90.00th=[135267], 95.00th=[291505],
     | 99.00th=[455082], 99.50th=[488637], 99.90th=[591397], 99.95th=[700449],
     | 99.99th=[960496]
   bw (  KiB/s): min=  297, max=2256584, per=100.00%, avg=344931.28, stdev=108497.75, samples=104394
   iops        : min=    0, max= 9266, avg=2203.00, stdev=204.27, samples=104394
  write: IOPS=1106, BW=313MiB/s (329MB/s)(2725GiB/8901458msec); 0 zone resets
    slat (nsec): min=1222, max=48927k, avg=54744.41, stdev=93213.61
    clat (nsec): min=891, max=69273M, avg=62168902.52, stdev=142353395.59
     lat (usec): min=176, max=69273k, avg=62223.65, stdev=142351.74
    clat percentiles (usec):
     |  1.00th=[    208],  5.00th=[    221], 10.00th=[    229],
     | 20.00th=[    262], 30.00th=[    996], 40.00th=[   2212],
     | 50.00th=[   3884], 60.00th=[   5604], 70.00th=[   8455],
     | 80.00th=[  58983], 90.00th=[ 229639], 95.00th=[ 379585],
     | 99.00th=[ 608175], 99.50th=[ 683672], 99.90th=[ 893387],
     | 99.95th=[1082131], 99.99th=[1702888]
   bw (  KiB/s): min= 1641, max=2140200, per=100.00%, avg=350260.29, stdev=110144.13, samples=100141
   iops        : min=    4, max= 5160, avg=1176.16, stdev=144.59, samples=100141
  lat (nsec)   : 1000=0.01%
  lat (usec)   : 2=0.01%, 4=0.01%, 10=0.01%, 20=0.01%, 50=0.01%
  lat (usec)   : 100=0.01%, 250=9.33%, 500=5.92%, 750=13.52%, 1000=2.49%
  lat (msec)   : 2=7.26%, 4=13.45%, 10=20.50%, 20=5.18%, 50=3.54%
  lat (msec)   : 100=4.34%, 250=7.78%, 500=5.56%, 750=1.02%, 1000=0.09%
  lat (msec)   : 2000=0.02%, >=2000=0.01%
  cpu          : usr=0.34%, sys=1.76%, ctx=25111755, majf=0, minf=165
  IO depths    : 1=0.1%, 2=0.1%, 4=0.1%, 8=0.1%, 16=18.9%, 32=81.1%, >=64=0.0%
     submit    : 0=0.0%, 4=100.0%, 8=0.0%, 16=0.0%, 32=0.0%, 64=0.0%, >=64=0.0%
     complete  : 0=0.0%, 4=100.0%, 8=0.0%, 16=0.0%, 32=0.0%, 64=0.0%, >=64=0.0%
     issued rwts: total=19285977,9850343,0,0 short=0,0,0,0 dropped=0,0,0,0
     latency   : target=0, window=0, percentile=100.00%, depth=16

Run status group 0 (all jobs):
   READ: bw=317MiB/s (332MB/s), 317MiB/s-317MiB/s (332MB/s-332MB/s), io=2755GiB (2958GB), run=8901458-8901458msec
  WRITE: bw=313MiB/s (329MB/s), 313MiB/s-313MiB/s (329MB/s-329MB/s), io=2725GiB (2925GB), run=8901458-8901458msec

randrw_4k: (groupid=0, jobs=6): err= 0: pid=28486: Sat Aug 29 03:49:19 2026
  read: IOPS=2172, BW=316MiB/s (331MB/s)(2763GiB/8961458msec)
    slat (nsec): min=1115, max=19581k, avg=23135.31, stdev=48069.62
    clat (usec): min=2, max=69709k, avg=42138.52, stdev=221469.22
     lat (usec): min=96, max=69709k, avg=42161.66, stdev=221469.43
    clat percentiles (usec):
     |  1.00th=[   122],  5.00th=[   343], 10.00th=[   502], 20.00th=[   562],
     | 30.00th=[   766], 40.00th=[  2147], 50.00th=[  3556], 60.00th=[  5276],
     | 70.00th=[  8455], 80.00th=[ 34341], 90.00th=[135267], 95.00th=[291505],
     | 99.00th=[455082], 99.50th=[488637], 99.90th=[591397], 99.95th=[700449],
     | 99.99th=[960496]
   bw (  KiB/s): min=  297, max=2256584, per=100.00%, avg=343427.07, stdev=108318.48, samples=105114
   iops        : min=    0, max= 9266, avg=2208.58, stdev=204.64, samples=105114
  write: IOPS=1108, BW=312MiB/s (327MB/s)(2732GiB/8961458msec); 0 zone resets
    slat (nsec): min=1222, max=48927k, avg=54441.37, stdev=92966.03
    clat (nsec): min=891, max=69273M, avg=61656192.63, stdev=141872160.44
     lat (usec): min=176, max=69273k, avg=61710.63, stdev=141870.64
    clat percentiles (usec):
     |  1.00th=[    208],  5.00th=[    221], 10.00th=[    229],
     | 20.00th=[    258], 30.00th=[    938], 40.00th=[   2147],
     | 50.00th=[   3818], 60.00th=[   5538], 70.00th=[   8455],
     | 80.00th=[  55313], 90.00th=[ 229639], 95.00th=[ 375391],
     | 99.00th=[ 608175], 99.50th=[ 683672], 99.90th=[ 893387],
     | 99.95th=[1082131], 99.99th=[1686111]
   bw (  KiB/s): min= 1641, max=2140200, per=100.00%, avg=348651.38, stdev=109955.13, samples=100861
   iops        : min=    4, max= 5160, avg=1177.50, stdev=144.47, samples=100861
  lat (nsec)   : 1000=0.01%
  lat (usec)   : 2=0.01%, 4=0.01%, 10=0.01%, 20=0.01%, 50=0.01%
  lat (usec)   : 100=0.01%, 250=9.56%, 500=6.02%, 750=13.65%, 1000=2.51%
  lat (msec)   : 2=7.23%, 4=13.34%, 10=20.32%, 20=5.13%, 50=3.51%
  lat (msec)   : 100=4.31%, 250=7.71%, 500=5.57%, 750=1.01%, 1000=0.09%
  lat (msec)   : 2000=0.02%, >=2000=0.01%
  cpu          : usr=0.34%, sys=1.75%, ctx=25371735, majf=0, minf=165
  IO depths    : 1=0.1%, 2=0.1%, 4=0.1%, 8=0.1%, 16=18.8%, 32=81.2%, >=64=0.0%
     submit    : 0=0.0%, 4=100.0%, 8=0.0%, 16=0.0%, 32=0.0%, 64=0.0%, >=64=0.0%
     complete  : 0=0.0%, 4=100.0%, 8=0.0%, 16=0.0%, 32=0.0%, 64=0.0%, >=64=0.0%
     issued rwts: total=19468388,9932783,0,0 short=0,0,0,0 dropped=0,0,0,0
     latency   : target=0, window=0, percentile=100.00%, depth=16

Run status group 0 (all jobs):
   READ: bw=316MiB/s (331MB/s), 316MiB/s-316MiB/s (331MB/s-331MB/s), io=2763GiB (2966GB), run=8961458-8961458msec
  WRITE: bw=312MiB/s (327MB/s), 312MiB/s-312MiB/s (327MB/s-327MB/s), io=2732GiB (2933GB), run=8961458-8961458msec

randrw_4k: (groupid=0, jobs=6): err= 0: pid=28486: Sat Aug 29 03:50:19 2026
  read: IOPS=2177, BW=314MiB/s (330MB/s)(2771GiB/9021458msec)
    slat (nsec): min=1115, max=19581k, avg=23012.22, stdev=47913.28
    clat (usec): min=2, max=69709k, avg=42250.92, stdev=220895.56
     lat (usec): min=96, max=69709k, avg=42273.93, stdev=220895.80
    clat percentiles (usec):
     |  1.00th=[   122],  5.00th=[   221], 10.00th=[   498], 20.00th=[   562],
     | 30.00th=[   750], 40.00th=[  2089], 50.00th=[  3490], 60.00th=[  5211],
     | 70.00th=[  8356], 80.00th=[ 34341], 90.00th=[135267], 95.00th=[295699],
     | 99.00th=[455082], 99.50th=[488637], 99.90th=[591397], 99.95th=[700449],
     | 99.99th=[960496]
   bw (  KiB/s): min=  297, max=2256584, per=100.00%, avg=341956.34, stdev=108136.15, samples=105834
   iops        : min=    0, max= 9266, avg=2213.19, stdev=204.79, samples=105834
  write: IOPS=1109, BW=311MiB/s (326MB/s)(2739GiB/9021458msec); 0 zone resets
    slat (nsec): min=1222, max=48927k, avg=54161.46, stdev=92734.57
    clat (nsec): min=891, max=69273M, avg=61172478.10, stdev=141414876.05
     lat (usec): min=176, max=69273k, avg=61226.64, stdev=141413.49
    clat percentiles (usec):
     |  1.00th=[    208],  5.00th=[    221], 10.00th=[    229],
     | 20.00th=[    255], 30.00th=[    881], 40.00th=[   2057],
     | 50.00th=[   3752], 60.00th=[   5473], 70.00th=[   8291],
     | 80.00th=[  52167], 90.00th=[ 227541], 95.00th=[ 375391],
     | 99.00th=[ 608175], 99.50th=[ 675283], 99.90th=[ 893387],
     | 99.95th=[1082131], 99.99th=[1686111]
   bw (  KiB/s): min= 1641, max=2140200, per=100.00%, avg=347055.72, stdev=109765.42, samples=101581
   iops        : min=    4, max= 5160, avg=1178.42, stdev=144.29, samples=101581
  lat (nsec)   : 1000=0.01%
  lat (usec)   : 2=0.01%, 4=0.01%, 10=0.01%, 20=0.01%, 50=0.01%
  lat (usec)   : 100=0.01%, 250=9.76%, 500=6.12%, 750=13.78%, 1000=2.54%
  lat (msec)   : 2=7.20%, 4=13.23%, 10=20.15%, 20=5.09%, 50=3.48%
  lat (msec)   : 100=4.28%, 250=7.65%, 500=5.60%, 750=1.01%, 1000=0.09%
  lat (msec)   : 2000=0.02%, >=2000=0.01%
  cpu          : usr=0.34%, sys=1.75%, ctx=25620648, majf=0, minf=165
  IO depths    : 1=0.1%, 2=0.1%, 4=0.1%, 8=0.1%, 16=18.7%, 32=81.3%, >=64=0.0%
     submit    : 0=0.0%, 4=100.0%, 8=0.0%, 16=0.0%, 32=0.0%, 64=0.0%, >=64=0.0%
     complete  : 0=0.0%, 4=100.0%, 8=0.0%, 16=0.0%, 32=0.0%, 64=0.0%, >=64=0.0%
     issued rwts: total=19642958,10011844,0,0 short=0,0,0,0 dropped=0,0,0,0
     latency   : target=0, window=0, percentile=100.00%, depth=16

Run status group 0 (all jobs):
   READ: bw=314MiB/s (330MB/s), 314MiB/s-314MiB/s (330MB/s-330MB/s), io=2771GiB (2975GB), run=9021458-9021458msec
  WRITE: bw=311MiB/s (326MB/s), 311MiB/s-311MiB/s (326MB/s-326MB/s), io=2739GiB (2941GB), run=9021458-9021458msec

fio: terminating on signal 15

fio: terminating on signal 15

fio: terminating on signal 15

fio: terminating on signal 15

fio: terminating on signal 15

fio: terminating on signal 15

fio: terminating on signal 15

randrw_4k: (groupid=0, jobs=6): err= 0: pid=28486: Sat Aug 29 03:50:28 2026
  read: IOPS=2177, BW=314MiB/s (330MB/s)(2772GiB/9030485msec)
    slat (nsec): min=1115, max=19581k, avg=22995.03, stdev=47891.26
    clat (usec): min=2, max=69709k, avg=42272.31, stdev=220821.20
     lat (usec): min=96, max=69709k, avg=42295.31, stdev=220821.44
    clat percentiles (usec):
     |  1.00th=[   122],  5.00th=[   212], 10.00th=[   498], 20.00th=[   562],
     | 30.00th=[   750], 40.00th=[  2089], 50.00th=[  3490], 60.00th=[  5211],
     | 70.00th=[  8356], 80.00th=[ 33817], 90.00th=[135267], 95.00th=[295699],
     | 99.00th=[455082], 99.50th=[488637], 99.90th=[591397], 99.95th=[700449],
     | 99.99th=[960496]
   bw (  KiB/s): min=  297, max=2256584, per=100.00%, avg=341733.46, stdev=108109.58, samples=105942
   iops        : min=    0, max= 9266, avg=2213.82, stdev=204.80, samples=105942
  write: IOPS=1109, BW=311MiB/s (326MB/s)(2740GiB/9030485msec); 0 zone resets
    slat (nsec): min=1222, max=48927k, avg=54123.73, stdev=92702.51
    clat (nsec): min=891, max=69273M, avg=61106011.33, stdev=141351796.15
     lat (usec): min=176, max=69273k, avg=61160.14, stdev=141350.43
    clat percentiles (usec):
     |  1.00th=[    208],  5.00th=[    221], 10.00th=[    229],
     | 20.00th=[    255], 30.00th=[    873], 40.00th=[   2057],
     | 50.00th=[   3752], 60.00th=[   5473], 70.00th=[   8291],
     | 80.00th=[  51643], 90.00th=[ 227541], 95.00th=[ 375391],
     | 99.00th=[ 608175], 99.50th=[ 675283], 99.90th=[ 893387],
     | 99.95th=[1082131], 99.99th=[1686111]
   bw (  KiB/s): min= 1641, max=2140200, per=100.00%, avg=346824.94, stdev=109736.54, samples=101689
   iops        : min=    4, max= 5160, avg=1178.52, stdev=144.26, samples=101689
  lat (nsec)   : 1000=0.01%
  lat (usec)   : 2=0.01%, 4=0.01%, 10=0.01%, 20=0.01%, 50=0.01%
  lat (usec)   : 100=0.01%, 250=9.79%, 500=6.14%, 750=13.80%, 1000=2.54%
  lat (msec)   : 2=7.20%, 4=13.22%, 10=20.12%, 20=5.09%, 50=3.48%
  lat (msec)   : 100=4.27%, 250=7.64%, 500=5.60%, 750=1.01%, 1000=0.09%
  lat (msec)   : 2000=0.02%, >=2000=0.01%
  cpu          : usr=0.34%, sys=1.75%, ctx=25655652, majf=1, minf=253
  IO depths    : 1=0.1%, 2=0.1%, 4=0.1%, 8=0.1%, 16=18.7%, 32=81.3%, >=64=0.0%
     submit    : 0=0.0%, 4=100.0%, 8=0.0%, 16=0.0%, 32=0.0%, 64=0.0%, >=64=0.0%
     complete  : 0=0.0%, 4=100.0%, 8=0.0%, 16=0.1%, 32=0.1%, 64=0.0%, >=64=0.0%
     issued rwts: total=19667488,10022804,0,0 short=0,0,0,0 dropped=0,0,0,0
     latency   : target=0, window=0, percentile=100.00%, depth=16

Run status group 0 (all jobs):
   READ: bw=314MiB/s (330MB/s), 314MiB/s-314MiB/s (330MB/s-330MB/s), io=2772GiB (2976GB), run=9030485-9030485msec
  WRITE: bw=311MiB/s (326MB/s), 311MiB/s-311MiB/s (326MB/s-326MB/s), io=2740GiB (2943GB), run=9030485-9030485msec
